date,num1,num2,num3,num4,num5,powerball,powerplay,era,odd_count,sum,range,consec_pairs,n_decades,repeats_from_prev
1992-04-22,2,25,35,41,42,15,,A: 1992-1997 (5/45+1/45),3,145,40,1,4,
1992-04-25,6,9,22,42,44,12,,A: 1992-1997 (5/45+1/45),1,123,38,0,3,1.0
1992-04-29,1,8,10,28,35,10,,A: 1992-1997 (5/45+1/45),2,82,34,0,3,0.0
1992-05-02,14,23,31,32,41,33,,A: 1992-1997 (5/45+1/45),3,141,27,1,4,0.0
1992-05-06,27,29,30,36,43,4,,A: 1992-1997 (5/45+1/45),3,165,16,1,3,0.0
1992-05-09,1,12,16,23,31,33,,A: 1992-1997 (5/45+1/45),3,83,30,0,4,0.0
1992-05-13,3,6,13,33,43,37,,A: 1992-1997 (5/45+1/45),4,98,40,0,4,0.0
1992-05-16,2,9,19,28,30,38,,A: 1992-1997 (5/45+1/45),2,88,28,0,3,0.0
1992-05-20,3,11,16,30,34,45,,A: 1992-1997 (5/45+1/45),2,94,31,0,4,1.0
1992-05-23,23,27,28,36,44,26,,A: 1992-1997 (5/45+1/45),2,158,21,1,3,0.0
1992-05-27,30,32,41,42,44,6,,A: 1992-1997 (5/45+1/45),1,189,14,1,3,1.0
1992-05-30,4,8,17,19,45,9,,A: 1992-1997 (5/45+1/45),3,93,41,0,3,0.0
1992-06-03,1,2,11,19,30,15,,A: 1992-1997 (5/45+1/45),3,63,29,1,3,1.0
1992-06-06,2,6,9,10,42,20,,A: 1992-1997 (5/45+1/45),1,69,40,1,2,1.0
1992-06-10,1,8,24,30,36,28,,A: 1992-1997 (5/45+1/45),1,99,35,0,3,0.0
1992-06-13,13,27,29,42,43,41,,A: 1992-1997 (5/45+1/45),4,154,30,1,3,0.0
1992-06-17,1,9,14,26,32,13,,A: 1992-1997 (5/45+1/45),2,82,31,0,4,0.0
1992-06-20,7,11,15,21,35,12,,A: 1992-1997 (5/45+1/45),5,89,28,0,4,0.0
1992-06-24,9,10,19,36,40,39,,A: 1992-1997 (5/45+1/45),2,114,31,1,3,0.0
1992-06-27,17,23,24,31,35,25,,A: 1992-1997 (5/45+1/45),4,130,18,1,3,0.0
1992-07-01,10,24,31,33,45,30,,A: 1992-1997 (5/45+1/45),3,143,35,0,4,2.0
1992-07-04,5,7,15,22,45,31,,A: 1992-1997 (5/45+1/45),4,94,40,0,4,1.0
1992-07-08,9,25,28,35,43,13,,A: 1992-1997 (5/45+1/45),4,140,34,0,4,0.0
1992-07-11,9,11,24,28,44,20,,A: 1992-1997 (5/45+1/45),2,116,35,0,4,2.0
1992-07-15,12,18,24,30,36,32,,A: 1992-1997 (5/45+1/45),0,120,24,0,3,1.0
1992-07-18,2,5,18,19,35,40,,A: 1992-1997 (5/45+1/45),3,79,33,1,3,1.0
1992-07-22,4,16,18,19,36,3,,A: 1992-1997 (5/45+1/45),1,93,32,1,3,2.0
1992-07-25,15,21,27,32,37,37,,A: 1992-1997 (5/45+1/45),4,132,22,0,3,0.0
1992-07-29,1,12,29,35,42,29,,A: 1992-1997 (5/45+1/45),3,119,41,0,5,0.0
1992-08-01,10,15,17,20,28,29,,A: 1992-1997 (5/45+1/45),2,90,18,0,3,0.0
1992-08-05,8,15,21,26,38,6,,A: 1992-1997 (5/45+1/45),2,108,30,0,4,1.0
1992-08-08,5,14,19,26,30,27,,A: 1992-1997 (5/45+1/45),2,94,25,0,3,1.0
1992-08-12,2,3,6,11,23,33,,A: 1992-1997 (5/45+1/45),3,45,21,1,3,0.0
1992-08-15,7,16,17,42,45,12,,A: 1992-1997 (5/45+1/45),3,127,38,1,3,0.0
1992-08-19,2,5,9,11,17,41,,A: 1992-1997 (5/45+1/45),4,44,15,0,2,1.0
1992-08-22,4,36,40,43,44,43,,A: 1992-1997 (5/45+1/45),1,167,40,1,3,0.0
1992-08-26,6,7,25,33,36,1,,A: 1992-1997 (5/45+1/45),3,107,30,1,3,1.0
1992-08-29,14,17,30,32,41,27,,A: 1992-1997 (5/45+1/45),2,134,27,0,4,0.0
1992-09-02,3,9,16,24,34,5,,A: 1992-1997 (5/45+1/45),2,86,31,0,4,0.0
1992-09-05,3,4,23,24,34,6,,A: 1992-1997 (5/45+1/45),2,88,31,2,3,3.0
1992-09-09,12,17,27,33,37,37,,A: 1992-1997 (5/45+1/45),4,126,25,0,3,0.0
1992-09-12,10,20,22,26,34,35,,A: 1992-1997 (5/45+1/45),0,112,24,0,4,0.0
1992-09-16,9,13,25,33,34,20,,A: 1992-1997 (5/45+1/45),4,114,25,1,4,1.0
1992-09-19,17,19,21,29,36,45,,A: 1992-1997 (5/45+1/45),4,122,19,0,3,0.0
1992-09-23,12,18,20,26,40,11,,A: 1992-1997 (5/45+1/45),0,116,28,0,3,0.0
1992-09-26,17,24,40,44,45,14,,A: 1992-1997 (5/45+1/45),2,170,28,1,4,1.0
1992-09-30,2,9,22,23,24,6,,A: 1992-1997 (5/45+1/45),2,80,22,2,2,1.0
1992-10-03,18,36,39,40,43,5,,A: 1992-1997 (5/45+1/45),2,176,25,1,3,0.0
1992-10-07,9,10,20,31,34,10,,A: 1992-1997 (5/45+1/45),2,104,25,1,3,0.0
1992-10-10,3,8,23,26,35,34,,A: 1992-1997 (5/45+1/45),3,95,32,0,3,0.0
1992-10-14,18,20,23,34,40,2,,A: 1992-1997 (5/45+1/45),1,135,22,0,3,1.0
1992-10-17,5,13,22,28,29,12,,A: 1992-1997 (5/45+1/45),3,97,24,1,3,0.0
1992-10-21,6,23,26,28,29,36,,A: 1992-1997 (5/45+1/45),2,112,23,1,2,2.0
1992-10-24,3,16,24,31,35,16,,A: 1992-1997 (5/45+1/45),3,109,32,0,4,0.0
1992-10-28,1,4,10,18,36,28,,A: 1992-1997 (5/45+1/45),1,69,35,0,3,0.0
1992-10-31,9,15,17,26,43,22,,A: 1992-1997 (5/45+1/45),4,110,34,0,4,0.0
1992-11-04,6,8,9,22,30,36,,A: 1992-1997 (5/45+1/45),1,75,24,1,2,1.0
1992-11-07,2,3,22,39,42,21,,A: 1992-1997 (5/45+1/45),2,108,40,1,4,1.0
1992-11-11,4,31,34,38,44,39,,A: 1992-1997 (5/45+1/45),1,151,40,0,3,0.0
1992-11-14,16,21,24,36,43,19,,A: 1992-1997 (5/45+1/45),2,140,27,0,4,0.0
1992-11-18,15,27,31,35,45,7,,A: 1992-1997 (5/45+1/45),5,153,30,0,4,0.0
1992-11-21,2,28,36,44,45,17,,A: 1992-1997 (5/45+1/45),1,155,43,1,4,1.0
1992-11-25,10,12,14,20,26,35,,A: 1992-1997 (5/45+1/45),0,82,16,0,3,0.0
1992-11-28,11,15,35,39,40,23,,A: 1992-1997 (5/45+1/45),4,140,29,1,2,0.0
1992-12-02,1,4,26,35,42,28,,A: 1992-1997 (5/45+1/45),2,108,41,0,4,1.0
1992-12-05,9,17,19,40,41,31,,A: 1992-1997 (5/45+1/45),4,126,32,1,4,0.0
1992-12-09,6,17,22,27,34,22,,A: 1992-1997 (5/45+1/45),2,106,28,0,4,1.0
1992-12-12,9,28,40,42,44,12,,A: 1992-1997 (5/45+1/45),1,163,35,0,4,0.0
1992-12-16,4,7,11,25,40,24,,A: 1992-1997 (5/45+1/45),3,87,36,0,4,1.0
1992-12-19,11,16,32,37,39,27,,A: 1992-1997 (5/45+1/45),3,135,28,0,2,1.0
1992-12-23,7,12,21,25,31,11,,A: 1992-1997 (5/45+1/45),4,96,24,0,4,0.0
1992-12-26,6,12,17,18,42,17,,A: 1992-1997 (5/45+1/45),1,95,36,1,3,1.0
1992-12-30,1,11,18,30,41,12,,A: 1992-1997 (5/45+1/45),3,101,40,0,4,1.0
1993-01-02,9,12,20,27,35,20,,A: 1992-1997 (5/45+1/45),3,103,26,0,4,0.0
1993-01-06,14,20,25,34,42,16,,A: 1992-1997 (5/45+1/45),1,135,28,0,4,1.0
1993-01-09,5,10,38,40,43,10,,A: 1992-1997 (5/45+1/45),2,136,38,0,3,0.0
1993-01-13,2,3,11,37,45,29,,A: 1992-1997 (5/45+1/45),4,98,43,1,4,0.0
1993-01-16,5,7,8,25,28,13,,A: 1992-1997 (5/45+1/45),3,73,23,1,2,0.0
1993-01-20,8,27,31,33,42,20,,A: 1992-1997 (5/45+1/45),3,141,34,0,4,1.0
1993-01-23,8,12,15,30,33,9,,A: 1992-1997 (5/45+1/45),2,98,25,0,4,2.0
1993-01-27,14,17,18,34,38,32,,A: 1992-1997 (5/45+1/45),1,121,24,1,2,0.0
1993-01-30,1,10,27,40,45,17,,A: 1992-1997 (5/45+1/45),3,123,44,0,4,0.0
1993-02-03,11,29,40,41,43,5,,A: 1992-1997 (5/45+1/45),4,164,32,1,4,1.0
1993-02-06,19,23,25,31,41,37,,A: 1992-1997 (5/45+1/45),5,139,22,0,4,1.0
1993-02-10,4,15,16,26,28,33,,A: 1992-1997 (5/45+1/45),1,89,24,1,3,0.0
1993-02-13,5,7,11,24,28,22,,A: 1992-1997 (5/45+1/45),3,75,23,0,3,1.0
1993-02-17,1,6,16,22,26,32,,A: 1992-1997 (5/45+1/45),1,71,25,0,3,0.0
1993-02-20,10,28,32,38,41,38,,A: 1992-1997 (5/45+1/45),1,149,31,0,4,0.0
1993-02-24,16,24,32,35,42,45,,A: 1992-1997 (5/45+1/45),1,149,26,0,4,1.0
1993-02-27,1,4,16,35,38,27,,A: 1992-1997 (5/45+1/45),2,94,37,0,3,2.0
1993-03-03,5,9,15,16,26,44,,A: 1992-1997 (5/45+1/45),3,71,21,1,3,1.0
1993-03-06,5,15,21,25,41,34,,A: 1992-1997 (5/45+1/45),5,107,36,0,4,2.0
1993-03-10,5,11,27,29,42,12,,A: 1992-1997 (5/45+1/45),4,114,37,0,4,1.0
1993-03-13,2,11,21,35,38,29,,A: 1992-1997 (5/45+1/45),3,107,36,0,4,1.0
1993-03-17,9,26,32,40,41,11,,A: 1992-1997 (5/45+1/45),2,148,32,1,4,0.0
1993-03-20,12,14,25,32,41,38,,A: 1992-1997 (5/45+1/45),2,124,29,0,4,2.0
1993-03-24,3,13,25,41,44,42,,A: 1992-1997 (5/45+1/45),4,126,41,0,4,2.0
1993-03-27,2,3,13,14,17,26,,A: 1992-1997 (5/45+1/45),3,49,15,2,2,2.0
1993-03-31,1,12,19,39,41,13,,A: 1992-1997 (5/45+1/45),4,112,40,0,4,0.0
1993-04-03,15,22,24,32,39,18,,A: 1992-1997 (5/45+1/45),2,132,24,0,3,1.0
1993-04-07,7,19,33,36,43,23,,A: 1992-1997 (5/45+1/45),4,138,36,0,4,0.0
1993-04-10,23,24,30,36,39,34,,A: 1992-1997 (5/45+1/45),2,152,16,1,2,1.0
1993-04-14,6,7,17,29,33,21,,A: 1992-1997 (5/45+1/45),4,92,27,1,4,0.0
1993-04-17,4,15,30,36,38,9,,A: 1992-1997 (5/45+1/45),1,123,34,0,4,0.0
1993-04-21,3,8,10,14,29,37,,A: 1992-1997 (5/45+1/45),2,64,26,0,3,0.0
1993-04-24,9,15,16,25,26,2,,A: 1992-1997 (5/45+1/45),3,91,17,2,3,0.0
1993-04-28,1,13,16,37,41,2,,A: 1992-1997 (5/45+1/45),4,108,40,0,4,1.0
1993-05-01,2,14,25,35,41,1,,A: 1992-1997 (5/45+1/45),3,117,39,0,5,1.0
1993-05-05,7,15,40,42,43,11,,A: 1992-1997 (5/45+1/45),3,147,36,1,4,0.0
1993-05-08,21,22,36,43,45,26,,A: 1992-1997 (5/45+1/45),3,167,24,1,3,1.0
1993-05-12,10,24,35,36,39,13,,A: 1992-1997 (5/45+1/45),2,144,29,1,3,1.0
1993-05-15,15,27,32,40,41,30,,A: 1992-1997 (5/45+1/45),3,155,26,1,4,0.0
1993-05-19,12,24,31,35,38,8,,A: 1992-1997 (5/45+1/45),2,140,26,0,3,0.0
1993-05-22,7,18,26,31,36,39,,A: 1992-1997 (5/45+1/45),2,118,29,0,4,1.0
1993-05-26,5,9,27,30,34,6,,A: 1992-1997 (5/45+1/45),3,105,29,0,3,0.0
1993-05-29,1,5,21,28,41,12,,A: 1992-1997 (5/45+1/45),4,96,40,0,3,1.0
1993-06-02,16,23,24,33,42,31,,A: 1992-1997 (5/45+1/45),2,138,26,1,4,0.0
1993-06-05,1,3,5,9,30,45,,A: 1992-1997 (5/45+1/45),4,48,29,0,2,0.0
1993-06-09,9,20,29,41,43,41,,A: 1992-1997 (5/45+1/45),4,142,34,0,4,1.0
1993-06-12,11,24,28,39,41,36,,A: 1992-1997 (5/45+1/45),3,143,30,0,4,1.0
1993-06-16,7,20,27,35,36,18,,A: 1992-1997 (5/45+1/45),3,125,29,1,4,0.0
1993-06-19,6,17,20,36,42,17,,A: 1992-1997 (5/45+1/45),1,121,36,0,4,2.0
1993-06-23,4,6,15,16,41,3,,A: 1992-1997 (5/45+1/45),2,82,37,1,3,1.0
1993-06-26,4,9,18,19,42,10,,A: 1992-1997 (5/45+1/45),2,92,38,1,3,1.0
1993-06-30,12,24,31,34,40,44,,A: 1992-1997 (5/45+1/45),1,141,28,0,3,0.0
1993-07-03,9,14,15,30,40,4,,A: 1992-1997 (5/45+1/45),2,108,31,1,4,1.0
1993-07-07,4,8,19,28,41,30,,A: 1992-1997 (5/45+1/45),2,100,37,0,4,0.0
1993-07-10,15,18,19,28,41,35,,A: 1992-1997 (5/45+1/45),3,121,26,1,3,3.0
1993-07-14,9,14,16,21,37,9,,A: 1992-1997 (5/45+1/45),3,97,28,0,4,0.0
1993-07-17,11,23,33,35,44,43,,A: 1992-1997 (5/45+1/45),4,146,33,0,4,0.0
1993-07-21,3,13,23,25,36,18,,A: 1992-1997 (5/45+1/45),4,100,33,0,4,1.0
1993-07-24,6,11,12,23,40,3,,A: 1992-1997 (5/45+1/45),2,92,34,1,4,1.0
1993-07-28,1,13,26,28,35,1,,A: 1992-1997 (5/45+1/45),3,103,34,0,4,0.0
1993-07-31,16,25,26,31,35,16,,A: 1992-1997 (5/45+1/45),3,133,19,1,3,2.0
1993-08-04,5,11,19,34,37,28,,A: 1992-1997 (5/45+1/45),4,106,32,0,3,0.0
1993-08-07,3,18,20,22,35,41,,A: 1992-1997 (5/45+1/45),2,98,32,0,4,0.0
1993-08-11,13,22,39,42,44,44,,A: 1992-1997 (5/45+1/45),2,160,31,0,4,1.0
1993-08-14,10,11,14,34,36,10,,A: 1992-1997 (5/45+1/45),1,105,26,1,3,0.0
1993-08-18,12,25,32,34,38,45,,A: 1992-1997 (5/45+1/45),1,141,26,0,3,1.0
1993-08-21,24,26,34,37,42,13,,A: 1992-1997 (5/45+1/45),1,163,18,0,3,1.0
1993-08-25,1,13,20,22,45,11,,A: 1992-1997 (5/45+1/45),3,101,44,0,4,0.0
1993-08-28,1,4,7,10,12,42,,A: 1992-1997 (5/45+1/45),2,34,11,0,2,1.0
1993-09-01,1,11,23,26,34,21,,A: 1992-1997 (5/45+1/45),3,95,33,0,4,1.0
1993-09-04,20,26,38,41,43,22,,A: 1992-1997 (5/45+1/45),2,168,23,0,4,1.0
1993-09-08,6,18,30,44,45,11,,A: 1992-1997 (5/45+1/45),1,143,39,1,4,0.0
1993-09-11,2,4,27,29,35,23,,A: 1992-1997 (5/45+1/45),3,97,33,0,3,0.0
1993-09-15,4,11,27,36,42,23,,A: 1992-1997 (5/45+1/45),2,120,38,0,5,2.0
1993-09-18,1,8,18,29,38,42,,A: 1992-1997 (5/45+1/45),2,94,37,0,4,0.0
1993-09-22,4,15,17,18,40,43,,A: 1992-1997 (5/45+1/45),2,94,36,1,3,1.0
1993-09-25,1,2,8,16,23,9,,A: 1992-1997 (5/45+1/45),2,50,22,1,3,0.0
1993-09-29,3,4,12,28,41,33,,A: 1992-1997 (5/45+1/45),2,88,38,1,4,0.0
1993-10-02,2,4,21,25,36,34,,A: 1992-1997 (5/45+1/45),2,88,34,0,3,1.0
1993-10-06,9,23,34,42,44,15,,A: 1992-1997 (5/45+1/45),2,152,35,0,4,0.0
1993-10-09,9,10,11,13,23,28,,A: 1992-1997 (5/45+1/45),4,66,14,2,3,2.0
1993-10-13,7,18,25,39,44,16,,A: 1992-1997 (5/45+1/45),3,133,37,0,5,0.0
1993-10-16,2,3,15,27,43,15,,A: 1992-1997 (5/45+1/45),4,90,41,1,4,0.0
1993-10-20,10,13,27,34,35,22,,A: 1992-1997 (5/45+1/45),3,119,25,1,4,1.0
1993-10-23,4,6,21,38,39,13,,A: 1992-1997 (5/45+1/45),2,108,35,1,3,0.0
1993-10-27,5,9,13,16,38,26,,A: 1992-1997 (5/45+1/45),3,81,33,0,3,1.0
1993-10-30,1,12,21,22,41,25,,A: 1992-1997 (5/45+1/45),3,97,40,1,4,0.0
1993-11-03,1,6,7,9,11,24,,A: 1992-1997 (5/45+1/45),4,34,10,1,2,1.0
1993-11-06,3,22,26,28,45,26,,A: 1992-1997 (5/45+1/45),2,124,42,0,3,0.0
1993-11-10,23,25,28,31,36,39,,A: 1992-1997 (5/45+1/45),3,143,13,0,2,1.0
1993-11-13,13,15,18,22,23,35,,A: 1992-1997 (5/45+1/45),3,91,10,1,2,1.0
1993-11-17,4,13,24,32,41,37,,A: 1992-1997 (5/45+1/45),2,114,37,0,5,1.0
1993-11-20,6,13,21,38,39,40,,A: 1992-1997 (5/45+1/45),3,117,33,1,4,1.0
1993-11-24,2,4,25,26,27,38,,A: 1992-1997 (5/45+1/45),2,84,25,2,2,0.0
1993-11-27,13,24,27,32,43,43,,A: 1992-1997 (5/45+1/45),3,139,30,0,4,1.0
1993-12-01,2,4,18,31,39,43,,A: 1992-1997 (5/45+1/45),2,94,37,0,3,0.0
1993-12-04,5,15,16,39,45,25,,A: 1992-1997 (5/45+1/45),4,120,40,1,4,1.0
1993-12-08,18,26,32,34,43,10,,A: 1992-1997 (5/45+1/45),1,153,25,0,4,0.0
1993-12-11,15,27,37,39,42,26,,A: 1992-1997 (5/45+1/45),4,160,27,0,4,0.0
1993-12-15,9,26,39,43,45,40,,A: 1992-1997 (5/45+1/45),4,162,36,0,4,1.0
1993-12-18,3,4,8,9,44,36,,A: 1992-1997 (5/45+1/45),2,68,41,2,2,1.0
1993-12-22,1,3,13,15,29,12,,A: 1992-1997 (5/45+1/45),5,61,28,0,3,1.0
1993-12-25,6,8,20,26,36,29,,A: 1992-1997 (5/45+1/45),0,96,30,0,4,0.0
1993-12-29,6,7,12,30,43,28,,A: 1992-1997 (5/45+1/45),2,98,37,1,4,1.0
1994-01-01,7,9,27,33,43,1,,A: 1992-1997 (5/45+1/45),5,119,36,0,4,2.0
1994-01-05,4,16,25,37,41,36,,A: 1992-1997 (5/45+1/45),3,123,37,0,5,0.0
1994-01-08,1,3,17,28,44,40,,A: 1992-1997 (5/45+1/45),3,93,43,0,4,0.0
1994-01-12,2,4,6,15,34,20,,A: 1992-1997 (5/45+1/45),1,61,32,0,3,0.0
1994-01-15,8,10,18,41,45,25,,A: 1992-1997 (5/45+1/45),2,122,37,0,3,0.0
1994-01-19,7,18,33,44,45,36,,A: 1992-1997 (5/45+1/45),3,147,38,1,4,2.0
1994-01-22,8,15,22,25,33,5,,A: 1992-1997 (5/45+1/45),3,103,25,0,4,1.0
1994-01-26,3,15,22,27,34,8,,A: 1992-1997 (5/45+1/45),3,101,31,0,4,2.0
1994-01-29,2,8,27,40,41,22,,A: 1992-1997 (5/45+1/45),2,118,39,1,4,1.0
1994-02-02,3,8,11,27,37,7,,A: 1992-1997 (5/45+1/45),4,86,34,0,4,2.0
1994-02-05,11,19,23,24,35,44,,A: 1992-1997 (5/45+1/45),4,112,24,1,3,1.0
1994-02-09,6,11,17,41,43,24,,A: 1992-1997 (5/45+1/45),4,118,37,0,3,1.0
1994-02-12,1,13,21,31,33,24,,A: 1992-1997 (5/45+1/45),5,99,32,0,4,0.0
1994-02-16,8,18,20,38,40,10,,A: 1992-1997 (5/45+1/45),0,124,32,0,3,0.0
1994-02-19,8,10,12,17,24,33,,A: 1992-1997 (5/45+1/45),1,71,16,0,3,1.0
1994-02-23,7,27,40,43,44,4,,A: 1992-1997 (5/45+1/45),3,161,37,1,4,0.0
1994-02-26,6,9,11,19,23,22,,A: 1992-1997 (5/45+1/45),4,68,17,0,3,0.0
1994-03-02,4,8,24,37,43,20,,A: 1992-1997 (5/45+1/45),2,116,39,0,4,0.0
1994-03-05,6,10,20,42,45,22,,A: 1992-1997 (5/45+1/45),1,123,39,0,3,0.0
1994-03-09,22,28,33,44,45,26,,A: 1992-1997 (5/45+1/45),2,172,23,1,3,1.0
1994-03-12,1,18,22,29,33,10,,A: 1992-1997 (5/45+1/45),3,103,32,0,4,2.0
1994-03-16,8,19,20,35,42,35,,A: 1992-1997 (5/45+1/45),2,124,34,1,4,0.0
1994-03-19,1,6,33,42,43,37,,A: 1992-1997 (5/45+1/45),3,125,42,1,3,1.0
1994-03-23,3,22,27,34,40,15,,A: 1992-1997 (5/45+1/45),2,126,37,0,3,0.0
1994-03-26,1,3,10,24,25,14,,A: 1992-1997 (5/45+1/45),3,63,24,1,2,1.0
1994-03-30,1,2,12,17,22,36,,A: 1992-1997 (5/45+1/45),2,54,21,1,3,1.0
1994-04-02,6,15,27,31,34,26,,A: 1992-1997 (5/45+1/45),3,113,28,0,4,0.0
1994-04-06,7,10,24,26,31,34,,A: 1992-1997 (5/45+1/45),2,98,24,0,3,1.0
1994-04-09,2,4,11,39,42,26,,A: 1992-1997 (5/45+1/45),2,98,40,0,4,0.0
1994-04-13,6,14,17,22,45,35,,A: 1992-1997 (5/45+1/45),2,104,39,0,4,0.0
1994-04-16,4,13,18,28,43,9,,A: 1992-1997 (5/45+1/45),2,106,39,0,4,0.0
1994-04-20,11,12,22,24,26,19,,A: 1992-1997 (5/45+1/45),1,95,15,1,2,0.0
1994-04-23,8,9,15,39,42,19,,A: 1992-1997 (5/45+1/45),3,113,34,1,4,0.0
1994-04-27,12,19,30,33,36,29,,A: 1992-1997 (5/45+1/45),2,130,24,0,3,0.0
1994-04-30,3,7,8,39,45,11,,A: 1992-1997 (5/45+1/45),4,102,42,1,3,0.0
1994-05-04,22,23,39,44,45,6,,A: 1992-1997 (5/45+1/45),3,173,23,2,3,2.0
1994-05-07,21,29,30,35,37,9,,A: 1992-1997 (5/45+1/45),4,152,16,1,2,0.0
1994-05-11,6,9,23,33,39,42,,A: 1992-1997 (5/45+1/45),4,110,33,0,3,0.0
1994-05-14,23,25,30,33,45,37,,A: 1992-1997 (5/45+1/45),4,156,22,0,3,2.0
1994-05-18,5,6,25,33,36,39,,A: 1992-1997 (5/45+1/45),3,105,31,1,3,2.0
1994-05-21,19,33,36,39,44,12,,A: 1992-1997 (5/45+1/45),3,171,25,0,3,2.0
1994-05-25,6,9,15,22,26,10,,A: 1992-1997 (5/45+1/45),2,78,20,0,3,0.0
1994-05-28,6,10,24,28,45,3,,A: 1992-1997 (5/45+1/45),1,113,39,0,3,1.0
1994-06-01,2,20,32,36,38,31,,A: 1992-1997 (5/45+1/45),0,128,36,0,3,0.0
1994-06-04,7,8,15,23,31,26,,A: 1992-1997 (5/45+1/45),4,84,24,1,4,0.0
1994-06-08,9,15,23,31,44,1,,A: 1992-1997 (5/45+1/45),4,122,35,0,5,3.0
1994-06-11,7,18,37,39,43,11,,A: 1992-1997 (5/45+1/45),4,144,36,0,4,0.0
1994-06-15,3,13,14,29,45,2,,A: 1992-1997 (5/45+1/45),4,104,42,1,4,0.0
1994-06-18,3,12,14,27,35,12,,A: 1992-1997 (5/45+1/45),3,91,32,0,4,2.0
1994-06-22,3,8,19,26,33,41,,A: 1992-1997 (5/45+1/45),3,89,30,0,4,1.0
1994-06-25,3,7,20,33,43,19,,A: 1992-1997 (5/45+1/45),4,106,40,0,4,2.0
1994-06-29,23,26,27,28,39,4,,A: 1992-1997 (5/45+1/45),3,143,16,2,2,0.0
1994-07-02,16,20,22,29,45,11,,A: 1992-1997 (5/45+1/45),2,132,29,0,3,0.0
1994-07-06,6,9,11,22,23,2,,A: 1992-1997 (5/45+1/45),3,71,17,1,3,1.0
1994-07-09,5,12,23,27,28,3,,A: 1992-1997 (5/45+1/45),3,95,23,1,3,1.0
1994-07-13,8,22,25,35,38,20,,A: 1992-1997 (5/45+1/45),2,128,30,0,3,0.0
1994-07-16,5,6,23,38,45,41,,A: 1992-1997 (5/45+1/45),3,117,40,1,4,1.0
1994-07-20,1,11,19,27,37,26,,A: 1992-1997 (5/45+1/45),5,95,36,0,4,0.0
1994-07-23,29,32,38,40,45,23,,A: 1992-1997 (5/45+1/45),2,184,16,0,3,0.0
1994-07-27,5,23,24,32,44,15,,A: 1992-1997 (5/45+1/45),2,128,39,1,4,1.0
1994-07-30,1,2,8,21,31,18,,A: 1992-1997 (5/45+1/45),3,63,30,1,3,0.0
1994-08-03,6,22,29,36,43,45,,A: 1992-1997 (5/45+1/45),2,136,37,0,4,0.0
1994-08-06,15,18,20,23,26,36,,A: 1992-1997 (5/45+1/45),2,102,11,0,2,0.0
1994-08-10,2,11,20,27,44,16,,A: 1992-1997 (5/45+1/45),2,104,42,0,4,1.0
1994-08-13,11,33,39,41,44,33,,A: 1992-1997 (5/45+1/45),4,168,33,0,3,2.0
1994-08-17,11,22,25,34,35,45,,A: 1992-1997 (5/45+1/45),3,127,24,1,3,1.0
1994-08-20,6,11,21,22,32,38,,A: 1992-1997 (5/45+1/45),2,92,26,1,4,2.0
1994-08-24,1,20,25,28,43,4,,A: 1992-1997 (5/45+1/45),3,117,42,0,4,0.0
1994-08-27,11,17,18,25,40,8,,A: 1992-1997 (5/45+1/45),3,111,29,1,3,1.0
1994-08-31,8,11,19,23,34,7,,A: 1992-1997 (5/45+1/45),3,95,26,0,4,1.0
1994-09-03,3,12,17,20,34,23,,A: 1992-1997 (5/45+1/45),2,86,31,0,3,1.0
1994-09-07,21,29,38,43,45,27,,A: 1992-1997 (5/45+1/45),4,176,24,0,3,0.0
1994-09-10,10,11,20,27,44,26,,A: 1992-1997 (5/45+1/45),2,112,34,1,4,0.0
1994-09-14,4,20,28,36,44,31,,A: 1992-1997 (5/45+1/45),0,132,40,0,5,2.0
1994-09-17,18,29,30,37,41,21,,A: 1992-1997 (5/45+1/45),3,155,23,1,4,0.0
1994-09-21,25,27,30,38,45,18,,A: 1992-1997 (5/45+1/45),3,165,20,0,3,1.0
1994-09-24,10,16,23,28,32,10,,A: 1992-1997 (5/45+1/45),1,109,22,0,4,0.0
1994-09-28,10,11,19,26,40,9,,A: 1992-1997 (5/45+1/45),2,106,30,1,4,1.0
1994-10-01,1,5,19,29,37,32,,A: 1992-1997 (5/45+1/45),5,91,36,0,4,1.0
1994-10-05,8,14,29,35,39,1,,A: 1992-1997 (5/45+1/45),3,125,31,0,4,1.0
1994-10-08,12,15,22,32,36,45,,A: 1992-1997 (5/45+1/45),1,117,24,0,3,0.0
1994-10-12,4,14,21,30,36,3,,A: 1992-1997 (5/45+1/45),1,105,32,0,4,1.0
1994-10-15,18,23,24,26,35,44,,A: 1992-1997 (5/45+1/45),2,126,17,1,3,0.0
1994-10-19,3,17,19,29,34,8,,A: 1992-1997 (5/45+1/45),4,102,31,0,4,0.0
1994-10-22,7,13,19,24,29,24,,A: 1992-1997 (5/45+1/45),4,92,22,0,3,2.0
1994-10-26,10,15,17,22,32,28,,A: 1992-1997 (5/45+1/45),2,96,22,0,4,0.0
1994-10-29,5,13,15,27,44,37,,A: 1992-1997 (5/45+1/45),4,104,39,0,4,1.0
1994-11-02,8,13,16,18,21,22,,A: 1992-1997 (5/45+1/45),2,76,13,0,3,1.0
1994-11-05,10,32,40,42,45,31,,A: 1992-1997 (5/45+1/45),1,169,35,0,3,0.0
1994-11-09,10,24,31,33,44,12,,A: 1992-1997 (5/45+1/45),2,142,34,0,4,1.0
1994-11-12,7,15,26,33,39,44,,A: 1992-1997 (5/45+1/45),4,120,32,0,4,1.0
1994-11-16,12,22,23,31,40,24,,A: 1992-1997 (5/45+1/45),2,128,28,1,3,0.0
1994-11-19,6,10,13,26,39,43,,A: 1992-1997 (5/45+1/45),2,94,33,0,4,0.0
1994-11-23,3,16,30,34,41,41,,A: 1992-1997 (5/45+1/45),2,124,38,0,5,0.0
1994-11-26,7,9,16,42,45,31,,A: 1992-1997 (5/45+1/45),3,119,38,0,3,1.0
1994-11-30,5,13,24,29,31,40,,A: 1992-1997 (5/45+1/45),4,102,26,0,4,0.0
1994-12-03,7,8,29,39,41,44,,A: 1992-1997 (5/45+1/45),4,124,34,1,4,1.0
1994-12-07,14,17,18,25,35,37,,A: 1992-1997 (5/45+1/45),3,109,21,1,3,0.0
1994-12-10,3,14,22,30,38,40,,A: 1992-1997 (5/45+1/45),1,107,35,0,4,1.0
1994-12-14,5,18,22,35,39,1,,A: 1992-1997 (5/45+1/45),3,119,34,0,4,1.0
1994-12-17,17,19,25,29,41,5,,A: 1992-1997 (5/45+1/45),5,131,24,0,3,0.0
1994-12-21,1,8,22,24,34,1,,A: 1992-1997 (5/45+1/45),1,89,33,0,3,0.0
1994-12-24,11,20,22,31,34,31,,A: 1992-1997 (5/45+1/45),2,118,23,0,3,2.0
1994-12-28,17,27,40,43,44,24,,A: 1992-1997 (5/45+1/45),3,171,27,1,4,0.0
1994-12-31,20,28,29,43,44,34,,A: 1992-1997 (5/45+1/45),2,164,24,2,3,2.0
1995-01-04,12,18,19,34,40,17,,A: 1992-1997 (5/45+1/45),1,123,28,1,2,0.0
1995-01-07,14,17,27,38,42,21,,A: 1992-1997 (5/45+1/45),2,138,28,0,4,0.0
1995-01-11,14,15,25,30,35,13,,A: 1992-1997 (5/45+1/45),3,119,21,1,3,1.0
1995-01-14,1,32,33,38,42,14,,A: 1992-1997 (5/45+1/45),2,146,41,1,3,0.0
1995-01-18,17,19,28,32,38,5,,A: 1992-1997 (5/45+1/45),2,134,21,0,3,2.0
1995-01-21,4,5,7,8,41,44,,A: 1992-1997 (5/45+1/45),3,65,37,2,2,0.0
1995-01-25,8,18,26,27,30,12,,A: 1992-1997 (5/45+1/45),1,109,22,1,3,1.0
1995-01-28,14,25,29,39,43,1,,A: 1992-1997 (5/45+1/45),4,150,29,0,4,0.0
1995-02-01,11,23,31,34,36,5,,A: 1992-1997 (5/45+1/45),3,135,25,0,3,0.0
1995-02-04,10,15,18,26,33,6,,A: 1992-1997 (5/45+1/45),2,102,23,0,4,0.0
1995-02-08,2,13,14,26,39,6,,A: 1992-1997 (5/45+1/45),2,94,37,1,4,1.0
1995-02-11,4,14,15,28,44,17,,A: 1992-1997 (5/45+1/45),1,105,40,1,4,1.0
1995-02-15,9,10,27,34,36,40,,A: 1992-1997 (5/45+1/45),2,116,27,1,3,0.0
1995-02-18,1,2,27,32,33,12,,A: 1992-1997 (5/45+1/45),3,95,32,2,3,1.0
1995-02-22,32,40,43,44,45,18,,A: 1992-1997 (5/45+1/45),2,204,13,2,2,1.0
1995-02-25,6,7,9,14,31,26,,A: 1992-1997 (5/45+1/45),3,67,25,1,3,0.0
1995-03-01,16,19,20,21,35,33,,A: 1992-1997 (5/45+1/45),3,111,19,2,3,0.0
1995-03-04,8,23,32,36,41,40,,A: 1992-1997 (5/45+1/45),2,140,33,0,4,0.0
1995-03-08,15,32,36,39,45,8,,A: 1992-1997 (5/45+1/45),3,167,30,0,3,2.0
1995-03-11,1,3,9,17,40,34,,A: 1992-1997 (5/45+1/45),4,70,39,0,3,0.0
1995-03-15,11,23,26,34,42,21,,A: 1992-1997 (5/45+1/45),2,136,31,0,4,0.0
1995-03-18,1,19,32,33,43,42,,A: 1992-1997 (5/45+1/45),4,128,42,1,4,0.0
1995-03-22,6,10,12,25,35,15,,A: 1992-1997 (5/45+1/45),2,88,29,0,4,0.0
1995-03-25,3,9,15,23,28,3,,A: 1992-1997 (5/45+1/45),4,78,25,0,3,0.0
1995-03-29,2,9,19,24,28,33,,A: 1992-1997 (5/45+1/45),2,82,26,0,3,2.0
1995-04-01,5,11,25,28,34,36,,A: 1992-1997 (5/45+1/45),3,103,29,0,4,1.0
1995-04-05,3,10,19,23,29,26,,A: 1992-1997 (5/45+1/45),4,84,26,0,3,0.0
1995-04-08,5,20,24,33,42,7,,A: 1992-1997 (5/45+1/45),2,124,37,0,5,0.0
1995-04-12,4,7,13,27,35,29,,A: 1992-1997 (5/45+1/45),4,86,31,0,4,0.0
1995-04-15,7,19,21,22,31,24,,A: 1992-1997 (5/45+1/45),4,100,24,1,4,1.0
1995-04-19,1,3,11,22,28,42,,A: 1992-1997 (5/45+1/45),3,65,27,0,3,1.0
1995-04-22,11,21,28,33,36,36,,A: 1992-1997 (5/45+1/45),3,129,25,0,3,2.0
1995-04-26,15,28,30,35,43,19,,A: 1992-1997 (5/45+1/45),3,151,28,0,4,1.0
1995-04-29,4,15,24,25,28,39,,A: 1992-1997 (5/45+1/45),2,96,24,1,3,2.0
1995-05-03,5,15,24,42,44,3,,A: 1992-1997 (5/45+1/45),2,130,39,0,4,2.0
1995-05-06,2,26,31,38,43,12,,A: 1992-1997 (5/45+1/45),2,140,41,0,4,0.0
1995-05-10,1,5,16,27,32,27,,A: 1992-1997 (5/45+1/45),3,81,31,0,4,0.0
1995-05-13,2,17,18,34,36,26,,A: 1992-1997 (5/45+1/45),1,107,34,1,3,0.0
1995-05-17,2,10,12,30,43,10,,A: 1992-1997 (5/45+1/45),1,97,41,0,4,1.0
1995-05-20,4,11,21,25,27,29,,A: 1992-1997 (5/45+1/45),4,88,23,0,3,0.0
1995-05-24,7,14,25,26,29,9,,A: 1992-1997 (5/45+1/45),3,101,22,1,3,1.0
1995-05-27,5,7,11,26,33,39,,A: 1992-1997 (5/45+1/45),4,82,28,0,4,2.0
1995-05-31,7,14,16,24,36,27,,A: 1992-1997 (5/45+1/45),1,97,29,0,4,1.0
1995-06-03,7,20,21,26,27,45,,A: 1992-1997 (5/45+1/45),3,101,20,2,3,1.0
1995-06-07,13,24,28,36,39,42,,A: 1992-1997 (5/45+1/45),2,140,26,0,3,0.0
1995-06-10,11,20,28,35,44,20,,A: 1992-1997 (5/45+1/45),2,138,33,0,4,1.0
1995-06-14,2,12,20,35,37,21,,A: 1992-1997 (5/45+1/45),2,106,35,0,3,2.0
1995-06-17,9,15,23,28,44,34,,A: 1992-1997 (5/45+1/45),3,119,35,0,4,0.0
1995-06-21,16,21,23,26,42,26,,A: 1992-1997 (5/45+1/45),2,128,26,0,3,1.0
1995-06-24,11,17,25,35,40,12,,A: 1992-1997 (5/45+1/45),4,128,29,0,3,0.0
1995-06-28,6,11,13,19,40,12,,A: 1992-1997 (5/45+1/45),3,89,34,0,3,2.0
1995-07-01,4,14,16,27,28,43,,A: 1992-1997 (5/45+1/45),1,89,24,1,3,0.0
1995-07-05,6,14,21,23,41,6,,A: 1992-1997 (5/45+1/45),3,105,35,0,4,1.0
1995-07-08,1,6,19,21,26,9,,A: 1992-1997 (5/45+1/45),3,73,25,0,3,2.0
1995-07-12,12,27,34,35,41,13,,A: 1992-1997 (5/45+1/45),3,149,29,1,4,0.0
1995-07-15,1,3,4,20,40,40,,A: 1992-1997 (5/45+1/45),2,68,39,1,3,0.0
1995-07-19,5,13,27,41,42,41,,A: 1992-1997 (5/45+1/45),4,128,37,1,4,0.0
1995-07-22,1,4,6,22,28,9,,A: 1992-1997 (5/45+1/45),1,61,27,0,2,0.0
1995-07-26,5,9,16,23,28,10,,A: 1992-1997 (5/45+1/45),3,81,23,0,3,1.0
1995-07-29,11,14,16,25,33,26,,A: 1992-1997 (5/45+1/45),3,99,22,0,3,1.0
1995-08-02,11,15,17,22,37,23,,A: 1992-1997 (5/45+1/45),4,102,26,0,3,1.0
1995-08-05,16,27,29,36,38,21,,A: 1992-1997 (5/45+1/45),2,146,22,0,3,0.0
1995-08-09,16,22,23,29,33,10,,A: 1992-1997 (5/45+1/45),3,123,17,1,3,2.0
1995-08-12,1,16,24,34,35,6,,A: 1992-1997 (5/45+1/45),2,110,34,1,4,1.0
1995-08-16,16,17,26,30,38,1,,A: 1992-1997 (5/45+1/45),1,127,22,1,3,1.0
1995-08-19,3,6,16,19,26,4,,A: 1992-1997 (5/45+1/45),2,70,23,0,3,2.0
1995-08-23,21,23,25,35,38,26,,A: 1992-1997 (5/45+1/45),4,142,17,0,2,0.0
1995-08-26,3,12,30,31,45,19,,A: 1992-1997 (5/45+1/45),3,121,42,1,5,0.0
1995-08-30,3,5,27,34,37,28,,A: 1992-1997 (5/45+1/45),4,106,34,0,3,1.0
1995-09-02,4,11,28,33,37,44,,A: 1992-1997 (5/45+1/45),3,113,33,0,4,1.0
1995-09-06,2,16,27,36,43,42,,A: 1992-1997 (5/45+1/45),2,124,41,0,5,0.0
1995-09-09,2,5,21,40,43,41,,A: 1992-1997 (5/45+1/45),3,111,41,0,4,2.0
1995-09-13,11,19,31,32,39,9,,A: 1992-1997 (5/45+1/45),4,132,28,1,2,0.0
1995-09-16,5,6,21,26,38,7,,A: 1992-1997 (5/45+1/45),2,96,33,1,3,0.0
1995-09-20,3,10,17,27,36,39,,A: 1992-1997 (5/45+1/45),3,93,33,0,4,0.0
1995-09-23,1,9,13,19,38,32,,A: 1992-1997 (5/45+1/45),4,80,37,0,3,0.0
1995-09-27,1,2,25,41,45,28,,A: 1992-1997 (5/45+1/45),4,114,44,1,3,1.0
1995-09-30,12,22,31,32,40,2,,A: 1992-1997 (5/45+1/45),1,137,28,1,3,0.0
1995-10-04,13,24,27,35,44,18,,A: 1992-1997 (5/45+1/45),3,143,31,0,4,0.0
1995-10-07,2,7,15,18,31,39,,A: 1992-1997 (5/45+1/45),3,73,29,0,3,0.0
1995-10-11,9,10,17,41,44,19,,A: 1992-1997 (5/45+1/45),3,121,35,1,3,0.0
1995-10-14,9,12,32,40,44,32,,A: 1992-1997 (5/45+1/45),1,137,35,0,4,2.0
1995-10-18,2,17,21,22,29,10,,A: 1992-1997 (5/45+1/45),3,91,27,1,3,0.0
1995-10-21,4,5,9,23,43,12,,A: 1992-1997 (5/45+1/45),4,84,39,1,3,0.0
1995-10-25,1,2,6,31,36,9,,A: 1992-1997 (5/45+1/45),2,76,35,1,2,0.0
1995-10-28,13,25,28,30,35,3,,A: 1992-1997 (5/45+1/45),3,131,22,0,3,0.0
1995-11-01,12,19,20,27,42,6,,A: 1992-1997 (5/45+1/45),2,120,30,1,3,0.0
1995-11-04,3,23,39,41,43,31,,A: 1992-1997 (5/45+1/45),5,149,40,0,4,0.0
1995-11-08,3,9,14,18,28,15,,A: 1992-1997 (5/45+1/45),2,72,25,0,3,1.0
1995-11-11,6,10,28,37,40,14,,A: 1992-1997 (5/45+1/45),1,121,34,0,3,1.0
1995-11-15,12,21,24,32,41,5,,A: 1992-1997 (5/45+1/45),2,130,29,0,4,0.0
1995-11-18,2,9,20,24,45,5,,A: 1992-1997 (5/45+1/45),2,100,43,0,4,1.0
1995-11-22,6,10,24,31,43,17,,A: 1992-1997 (5/45+1/45),2,114,37,0,4,1.0
1995-11-25,21,32,33,34,41,34,,A: 1992-1997 (5/45+1/45),3,161,20,2,3,0.0
1995-11-29,6,10,11,25,37,45,,A: 1992-1997 (5/45+1/45),3,89,31,1,4,0.0
1995-12-02,8,15,30,31,41,42,,A: 1992-1997 (5/45+1/45),3,125,33,1,5,0.0
1995-12-06,1,2,3,26,27,19,,A: 1992-1997 (5/45+1/45),3,59,26,3,2,0.0
1995-12-09,7,15,20,35,40,13,,A: 1992-1997 (5/45+1/45),3,117,33,0,3,0.0
1995-12-13,6,17,25,36,42,16,,A: 1992-1997 (5/45+1/45),2,126,36,0,5,0.0
1995-12-16,4,14,18,19,26,30,,A: 1992-1997 (5/45+1/45),1,81,22,1,3,0.0
1995-12-20,10,17,20,39,42,33,,A: 1992-1997 (5/45+1/45),2,128,32,0,4,0.0
1995-12-23,3,7,10,42,43,38,,A: 1992-1997 (5/45+1/45),3,105,40,1,2,2.0
1995-12-27,8,17,24,27,44,23,,A: 1992-1997 (5/45+1/45),2,120,36,0,4,0.0
1995-12-30,2,4,7,13,26,33,,A: 1992-1997 (5/45+1/45),2,52,24,0,3,0.0
1996-01-03,8,13,23,31,38,14,,A: 1992-1997 (5/45+1/45),3,113,30,0,4,1.0
1996-01-06,19,24,33,36,44,2,,A: 1992-1997 (5/45+1/45),2,156,25,0,4,0.0
1996-01-10,12,15,18,26,35,43,,A: 1992-1997 (5/45+1/45),2,106,23,0,3,0.0
1996-01-13,8,13,32,33,39,4,,A: 1992-1997 (5/45+1/45),3,125,31,1,3,0.0
1996-01-17,1,11,14,17,33,34,,A: 1992-1997 (5/45+1/45),4,76,32,0,3,1.0
1996-01-20,12,21,25,32,34,4,,A: 1992-1997 (5/45+1/45),2,124,22,0,3,0.0
1996-01-24,1,24,30,36,42,7,,A: 1992-1997 (5/45+1/45),1,133,41,0,4,0.0
1996-01-27,8,10,22,27,38,20,,A: 1992-1997 (5/45+1/45),1,105,30,0,3,0.0
1996-01-31,1,4,16,38,45,35,,A: 1992-1997 (5/45+1/45),2,104,44,0,4,1.0
1996-02-03,10,16,18,39,45,38,,A: 1992-1997 (5/45+1/45),2,128,35,0,4,2.0
1996-02-07,6,32,38,39,40,8,,A: 1992-1997 (5/45+1/45),1,155,34,2,2,1.0
1996-02-10,15,19,20,33,35,15,,A: 1992-1997 (5/45+1/45),4,122,20,1,2,0.0
1996-02-14,4,8,15,16,25,35,,A: 1992-1997 (5/45+1/45),2,68,21,1,3,1.0
1996-02-17,1,7,15,35,44,44,,A: 1992-1997 (5/45+1/45),4,102,43,0,4,1.0
1996-02-21,5,9,21,35,38,16,,A: 1992-1997 (5/45+1/45),4,108,33,0,3,1.0
1996-02-24,2,27,29,33,40,42,,A: 1992-1997 (5/45+1/45),3,131,38,0,3,0.0
1996-02-28,22,30,34,44,45,37,,A: 1992-1997 (5/45+1/45),1,175,23,1,3,0.0
1996-03-02,2,3,24,38,41,7,,A: 1992-1997 (5/45+1/45),2,108,39,1,4,0.0
1996-03-06,1,5,7,13,40,42,,A: 1992-1997 (5/45+1/45),4,66,39,0,3,0.0
1996-03-09,1,19,31,35,44,3,,A: 1992-1997 (5/45+1/45),4,130,43,0,4,1.0
1996-03-13,15,18,23,32,43,6,,A: 1992-1997 (5/45+1/45),3,131,28,0,4,0.0
1996-03-16,10,25,36,39,40,10,,A: 1992-1997 (5/45+1/45),2,150,30,1,3,0.0
1996-03-20,11,14,17,26,42,35,,A: 1992-1997 (5/45+1/45),2,110,31,0,3,0.0
1996-03-23,12,17,22,37,42,30,,A: 1992-1997 (5/45+1/45),2,130,30,0,4,2.0
1996-03-27,1,6,17,30,39,44,,A: 1992-1997 (5/45+1/45),3,93,38,0,4,1.0
1996-03-30,10,13,32,35,38,37,,A: 1992-1997 (5/45+1/45),2,128,28,0,3,0.0
1996-04-03,15,16,32,38,42,9,,A: 1992-1997 (5/45+1/45),1,143,27,1,3,2.0
1996-04-06,6,10,15,38,41,24,,A: 1992-1997 (5/45+1/45),2,110,35,0,4,2.0
1996-04-10,2,10,23,31,37,40,,A: 1992-1997 (5/45+1/45),3,103,35,0,3,1.0
1996-04-13,12,16,22,26,39,29,,A: 1992-1997 (5/45+1/45),1,115,27,0,3,0.0
1996-04-17,2,20,26,31,36,2,,A: 1992-1997 (5/45+1/45),1,115,34,0,4,1.0
1996-04-20,2,8,10,29,32,40,,A: 1992-1997 (5/45+1/45),1,81,30,0,3,1.0
1996-04-24,5,18,20,24,43,22,,A: 1992-1997 (5/45+1/45),2,110,38,0,4,0.0
1996-04-27,5,7,23,34,45,18,,A: 1992-1997 (5/45+1/45),4,114,40,0,4,1.0
1996-05-01,2,14,27,30,43,9,,A: 1992-1997 (5/45+1/45),2,116,41,0,4,0.0
1996-05-04,4,9,24,31,42,39,,A: 1992-1997 (5/45+1/45),2,110,38,0,4,0.0
1996-05-08,10,16,24,28,41,8,,A: 1992-1997 (5/45+1/45),1,119,31,0,4,1.0
1996-05-11,17,23,26,27,42,42,,A: 1992-1997 (5/45+1/45),3,135,25,1,3,0.0
1996-05-15,11,16,17,32,37,16,,A: 1992-1997 (5/45+1/45),3,113,26,1,2,1.0
1996-05-18,2,7,8,28,33,35,,A: 1992-1997 (5/45+1/45),2,78,31,1,3,0.0
1996-05-22,15,26,33,35,39,27,,A: 1992-1997 (5/45+1/45),4,148,24,0,3,1.0
1996-05-25,9,21,39,44,45,37,,A: 1992-1997 (5/45+1/45),4,158,36,1,4,1.0
1996-05-29,14,20,29,40,44,11,,A: 1992-1997 (5/45+1/45),1,147,30,0,4,1.0
1996-06-01,5,12,17,22,36,4,,A: 1992-1997 (5/45+1/45),2,92,31,0,4,0.0
1996-06-05,1,3,19,35,37,1,,A: 1992-1997 (5/45+1/45),5,95,36,0,3,0.0
1996-06-08,7,8,21,28,34,14,,A: 1992-1997 (5/45+1/45),2,98,27,1,3,0.0
1996-06-12,7,15,23,38,43,31,,A: 1992-1997 (5/45+1/45),4,126,36,0,5,1.0
1996-06-15,5,14,20,22,36,8,,A: 1992-1997 (5/45+1/45),1,97,31,0,4,0.0
1996-06-19,9,12,38,40,44,10,,A: 1992-1997 (5/45+1/45),1,143,35,0,4,0.0
1996-06-22,6,23,33,34,45,17,,A: 1992-1997 (5/45+1/45),3,141,39,1,4,0.0
1996-06-26,8,23,36,40,41,26,,A: 1992-1997 (5/45+1/45),2,148,33,1,4,1.0
1996-06-29,22,28,37,41,45,43,,A: 1992-1997 (5/45+1/45),3,173,23,0,3,1.0
1996-07-03,4,14,27,29,38,12,,A: 1992-1997 (5/45+1/45),2,112,34,0,4,0.0
1996-07-06,3,4,24,31,38,10,,A: 1992-1997 (5/45+1/45),2,100,35,1,3,2.0
1996-07-10,2,11,15,30,44,27,,A: 1992-1997 (5/45+1/45),2,102,42,0,4,0.0
1996-07-13,6,15,23,29,34,16,,A: 1992-1997 (5/45+1/45),3,107,28,0,4,1.0
1996-07-17,4,15,21,24,36,35,,A: 1992-1997 (5/45+1/45),2,100,32,0,4,1.0
1996-07-20,7,10,11,17,38,13,,A: 1992-1997 (5/45+1/45),3,83,31,1,3,0.0
1996-07-24,15,25,28,34,44,26,,A: 1992-1997 (5/45+1/45),2,146,29,0,4,0.0
1996-07-27,3,9,10,13,31,12,,A: 1992-1997 (5/45+1/45),4,66,28,1,3,0.0
1996-07-31,6,13,21,39,43,38,,A: 1992-1997 (5/45+1/45),4,122,37,0,5,1.0
1996-08-03,8,18,21,24,37,29,,A: 1992-1997 (5/45+1/45),2,108,29,0,4,1.0
1996-08-07,8,11,15,31,42,40,,A: 1992-1997 (5/45+1/45),3,107,34,0,4,1.0
1996-08-10,2,13,14,19,42,5,,A: 1992-1997 (5/45+1/45),2,90,40,1,3,1.0
1996-08-14,1,19,26,37,41,27,,A: 1992-1997 (5/45+1/45),4,124,40,0,5,1.0
1996-08-17,17,36,41,42,44,35,,A: 1992-1997 (5/45+1/45),2,180,27,1,3,1.0
1996-08-21,10,18,19,31,45,30,,A: 1992-1997 (5/45+1/45),3,123,35,1,4,0.0
1996-08-24,2,13,15,35,40,10,,A: 1992-1997 (5/45+1/45),3,105,38,0,3,0.0
1996-08-28,10,24,29,38,45,1,,A: 1992-1997 (5/45+1/45),2,146,35,0,4,0.0
1996-08-31,20,21,24,42,44,18,,A: 1992-1997 (5/45+1/45),1,151,24,1,3,1.0
1996-09-04,19,26,29,36,45,11,,A: 1992-1997 (5/45+1/45),3,155,26,0,4,0.0
1996-09-07,13,14,28,35,38,9,,A: 1992-1997 (5/45+1/45),2,128,25,1,3,0.0
1996-09-11,8,9,12,18,33,11,,A: 1992-1997 (5/45+1/45),2,80,25,1,3,0.0
1996-09-14,7,15,26,34,44,45,,A: 1992-1997 (5/45+1/45),2,126,37,0,5,0.0
1996-09-18,13,21,22,23,38,27,,A: 1992-1997 (5/45+1/45),3,117,25,2,3,0.0
1996-09-21,2,17,23,30,39,2,,A: 1992-1997 (5/45+1/45),3,111,37,0,4,1.0
1996-09-25,7,10,25,33,38,43,,A: 1992-1997 (5/45+1/45),3,113,31,0,3,0.0
1996-09-28,2,13,14,35,36,39,,A: 1992-1997 (5/45+1/45),2,100,34,2,3,0.0
1996-10-02,13,14,16,19,37,25,,A: 1992-1997 (5/45+1/45),3,99,24,1,2,2.0
1996-10-05,2,13,15,33,38,44,,A: 1992-1997 (5/45+1/45),3,101,36,0,3,1.0
1996-10-09,2,14,16,21,33,27,,A: 1992-1997 (5/45+1/45),2,86,31,0,4,2.0
1996-10-12,1,22,25,27,45,42,,A: 1992-1997 (5/45+1/45),4,120,44,0,3,0.0
1996-10-16,20,31,33,40,43,10,,A: 1992-1997 (5/45+1/45),3,167,23,0,3,0.0
1996-10-19,8,20,30,31,42,9,,A: 1992-1997 (5/45+1/45),1,131,34,1,5,2.0
1996-10-23,9,24,27,31,34,18,,A: 1992-1997 (5/45+1/45),3,125,25,0,3,1.0
1996-10-26,4,17,19,25,37,19,,A: 1992-1997 (5/45+1/45),4,102,33,0,4,0.0
1996-10-30,10,13,19,37,43,45,,A: 1992-1997 (5/45+1/45),4,122,33,0,4,2.0
1996-11-02,17,32,37,38,44,28,,A: 1992-1997 (5/45+1/45),2,168,27,1,3,1.0
1996-11-06,11,18,30,35,42,1,,A: 1992-1997 (5/45+1/45),2,136,31,0,4,0.0
1996-11-09,1,3,5,6,35,38,,A: 1992-1997 (5/45+1/45),4,50,34,1,2,1.0
1996-11-13,17,19,25,27,30,1,,A: 1992-1997 (5/45+1/45),4,118,13,0,2,0.0
1996-11-16,11,27,35,39,43,21,,A: 1992-1997 (5/45+1/45),5,155,32,0,4,1.0
1996-11-20,11,12,15,18,35,19,,A: 1992-1997 (5/45+1/45),3,91,24,1,2,2.0
1996-11-23,6,8,17,25,41,44,,A: 1992-1997 (5/45+1/45),3,97,35,0,4,0.0
1996-11-27,1,31,37,38,39,3,,A: 1992-1997 (5/45+1/45),4,146,38,2,2,0.0
1996-11-30,13,28,30,38,41,22,,A: 1992-1997 (5/45+1/45),2,150,28,0,4,1.0
1996-12-04,1,10,17,20,42,29,,A: 1992-1997 (5/45+1/45),2,90,41,0,3,0.0
1996-12-07,6,20,24,31,37,34,,A: 1992-1997 (5/45+1/45),2,118,31,0,4,1.0
1996-12-11,4,8,15,22,36,43,,A: 1992-1997 (5/45+1/45),1,85,32,0,4,0.0
1996-12-14,10,19,22,38,44,30,,A: 1992-1997 (5/45+1/45),1,133,34,0,5,1.0
1996-12-18,3,21,28,36,45,1,,A: 1992-1997 (5/45+1/45),3,133,42,0,4,0.0
1996-12-21,13,16,20,42,44,45,,A: 1992-1997 (5/45+1/45),1,135,31,0,2,0.0
1996-12-25,13,14,17,25,26,29,,A: 1992-1997 (5/45+1/45),3,95,13,2,2,1.0
1996-12-28,3,11,21,22,31,13,,A: 1992-1997 (5/45+1/45),4,88,28,1,4,0.0
1997-01-01,6,13,17,19,42,44,,A: 1992-1997 (5/45+1/45),3,97,36,0,3,0.0
1997-01-04,1,12,16,25,29,43,,A: 1992-1997 (5/45+1/45),3,83,28,0,3,0.0
1997-01-08,7,14,22,37,45,18,,A: 1992-1997 (5/45+1/45),3,125,38,0,5,0.0
1997-01-11,2,18,26,29,42,7,,A: 1992-1997 (5/45+1/45),1,117,40,0,4,0.0
1997-01-15,15,27,34,39,44,18,,A: 1992-1997 (5/45+1/45),3,159,29,0,4,0.0
1997-01-18,19,27,30,35,40,34,,A: 1992-1997 (5/45+1/45),3,151,21,0,3,1.0
1997-01-22,3,11,12,29,41,35,,A: 1992-1997 (5/45+1/45),4,96,38,1,4,0.0
1997-01-25,2,6,38,42,45,27,,A: 1992-1997 (5/45+1/45),1,133,43,0,3,0.0
1997-01-29,1,4,26,28,37,9,,A: 1992-1997 (5/45+1/45),2,96,36,0,3,0.0
1997-02-01,3,16,38,39,40,8,,A: 1992-1997 (5/45+1/45),2,136,37,2,3,0.0
1997-02-05,2,8,18,37,45,42,,A: 1992-1997 (5/45+1/45),2,110,43,0,4,0.0
1997-02-08,22,23,24,29,35,29,,A: 1992-1997 (5/45+1/45),3,133,13,2,2,0.0
1997-02-12,12,16,28,29,36,37,,A: 1992-1997 (5/45+1/45),1,121,24,1,3,1.0
1997-02-15,13,14,26,38,43,7,,A: 1992-1997 (5/45+1/45),2,134,30,1,4,0.0
1997-02-19,7,8,21,23,38,28,,A: 1992-1997 (5/45+1/45),3,97,31,1,3,1.0
1997-02-22,17,35,37,38,40,37,,A: 1992-1997 (5/45+1/45),3,167,23,1,2,1.0
1997-02-26,4,8,9,11,44,6,,A: 1992-1997 (5/45+1/45),2,76,40,1,3,0.0
1997-03-01,7,10,22,34,41,12,,A: 1992-1997 (5/45+1/45),2,114,34,0,4,0.0
1997-03-05,21,29,31,32,43,28,,A: 1992-1997 (5/45+1/45),4,156,22,1,3,0.0
1997-03-08,9,12,21,31,36,22,,A: 1992-1997 (5/45+1/45),3,109,27,0,4,2.0
1997-03-12,1,17,22,30,37,11,,A: 1992-1997 (5/45+1/45),3,107,36,0,4,0.0
1997-03-15,4,7,20,25,31,42,,A: 1992-1997 (5/45+1/45),3,87,27,0,4,0.0
1997-03-19,3,6,7,37,42,19,,A: 1992-1997 (5/45+1/45),3,95,39,1,3,1.0
1997-03-22,5,18,19,21,29,19,,A: 1992-1997 (5/45+1/45),4,92,24,1,3,0.0
1997-03-26,4,15,19,26,32,33,,A: 1992-1997 (5/45+1/45),2,96,28,0,4,1.0
1997-03-29,3,23,29,35,42,25,,A: 1992-1997 (5/45+1/45),4,132,39,0,4,0.0
1997-04-02,4,6,13,33,40,17,,A: 1992-1997 (5/45+1/45),2,96,36,0,3,0.0
1997-04-05,7,8,10,11,21,19,,A: 1992-1997 (5/45+1/45),3,57,14,2,3,0.0
1997-04-09,17,36,42,43,45,16,,A: 1992-1997 (5/45+1/45),3,183,28,1,3,0.0
1997-04-12,9,10,21,28,29,6,,A: 1992-1997 (5/45+1/45),3,97,20,2,2,0.0
1997-04-16,15,16,24,39,45,37,,A: 1992-1997 (5/45+1/45),3,139,30,1,4,0.0
1997-04-19,5,13,19,28,31,31,,A: 1992-1997 (5/45+1/45),4,96,26,0,4,0.0
1997-04-23,4,16,21,31,39,13,,A: 1992-1997 (5/45+1/45),3,111,35,0,4,1.0
1997-04-26,5,18,29,31,42,43,,A: 1992-1997 (5/45+1/45),3,125,37,0,5,1.0
1997-04-30,17,26,31,33,40,32,,A: 1992-1997 (5/45+1/45),3,147,23,0,3,1.0
1997-05-03,8,21,22,29,38,29,,A: 1992-1997 (5/45+1/45),2,118,30,1,3,0.0
1997-05-07,8,10,12,27,35,4,,A: 1992-1997 (5/45+1/45),2,92,27,0,4,1.0
1997-05-10,5,9,14,16,24,35,,A: 1992-1997 (5/45+1/45),2,68,19,0,3,0.0
1997-05-14,8,28,36,42,44,18,,A: 1992-1997 (5/45+1/45),0,158,36,0,4,0.0
1997-05-17,14,24,25,29,31,36,,A: 1992-1997 (5/45+1/45),3,123,17,1,3,0.0
1997-05-21,8,20,32,37,44,40,,A: 1992-1997 (5/45+1/45),1,141,36,0,4,0.0
1997-05-24,5,21,33,35,45,13,,A: 1992-1997 (5/45+1/45),5,139,40,0,4,0.0
1997-05-28,6,10,30,34,39,19,,A: 1992-1997 (5/45+1/45),1,119,33,0,3,0.0
1997-05-31,7,11,16,17,39,17,,A: 1992-1997 (5/45+1/45),4,90,32,1,3,1.0
1997-06-04,4,12,18,20,38,40,,A: 1992-1997 (5/45+1/45),0,92,34,0,3,0.0
1997-06-07,6,8,18,34,39,22,,A: 1992-1997 (5/45+1/45),1,105,33,0,3,1.0
1997-06-11,7,10,23,33,45,12,,A: 1992-1997 (5/45+1/45),4,118,38,0,4,0.0
1997-06-14,9,17,21,24,27,16,,A: 1992-1997 (5/45+1/45),4,98,18,0,3,0.0
1997-06-18,16,23,24,28,29,24,,A: 1992-1997 (5/45+1/45),2,120,13,2,2,1.0
1997-06-21,6,11,20,29,45,43,,A: 1992-1997 (5/45+1/45),3,111,39,0,4,1.0
1997-06-25,20,29,34,35,39,16,,A: 1992-1997 (5/45+1/45),3,157,19,1,3,2.0
1997-06-28,1,21,31,34,43,42,,A: 1992-1997 (5/45+1/45),4,130,42,0,4,1.0
1997-07-02,9,18,37,44,45,38,,A: 1992-1997 (5/45+1/45),3,153,36,1,4,0.0
1997-07-05,22,26,28,43,44,29,,A: 1992-1997 (5/45+1/45),1,163,22,1,2,1.0
1997-07-09,4,32,33,36,39,22,,A: 1992-1997 (5/45+1/45),2,144,35,1,2,0.0
1997-07-12,3,5,11,35,37,14,,A: 1992-1997 (5/45+1/45),5,91,34,0,3,0.0
1997-07-16,13,17,18,39,44,24,,A: 1992-1997 (5/45+1/45),3,131,31,1,3,0.0
1997-07-19,4,11,26,33,41,1,,A: 1992-1997 (5/45+1/45),3,115,37,0,5,0.0
1997-07-23,26,36,40,42,45,12,,A: 1992-1997 (5/45+1/45),1,189,19,0,3,1.0
1997-07-26,6,10,18,23,26,42,,A: 1992-1997 (5/45+1/45),1,83,20,0,3,1.0
1997-07-30,6,16,21,30,34,11,,A: 1992-1997 (5/45+1/45),1,107,28,0,4,1.0
1997-08-02,2,21,28,35,36,10,,A: 1992-1997 (5/45+1/45),2,122,34,1,3,1.0
1997-08-06,3,6,12,25,45,10,,A: 1992-1997 (5/45+1/45),3,91,42,0,4,0.0
1997-08-09,1,7,13,17,27,12,,A: 1992-1997 (5/45+1/45),5,65,26,0,3,0.0
1997-08-13,13,17,31,36,41,19,,A: 1992-1997 (5/45+1/45),4,138,28,0,3,2.0
1997-08-16,3,12,25,33,34,24,,A: 1992-1997 (5/45+1/45),3,107,31,1,4,0.0
1997-08-20,1,3,12,15,25,23,,A: 1992-1997 (5/45+1/45),4,56,24,0,3,3.0
1997-08-23,12,14,34,35,44,9,,A: 1992-1997 (5/45+1/45),1,139,32,1,3,1.0
1997-08-27,1,8,36,37,38,19,,A: 1992-1997 (5/45+1/45),2,120,37,2,2,0.0
1997-08-30,3,11,26,29,36,24,,A: 1992-1997 (5/45+1/45),3,105,33,0,4,1.0
1997-09-03,2,5,10,22,39,42,,A: 1992-1997 (5/45+1/45),2,78,37,0,3,0.0
1997-09-06,7,34,35,39,45,29,,A: 1992-1997 (5/45+1/45),4,160,38,1,3,1.0
1997-09-10,1,2,16,21,42,3,,A: 1992-1997 (5/45+1/45),2,82,41,1,4,0.0
1997-09-13,6,8,19,32,45,22,,A: 1992-1997 (5/45+1/45),2,110,39,0,4,0.0
1997-09-17,22,26,28,31,34,18,,A: 1992-1997 (5/45+1/45),1,141,12,0,2,0.0
1997-09-20,15,16,22,28,43,33,,A: 1992-1997 (5/45+1/45),2,124,28,1,3,2.0
1997-09-24,9,12,25,28,39,20,,A: 1992-1997 (5/45+1/45),3,113,30,0,4,1.0
1997-09-27,6,14,16,31,41,6,,A: 1992-1997 (5/45+1/45),2,108,35,0,4,0.0
1997-10-01,18,21,25,36,44,9,,A: 1992-1997 (5/45+1/45),2,144,26,0,4,0.0
1997-10-04,11,24,25,31,43,28,,A: 1992-1997 (5/45+1/45),4,134,32,1,4,1.0
1997-10-08,10,14,22,33,35,11,,A: 1992-1997 (5/45+1/45),2,114,25,0,4,0.0
1997-10-11,2,20,34,40,42,3,,A: 1992-1997 (5/45+1/45),0,138,40,0,4,0.0
1997-10-15,7,9,19,21,34,8,,A: 1992-1997 (5/45+1/45),4,90,27,0,4,1.0
1997-10-18,11,14,16,19,21,6,,A: 1992-1997 (5/45+1/45),3,81,10,0,2,2.0
1997-10-22,5,9,23,40,43,24,,A: 1992-1997 (5/45+1/45),4,120,38,0,4,0.0
1997-10-25,15,23,24,28,35,30,,A: 1992-1997 (5/45+1/45),3,125,20,1,3,1.0
1997-10-29,6,11,13,26,32,37,,A: 1992-1997 (5/45+1/45),2,88,26,0,4,0.0
1997-11-01,37,28,33,22,25,20,,A: 1992-1997 (5/45+1/45),3,145,15,0,2,0.0
1997-11-05,2,19,35,24,28,26,,B: 1997-2002 (5/49+1/42),2,108,33,0,4,
1997-11-08,40,17,21,7,49,37,,B: 1997-2002 (5/49+1/42),4,134,42,0,5,0.0
1997-11-12,41,14,13,29,16,1,,B: 1997-2002 (5/49+1/42),3,113,28,1,3,0.0
1997-11-15,32,7,45,21,26,8,,B: 1997-2002 (5/49+1/42),3,131,38,0,4,0.0
1997-11-19,19,10,48,3,21,22,,B: 1997-2002 (5/49+1/42),3,101,45,0,4,1.0
1997-11-22,22,31,3,7,14,2,,B: 1997-2002 (5/49+1/42),3,77,28,0,4,1.0
1997-11-26,15,46,34,23,40,35,,B: 1997-2002 (5/49+1/42),2,158,31,0,4,0.0
1997-11-29,11,27,13,2,31,23,,B: 1997-2002 (5/49+1/42),4,84,29,0,4,0.0
1997-12-03,18,9,14,47,42,32,,B: 1997-2002 (5/49+1/42),2,130,38,0,3,0.0
1997-12-06,15,26,28,8,43,36,,B: 1997-2002 (5/49+1/42),2,120,35,0,4,0.0
1997-12-10,18,21,28,41,4,3,,B: 1997-2002 (5/49+1/42),2,112,37,0,4,1.0
1997-12-13,44,41,46,35,5,27,,B: 1997-2002 (5/49+1/42),3,171,41,0,3,1.0
1997-12-17,3,5,45,18,13,20,,B: 1997-2002 (5/49+1/42),4,84,42,0,3,1.0
1997-12-20,23,11,12,17,10,7,,B: 1997-2002 (5/49+1/42),3,73,13,2,3,0.0
1997-12-24,28,16,35,34,3,14,,B: 1997-2002 (5/49+1/42),2,116,32,1,4,0.0
1997-12-27,14,48,15,36,9,17,,B: 1997-2002 (5/49+1/42),2,122,39,1,4,0.0
1997-12-31,27,14,6,4,5,6,,B: 1997-2002 (5/49+1/42),2,56,23,2,3,1.0
1998-01-03,4,9,27,7,32,6,,B: 1997-2002 (5/49+1/42),3,79,28,0,3,2.0
1998-01-07,18,4,30,37,3,23,,B: 1997-2002 (5/49+1/42),2,92,34,1,4,1.0
1998-01-10,17,9,7,44,20,25,,B: 1997-2002 (5/49+1/42),3,97,37,0,3,0.0
1998-01-14,16,9,6,28,38,13,,B: 1997-2002 (5/49+1/42),1,97,32,0,4,1.0
1998-01-17,28,9,49,38,29,6,,B: 1997-2002 (5/49+1/42),3,153,40,1,4,3.0
1998-01-21,31,32,23,1,26,33,,B: 1997-2002 (5/49+1/42),3,113,31,1,3,0.0
1998-01-24,7,23,15,28,36,10,,B: 1997-2002 (5/49+1/42),3,109,29,0,4,1.0
1998-01-28,23,48,36,15,31,12,,B: 1997-2002 (5/49+1/42),3,153,33,0,4,3.0
1998-01-31,13,36,48,7,11,18,,B: 1997-2002 (5/49+1/42),3,115,41,0,4,2.0
1998-02-04,30,25,12,8,21,20,,B: 1997-2002 (5/49+1/42),2,96,22,0,3,0.0
1998-02-07,40,12,15,5,27,14,,B: 1997-2002 (5/49+1/42),3,99,35,0,4,1.0
1998-02-11,37,34,33,25,35,35,,B: 1997-2002 (5/49+1/42),4,164,12,2,2,0.0
1998-02-14,41,23,5,39,7,6,,B: 1997-2002 (5/49+1/42),5,115,36,0,4,0.0
1998-02-18,1,33,28,29,21,15,,B: 1997-2002 (5/49+1/42),4,112,32,1,3,0.0
1998-02-21,22,47,29,39,9,25,,B: 1997-2002 (5/49+1/42),4,146,38,0,4,1.0
1998-02-25,30,43,2,20,46,19,,B: 1997-2002 (5/49+1/42),1,141,44,0,4,0.0
1998-02-28,49,26,4,45,41,6,,B: 1997-2002 (5/49+1/42),3,165,45,0,3,0.0
1998-03-04,39,30,19,3,33,9,,B: 1997-2002 (5/49+1/42),4,124,36,0,4,0.0
1998-03-07,32,36,42,30,21,33,,B: 1997-2002 (5/49+1/42),1,161,21,0,3,1.0
1998-03-11,2,17,36,24,5,20,,B: 1997-2002 (5/49+1/42),2,84,34,0,4,1.0
1998-03-14,15,47,35,34,42,15,,B: 1997-2002 (5/49+1/42),3,173,32,1,3,0.0
1998-03-18,4,41,39,2,33,26,,B: 1997-2002 (5/49+1/42),3,119,39,0,3,0.0
1998-03-21,38,34,4,35,47,16,,B: 1997-2002 (5/49+1/42),2,158,43,1,3,1.0
1998-03-25,42,44,35,23,5,29,,B: 1997-2002 (5/49+1/42),3,149,39,0,4,1.0
1998-03-28,27,44,33,38,30,15,,B: 1997-2002 (5/49+1/42),2,172,17,0,3,1.0
1998-04-01,47,33,11,34,12,39,,B: 1997-2002 (5/49+1/42),3,137,36,2,3,1.0
1998-04-04,8,3,23,46,43,13,,B: 1997-2002 (5/49+1/42),3,123,43,0,3,0.0
1998-04-08,3,24,30,49,10,35,,B: 1997-2002 (5/49+1/42),2,116,46,0,3,1.0
1998-04-11,49,48,5,36,15,11,,B: 1997-2002 (5/49+1/42),3,153,44,1,4,1.0
1998-04-15,41,25,8,24,39,21,,B: 1997-2002 (5/49+1/42),3,137,33,1,4,0.0
1998-04-18,22,24,45,19,30,21,,B: 1997-2002 (5/49+1/42),2,140,26,0,3,1.0
1998-04-22,13,4,49,29,31,4,,B: 1997-2002 (5/49+1/42),4,126,45,0,5,0.0
1998-04-25,35,5,38,7,20,19,,B: 1997-2002 (5/49+1/42),3,105,33,0,3,0.0
1998-04-29,25,46,8,47,30,31,,B: 1997-2002 (5/49+1/42),2,156,39,1,3,0.0
1998-05-02,49,3,37,19,14,4,,B: 1997-2002 (5/49+1/42),4,122,46,0,4,0.0
1998-05-06,20,47,45,44,11,5,,B: 1997-2002 (5/49+1/42),3,167,36,1,2,0.0
1998-05-09,8,49,34,29,26,28,,B: 1997-2002 (5/49+1/42),2,146,41,0,4,0.0
1998-05-13,2,36,13,30,18,26,,B: 1997-2002 (5/49+1/42),1,99,34,0,4,0.0
1998-05-16,22,1,41,28,23,18,,B: 1997-2002 (5/49+1/42),3,115,40,1,3,0.0
1998-05-20,9,30,48,34,4,8,,B: 1997-2002 (5/49+1/42),1,125,44,0,4,0.0
1998-05-23,15,16,35,46,1,35,,B: 1997-2002 (5/49+1/42),3,113,45,1,4,0.0
1998-05-27,46,27,15,33,2,27,,B: 1997-2002 (5/49+1/42),3,123,44,0,5,2.0
1998-05-30,3,45,29,24,14,24,,B: 1997-2002 (5/49+1/42),3,115,42,0,4,0.0
1998-06-03,31,22,25,41,35,38,,B: 1997-2002 (5/49+1/42),4,154,19,0,3,0.0
1998-06-06,24,42,26,16,28,24,,B: 1997-2002 (5/49+1/42),0,136,26,0,3,0.0
1998-06-10,12,36,38,19,4,6,,B: 1997-2002 (5/49+1/42),1,109,34,0,3,0.0
1998-06-13,21,23,6,8,3,11,,B: 1997-2002 (5/49+1/42),3,61,20,0,2,0.0
1998-06-17,36,35,7,37,14,10,,B: 1997-2002 (5/49+1/42),3,129,30,2,3,0.0
1998-06-20,49,27,26,31,9,4,,B: 1997-2002 (5/49+1/42),4,142,40,1,4,0.0
1998-06-24,27,18,16,30,13,23,,B: 1997-2002 (5/49+1/42),2,104,17,0,2,1.0
1998-06-27,7,10,31,30,36,37,,B: 1997-2002 (5/49+1/42),2,114,29,1,3,1.0
1998-07-01,3,17,29,35,47,34,,B: 1997-2002 (5/49+1/42),5,131,44,0,5,0.0
1998-07-04,39,25,38,15,30,42,,B: 1997-2002 (5/49+1/42),3,147,24,1,3,0.0
1998-07-08,19,5,16,34,29,24,,B: 1997-2002 (5/49+1/42),3,103,29,0,4,0.0
1998-07-11,10,12,1,6,38,17,,B: 1997-2002 (5/49+1/42),1,67,37,0,3,0.0
1998-07-15,16,21,36,23,11,37,,B: 1997-2002 (5/49+1/42),3,107,25,0,3,0.0
1998-07-18,10,40,14,8,33,31,,B: 1997-2002 (5/49+1/42),1,105,32,0,3,0.0
1998-07-22,30,49,1,23,22,33,,B: 1997-2002 (5/49+1/42),3,125,48,1,3,0.0
1998-07-25,23,14,3,21,17,16,,B: 1997-2002 (5/49+1/42),4,78,20,0,3,1.0
1998-07-29,39,8,43,45,49,13,,B: 1997-2002 (5/49+1/42),4,184,41,0,3,0.0
1998-08-01,4,25,20,44,1,5,,B: 1997-2002 (5/49+1/42),2,94,43,0,4,0.0
1998-08-05,42,35,19,12,3,21,,B: 1997-2002 (5/49+1/42),3,111,39,0,4,0.0
1998-08-08,45,42,5,9,33,28,,B: 1997-2002 (5/49+1/42),4,134,40,0,3,1.0
1998-08-12,10,42,33,2,45,2,,B: 1997-2002 (5/49+1/42),2,132,43,0,3,3.0
1998-08-15,37,12,49,27,30,20,,B: 1997-2002 (5/49+1/42),3,155,37,0,4,0.0
1998-08-19,8,23,43,15,46,29,,B: 1997-2002 (5/49+1/42),3,135,38,0,4,0.0
1998-08-22,21,22,11,7,49,19,,B: 1997-2002 (5/49+1/42),4,110,42,1,4,0.0
1998-08-26,6,32,46,23,42,8,,B: 1997-2002 (5/49+1/42),1,149,40,0,4,0.0
1998-08-29,13,18,14,29,31,23,,B: 1997-2002 (5/49+1/42),3,105,18,1,3,0.0
1998-09-02,28,29,44,40,21,8,,B: 1997-2002 (5/49+1/42),2,162,23,1,3,1.0
1998-09-05,26,49,10,16,8,40,,B: 1997-2002 (5/49+1/42),1,109,41,0,4,0.0
1998-09-09,42,46,12,4,19,9,,B: 1997-2002 (5/49+1/42),1,123,42,0,3,0.0
1998-09-12,19,28,33,16,35,16,,B: 1997-2002 (5/49+1/42),3,131,19,0,3,1.0
1998-09-16,40,35,6,24,42,2,,B: 1997-2002 (5/49+1/42),1,147,36,0,4,1.0
1998-09-19,41,35,19,37,1,11,,B: 1997-2002 (5/49+1/42),5,133,40,0,4,1.0
1998-09-23,1,21,42,22,5,18,,B: 1997-2002 (5/49+1/42),3,91,41,1,3,1.0
1998-09-26,25,24,5,3,2,8,,B: 1997-2002 (5/49+1/42),3,59,23,2,2,1.0
1998-09-30,2,8,3,12,36,24,,B: 1997-2002 (5/49+1/42),1,61,34,1,3,2.0
1998-10-03,5,25,32,14,22,4,,B: 1997-2002 (5/49+1/42),2,98,27,0,4,0.0
1998-10-07,15,8,26,9,6,7,,B: 1997-2002 (5/49+1/42),2,64,20,1,3,0.0
1998-10-10,1,19,8,28,45,25,,B: 1997-2002 (5/49+1/42),3,101,44,0,4,1.0
1998-10-14,26,14,18,32,15,6,,B: 1997-2002 (5/49+1/42),1,105,18,1,3,0.0
1998-10-17,44,48,47,32,28,27,,B: 1997-2002 (5/49+1/42),1,199,20,1,3,1.0
1998-10-21,24,27,22,44,39,25,,B: 1997-2002 (5/49+1/42),2,156,22,0,3,1.0
1998-10-24,12,25,17,10,40,20,,B: 1997-2002 (5/49+1/42),2,104,30,0,4,0.0
1998-10-28,44,24,35,9,8,42,,B: 1997-2002 (5/49+1/42),2,120,36,1,4,0.0
1998-10-31,17,42,33,37,34,8,,B: 1997-2002 (5/49+1/42),3,163,25,1,3,0.0
1998-11-04,17,2,36,8,30,22,,B: 1997-2002 (5/49+1/42),1,93,34,0,4,1.0
1998-11-07,5,33,10,13,30,28,,B: 1997-2002 (5/49+1/42),3,91,28,0,4,1.0
1998-11-11,48,36,14,25,10,2,,B: 1997-2002 (5/49+1/42),1,133,38,0,5,1.0
1998-11-14,41,35,10,16,3,38,,B: 1997-2002 (5/49+1/42),3,105,38,0,4,1.0
1998-11-18,21,25,33,39,46,18,,B: 1997-2002 (5/49+1/42),4,164,25,0,3,0.0
1998-11-21,15,14,21,1,35,10,,B: 1997-2002 (5/49+1/42),4,86,34,1,4,1.0
1998-11-25,6,33,48,13,10,9,,B: 1997-2002 (5/49+1/42),2,110,42,0,4,0.0
1998-11-28,11,4,43,6,2,9,,B: 1997-2002 (5/49+1/42),2,66,41,0,3,1.0
1998-12-02,45,29,36,4,22,30,,B: 1997-2002 (5/49+1/42),2,136,41,0,4,1.0
1998-12-05,31,19,9,27,20,39,,B: 1997-2002 (5/49+1/42),4,106,22,1,4,0.0
1998-12-09,40,12,43,48,33,16,,B: 1997-2002 (5/49+1/42),2,176,36,0,3,0.0
1998-12-12,29,40,16,12,26,32,,B: 1997-2002 (5/49+1/42),1,123,28,0,3,2.0
1998-12-16,3,32,19,27,8,38,,B: 1997-2002 (5/49+1/42),3,89,29,0,4,0.0
1998-12-19,5,15,45,17,3,6,,B: 1997-2002 (5/49+1/42),5,85,42,0,3,1.0
1998-12-23,45,29,31,39,46,33,,B: 1997-2002 (5/49+1/42),4,190,17,1,3,1.0
1998-12-26,17,27,29,7,41,33,,B: 1997-2002 (5/49+1/42),5,121,34,0,4,1.0
1998-12-30,38,34,46,20,10,3,,B: 1997-2002 (5/49+1/42),0,148,36,0,4,0.0
1999-01-02,23,26,39,4,17,27,,B: 1997-2002 (5/49+1/42),3,109,35,0,4,0.0
1999-01-06,16,44,2,9,13,36,,B: 1997-2002 (5/49+1/42),2,84,42,0,3,0.0
1999-01-09,27,5,10,11,32,13,,B: 1997-2002 (5/49+1/42),3,85,27,1,4,0.0
1999-01-13,31,15,33,47,43,6,,B: 1997-2002 (5/49+1/42),5,169,32,0,3,0.0
1999-01-16,2,40,28,15,20,15,,B: 1997-2002 (5/49+1/42),1,105,38,0,4,1.0
1999-01-20,12,2,40,19,48,27,,B: 1997-2002 (5/49+1/42),1,121,46,0,4,2.0
1999-01-23,3,49,30,19,26,31,,B: 1997-2002 (5/49+1/42),3,127,46,0,4,1.0
1999-01-27,20,23,4,44,2,22,,B: 1997-2002 (5/49+1/42),1,93,42,0,4,0.0
1999-01-30,19,40,25,24,45,5,,B: 1997-2002 (5/49+1/42),3,153,26,1,4,0.0
1999-02-03,39,42,26,20,30,32,,B: 1997-2002 (5/49+1/42),1,157,22,0,4,0.0
1999-02-06,25,48,39,15,32,32,,B: 1997-2002 (5/49+1/42),3,159,33,0,4,1.0
1999-02-10,31,42,10,27,20,26,,B: 1997-2002 (5/49+1/42),2,130,32,0,5,0.0
1999-02-13,18,4,35,27,9,11,,B: 1997-2002 (5/49+1/42),3,93,31,0,4,1.0
1999-02-17,36,25,21,22,10,39,,B: 1997-2002 (5/49+1/42),2,114,26,1,3,0.0
1999-02-20,16,39,24,6,15,12,,B: 1997-2002 (5/49+1/42),2,100,33,1,4,0.0
1999-02-24,46,15,40,29,8,23,,B: 1997-2002 (5/49+1/42),2,138,38,0,5,1.0
1999-02-27,30,13,46,20,32,36,,B: 1997-2002 (5/49+1/42),1,141,33,0,4,1.0
1999-03-03,1,44,42,12,8,13,,B: 1997-2002 (5/49+1/42),1,107,43,0,3,0.0
1999-03-06,25,42,19,13,20,13,,B: 1997-2002 (5/49+1/42),3,119,29,1,3,1.0
1999-03-10,34,26,49,14,1,15,,B: 1997-2002 (5/49+1/42),2,124,48,0,5,0.0
1999-03-13,11,49,8,42,44,39,,B: 1997-2002 (5/49+1/42),2,154,41,0,3,1.0
1999-03-17,9,15,31,40,37,9,,B: 1997-2002 (5/49+1/42),4,132,31,0,3,0.0
1999-03-20,20,41,4,40,22,7,,B: 1997-2002 (5/49+1/42),1,127,37,1,5,1.0
1999-03-24,19,20,27,7,26,12,,B: 1997-2002 (5/49+1/42),3,99,20,2,3,1.0
1999-03-27,12,45,13,5,48,35,,B: 1997-2002 (5/49+1/42),3,123,43,1,3,0.0
1999-03-31,16,3,15,39,28,1,,B: 1997-2002 (5/49+1/42),3,101,36,1,4,0.0
1999-04-03,1,4,10,17,30,6,,B: 1997-2002 (5/49+1/42),2,62,29,0,3,0.0
1999-04-07,26,5,37,39,31,42,,B: 1997-2002 (5/49+1/42),4,138,34,0,3,0.0
1999-04-10,3,34,45,42,24,1,,B: 1997-2002 (5/49+1/42),2,148,42,0,4,0.0
1999-04-14,25,10,40,19,12,33,,B: 1997-2002 (5/49+1/42),2,106,30,0,4,0.0
1999-04-17,18,40,25,43,15,37,,B: 1997-2002 (5/49+1/42),3,141,28,0,4,2.0
1999-04-21,3,11,45,41,32,29,,B: 1997-2002 (5/49+1/42),4,132,42,0,4,0.0
1999-04-24,3,48,45,1,35,18,,B: 1997-2002 (5/49+1/42),4,132,47,0,3,2.0
1999-04-28,42,5,12,18,7,14,,B: 1997-2002 (5/49+1/42),2,84,37,0,3,0.0
1999-05-01,20,9,27,7,26,18,,B: 1997-2002 (5/49+1/42),3,89,20,1,3,1.0
1999-05-05,7,40,9,31,26,24,,B: 1997-2002 (5/49+1/42),3,113,33,0,3,3.0
1999-05-08,25,47,34,28,30,14,,B: 1997-2002 (5/49+1/42),2,164,22,0,3,0.0
1999-05-12,5,12,40,38,4,28,,B: 1997-2002 (5/49+1/42),1,99,36,1,3,0.0
1999-05-15,4,38,24,27,30,14,,B: 1997-2002 (5/49+1/42),1,123,34,0,3,2.0
1999-05-19,24,35,4,41,9,31,,B: 1997-2002 (5/49+1/42),3,113,37,0,4,2.0
1999-05-22,36,18,6,43,15,11,,B: 1997-2002 (5/49+1/42),2,118,37,0,4,0.0
1999-05-26,36,26,34,29,37,24,,B: 1997-2002 (5/49+1/42),2,162,11,1,2,1.0
1999-05-29,43,36,35,5,45,19,,B: 1997-2002 (5/49+1/42),4,164,40,1,3,1.0
1999-06-02,48,24,4,20,46,32,,B: 1997-2002 (5/49+1/42),0,142,44,0,4,0.0
1999-06-05,49,8,37,2,16,11,,B: 1997-2002 (5/49+1/42),2,112,47,0,4,0.0
1999-06-09,32,35,7,48,38,17,,B: 1997-2002 (5/49+1/42),2,160,41,0,3,0.0
1999-06-12,28,26,35,45,17,20,,B: 1997-2002 (5/49+1/42),3,151,28,0,4,1.0
1999-06-16,2,4,38,14,8,1,,B: 1997-2002 (5/49+1/42),0,66,36,0,3,0.0
1999-06-19,46,2,23,38,27,26,,B: 1997-2002 (5/49+1/42),2,136,44,0,4,2.0
1999-06-23,15,12,23,17,49,7,,B: 1997-2002 (5/49+1/42),4,116,37,0,3,1.0
1999-06-26,22,15,38,47,8,26,,B: 1997-2002 (5/49+1/42),2,130,39,0,5,1.0
1999-06-30,5,20,40,10,12,3,,B: 1997-2002 (5/49+1/42),1,87,35,0,3,0.0
1999-07-03,1,7,8,37,21,2,,B: 1997-2002 (5/49+1/42),4,74,36,1,3,0.0
1999-07-07,41,3,6,37,17,8,,B: 1997-2002 (5/49+1/42),4,104,38,0,4,1.0
1999-07-10,35,17,7,44,37,30,,B: 1997-2002 (5/49+1/42),4,140,37,0,4,2.0
1999-07-14,25,32,6,29,1,9,,B: 1997-2002 (5/49+1/42),3,93,31,0,3,0.0
1999-07-17,37,40,36,30,48,28,,B: 1997-2002 (5/49+1/42),1,191,18,1,3,0.0
1999-07-21,26,13,31,4,29,3,,B: 1997-2002 (5/49+1/42),3,103,27,0,4,0.0
1999-07-24,4,23,45,47,33,33,,B: 1997-2002 (5/49+1/42),4,152,43,0,4,1.0
1999-07-28,22,25,31,23,32,25,,B: 1997-2002 (5/49+1/42),3,133,10,2,2,1.0
1999-07-31,45,18,43,46,26,29,,B: 1997-2002 (5/49+1/42),2,178,28,1,3,0.0
1999-08-04,24,33,35,4,18,34,,B: 1997-2002 (5/49+1/42),2,114,31,0,4,1.0
1999-08-07,42,49,45,1,44,1,,B: 1997-2002 (5/49+1/42),3,181,48,1,2,0.0
1999-08-11,5,7,43,12,10,7,,B: 1997-2002 (5/49+1/42),3,77,38,0,3,0.0
1999-08-14,6,39,5,45,1,14,,B: 1997-2002 (5/49+1/42),4,96,44,1,3,1.0
1999-08-18,8,5,26,41,9,19,,B: 1997-2002 (5/49+1/42),3,89,36,1,3,1.0
1999-08-21,17,45,28,42,2,20,,B: 1997-2002 (5/49+1/42),2,134,43,0,4,0.0
1999-08-25,45,11,13,21,34,30,,B: 1997-2002 (5/49+1/42),4,124,34,0,4,1.0
1999-08-28,38,39,25,14,18,7,,B: 1997-2002 (5/49+1/42),2,134,25,1,3,0.0
1999-09-01,9,37,39,36,32,14,,B: 1997-2002 (5/49+1/42),3,153,30,1,2,1.0
1999-09-04,23,22,34,26,14,29,,B: 1997-2002 (5/49+1/42),1,119,20,1,3,0.0
1999-09-08,8,43,22,39,15,22,,B: 1997-2002 (5/49+1/42),3,127,35,0,5,1.0
1999-09-11,37,4,32,42,33,25,,B: 1997-2002 (5/49+1/42),2,148,38,1,3,0.0
1999-09-15,37,12,1,42,48,31,,B: 1997-2002 (5/49+1/42),2,140,47,0,4,2.0
1999-09-18,2,46,26,34,8,30,,B: 1997-2002 (5/49+1/42),0,116,44,0,4,0.0
1999-09-22,8,33,38,35,47,8,,B: 1997-2002 (5/49+1/42),3,161,39,0,3,1.0
1999-09-25,33,41,36,32,15,7,,B: 1997-2002 (5/49+1/42),3,157,26,1,3,1.0
1999-09-29,29,46,11,41,22,42,,B: 1997-2002 (5/49+1/42),3,149,35,0,3,1.0
1999-10-02,48,35,15,12,25,30,,B: 1997-2002 (5/49+1/42),3,135,36,0,4,0.0
1999-10-06,7,6,38,42,15,42,,B: 1997-2002 (5/49+1/42),2,108,36,1,4,1.0
1999-10-09,20,8,43,39,27,1,,B: 1997-2002 (5/49+1/42),3,137,35,0,5,0.0
1999-10-13,23,15,44,38,43,38,,B: 1997-2002 (5/49+1/42),3,163,29,1,4,1.0
1999-10-16,5,40,18,22,12,21,,B: 1997-2002 (5/49+1/42),1,97,35,0,4,0.0
1999-10-20,2,20,19,29,16,13,,B: 1997-2002 (5/49+1/42),2,86,27,1,3,0.0
1999-10-23,32,15,12,37,27,11,,B: 1997-2002 (5/49+1/42),3,123,25,0,3,0.0
1999-10-27,31,24,20,39,17,21,,B: 1997-2002 (5/49+1/42),3,131,22,0,3,0.0
1999-10-30,26,41,33,37,10,21,,B: 1997-2002 (5/49+1/42),3,147,31,0,4,0.0
1999-11-03,7,3,8,1,26,7,,B: 1997-2002 (5/49+1/42),3,45,25,1,2,1.0
1999-11-06,8,5,12,40,25,28,,B: 1997-2002 (5/49+1/42),2,90,35,0,4,1.0
1999-11-10,43,40,19,13,31,36,,B: 1997-2002 (5/49+1/42),4,146,30,0,3,1.0
1999-11-13,26,13,32,16,34,24,,B: 1997-2002 (5/49+1/42),1,121,21,0,3,1.0
1999-11-17,27,20,11,48,43,12,,B: 1997-2002 (5/49+1/42),3,149,37,0,3,0.0
1999-11-20,5,6,18,44,42,3,,B: 1997-2002 (5/49+1/42),1,115,39,1,3,0.0
1999-11-24,43,2,15,4,37,40,,B: 1997-2002 (5/49+1/42),3,101,41,0,4,0.0
1999-11-27,16,24,38,28,3,28,,B: 1997-2002 (5/49+1/42),1,109,35,0,4,0.0
1999-12-01,32,14,47,20,3,2,,B: 1997-2002 (5/49+1/42),2,116,44,0,4,1.0
1999-12-04,38,25,36,22,5,37,,B: 1997-2002 (5/49+1/42),2,126,33,0,3,0.0
1999-12-08,34,13,44,40,47,24,,B: 1997-2002 (5/49+1/42),2,178,34,0,3,0.0
1999-12-11,47,10,6,31,48,29,,B: 1997-2002 (5/49+1/42),2,142,42,1,3,1.0
1999-12-15,35,33,47,19,32,26,,B: 1997-2002 (5/49+1/42),4,166,28,1,3,1.0
1999-12-18,43,3,2,25,15,25,,B: 1997-2002 (5/49+1/42),4,88,41,1,4,0.0
1999-12-22,43,23,42,13,11,18,,B: 1997-2002 (5/49+1/42),4,132,32,1,3,1.0
1999-12-25,19,39,29,6,44,28,,B: 1997-2002 (5/49+1/42),3,137,38,0,5,0.0
1999-12-29,43,11,16,3,14,10,,B: 1997-2002 (5/49+1/42),3,87,40,0,3,0.0
2000-01-01,36,13,23,9,45,39,,B: 1997-2002 (5/49+1/42),4,126,36,0,5,0.0
2000-01-05,15,5,16,28,32,39,,B: 1997-2002 (5/49+1/42),2,96,27,1,4,0.0
2000-01-08,28,7,35,40,48,14,,B: 1997-2002 (5/49+1/42),2,158,41,0,4,1.0
2000-01-12,32,9,44,38,41,27,,B: 1997-2002 (5/49+1/42),2,164,35,0,3,0.0
2000-01-15,40,1,6,21,33,28,,B: 1997-2002 (5/49+1/42),3,101,39,0,3,0.0
2000-01-19,12,37,31,35,44,34,,B: 1997-2002 (5/49+1/42),3,159,32,0,3,0.0
2000-01-22,41,32,4,34,16,25,,B: 1997-2002 (5/49+1/42),1,127,37,0,4,0.0
2000-01-26,46,43,18,25,30,18,,B: 1997-2002 (5/49+1/42),2,162,28,0,3,0.0
2000-01-29,28,8,32,6,47,26,,B: 1997-2002 (5/49+1/42),1,121,41,0,4,0.0
2000-02-02,16,6,10,12,29,33,,B: 1997-2002 (5/49+1/42),1,73,23,0,3,1.0
2000-02-05,44,11,41,34,6,20,,B: 1997-2002 (5/49+1/42),2,136,38,0,4,1.0
2000-02-09,40,36,49,5,29,30,,B: 1997-2002 (5/49+1/42),3,159,44,0,4,0.0
2000-02-12,45,37,44,21,24,24,,B: 1997-2002 (5/49+1/42),3,171,24,1,3,0.0
2000-02-16,31,10,12,9,41,37,,B: 1997-2002 (5/49+1/42),3,103,32,1,4,0.0
2000-02-19,45,24,14,23,48,21,,B: 1997-2002 (5/49+1/42),2,154,34,1,3,0.0
2000-02-23,32,12,20,16,26,35,,B: 1997-2002 (5/49+1/42),0,106,20,0,3,0.0
2000-02-26,49,9,7,23,37,7,,B: 1997-2002 (5/49+1/42),5,125,42,0,4,0.0
2000-03-01,22,30,38,21,29,39,,B: 1997-2002 (5/49+1/42),2,140,17,2,2,0.0
2000-03-04,6,43,8,48,3,1,,B: 1997-2002 (5/49+1/42),2,108,45,0,2,0.0
2000-03-08,36,17,14,11,25,38,,B: 1997-2002 (5/49+1/42),3,103,25,0,3,0.0
2000-03-11,23,11,31,2,28,39,,B: 1997-2002 (5/49+1/42),3,95,29,0,4,1.0
2000-03-15,19,44,15,38,14,20,,B: 1997-2002 (5/49+1/42),2,130,30,1,3,0.0
2000-03-18,30,43,46,12,39,10,,B: 1997-2002 (5/49+1/42),2,170,34,0,4,0.0
2000-03-22,41,3,12,46,30,32,,B: 1997-2002 (5/49+1/42),2,132,43,0,4,3.0
2000-03-25,6,48,43,30,45,32,,B: 1997-2002 (5/49+1/42),2,172,42,0,3,1.0
2000-03-29,40,12,32,37,49,37,,B: 1997-2002 (5/49+1/42),2,170,37,0,3,0.0
2000-04-01,4,3,29,38,13,21,,B: 1997-2002 (5/49+1/42),3,87,35,1,4,0.0
2000-04-05,6,11,18,8,39,40,,B: 1997-2002 (5/49+1/42),2,82,33,0,3,0.0
2000-04-08,33,4,48,12,9,18,,B: 1997-2002 (5/49+1/42),2,106,44,0,4,0.0
2000-04-12,31,20,4,25,6,6,,B: 1997-2002 (5/49+1/42),2,86,27,0,4,1.0
2000-04-15,28,26,48,40,15,9,,B: 1997-2002 (5/49+1/42),1,157,33,0,4,0.0
2000-04-19,8,20,49,9,3,22,,B: 1997-2002 (5/49+1/42),3,89,46,1,3,0.0
2000-04-22,48,3,9,5,42,35,,B: 1997-2002 (5/49+1/42),3,107,45,0,2,2.0
2000-04-26,37,24,10,5,17,15,,B: 1997-2002 (5/49+1/42),3,93,32,0,4,1.0
2000-04-29,12,14,35,26,36,37,,B: 1997-2002 (5/49+1/42),1,123,24,1,3,0.0
2000-05-03,5,48,41,34,13,7,,B: 1997-2002 (5/49+1/42),3,141,43,0,4,0.0
2000-05-06,39,4,27,29,41,16,,B: 1997-2002 (5/49+1/42),4,140,37,0,4,1.0
2000-05-10,31,47,20,18,8,11,,B: 1997-2002 (5/49+1/42),2,124,39,0,4,0.0
2000-05-13,38,1,42,27,3,24,,B: 1997-2002 (5/49+1/42),3,111,41,0,4,0.0
2000-05-17,17,20,49,16,28,34,,B: 1997-2002 (5/49+1/42),2,130,33,1,3,0.0
2000-05-20,40,5,48,17,44,26,,B: 1997-2002 (5/49+1/42),2,154,43,0,4,1.0
2000-05-24,7,47,19,43,46,4,,B: 1997-2002 (5/49+1/42),4,162,40,1,3,0.0
2000-05-27,30,29,2,44,22,36,,B: 1997-2002 (5/49+1/42),1,127,42,1,3,0.0
2000-05-31,22,15,42,43,16,11,,B: 1997-2002 (5/49+1/42),2,138,28,2,3,1.0
2000-06-03,31,37,13,14,15,10,,B: 1997-2002 (5/49+1/42),4,110,24,2,2,1.0
2000-06-07,46,45,19,39,49,17,,B: 1997-2002 (5/49+1/42),4,198,30,1,3,0.0
2000-06-10,47,2,32,40,16,15,,B: 1997-2002 (5/49+1/42),1,137,45,0,4,0.0
2000-06-14,23,21,42,32,34,5,,B: 1997-2002 (5/49+1/42),2,152,21,0,3,1.0
2000-06-17,25,15,47,44,6,7,,B: 1997-2002 (5/49+1/42),3,137,41,0,4,0.0
2000-06-21,43,1,28,27,24,25,,B: 1997-2002 (5/49+1/42),3,123,42,1,3,0.0
2000-06-24,49,13,26,27,2,4,,B: 1997-2002 (5/49+1/42),3,117,47,1,4,1.0
2000-06-28,27,24,30,13,45,18,,B: 1997-2002 (5/49+1/42),3,139,32,0,3,2.0
2000-07-01,42,14,22,13,32,26,,B: 1997-2002 (5/49+1/42),1,123,29,1,4,1.0
2000-07-05,32,18,10,14,33,2,,B: 1997-2002 (5/49+1/42),1,107,23,1,3,2.0
2000-07-08,10,2,39,34,7,12,,B: 1997-2002 (5/49+1/42),2,92,37,0,2,1.0
2000-07-12,9,10,48,6,26,10,,B: 1997-2002 (5/49+1/42),1,99,42,1,3,1.0
2000-07-15,21,5,8,49,46,34,,B: 1997-2002 (5/49+1/42),3,129,44,0,3,0.0
2000-07-19,36,5,8,18,38,40,,B: 1997-2002 (5/49+1/42),1,105,33,0,3,2.0
2000-07-22,12,2,33,15,41,33,,B: 1997-2002 (5/49+1/42),3,103,39,0,4,0.0
2000-07-26,3,37,20,22,44,36,,B: 1997-2002 (5/49+1/42),2,126,41,0,5,0.0
2000-07-29,38,24,26,11,41,7,,B: 1997-2002 (5/49+1/42),2,140,30,0,4,0.0
2000-08-02,12,42,49,33,27,31,,B: 1997-2002 (5/49+1/42),3,163,37,0,4,0.0
2000-08-05,32,38,28,13,33,14,,B: 1997-2002 (5/49+1/42),2,144,25,1,3,1.0
2000-08-09,18,28,19,11,17,34,,B: 1997-2002 (5/49+1/42),3,93,17,2,2,1.0
2000-08-12,46,47,31,6,38,21,,B: 1997-2002 (5/49+1/42),2,168,41,1,3,0.0
2000-08-16,44,16,15,47,27,14,,B: 1997-2002 (5/49+1/42),3,149,32,1,3,1.0
2000-08-19,17,36,23,10,13,23,,B: 1997-2002 (5/49+1/42),3,99,26,0,4,0.0
2000-08-23,43,28,47,20,40,31,,B: 1997-2002 (5/49+1/42),2,178,27,0,4,0.0
2000-08-26,40,43,27,22,16,5,,B: 1997-2002 (5/49+1/42),2,148,27,0,4,2.0
2000-08-30,25,29,36,46,4,8,,B: 1997-2002 (5/49+1/42),2,140,42,0,4,0.0
2000-09-02,5,26,22,14,20,35,,B: 1997-2002 (5/49+1/42),1,87,21,0,3,0.0
2000-09-06,28,6,4,12,42,6,,B: 1997-2002 (5/49+1/42),0,92,38,0,4,0.0
2000-09-09,18,42,14,29,20,2,,B: 1997-2002 (5/49+1/42),1,123,28,0,3,1.0
2000-09-13,21,2,22,47,13,31,,B: 1997-2002 (5/49+1/42),3,105,45,1,4,0.0
2000-09-16,19,47,1,40,49,14,,B: 1997-2002 (5/49+1/42),4,156,48,0,4,1.0
2000-09-20,17,45,23,33,21,11,,B: 1997-2002 (5/49+1/42),5,139,28,0,4,0.0
2000-09-23,35,1,17,36,27,31,,B: 1997-2002 (5/49+1/42),4,116,35,1,4,1.0
2000-09-27,24,47,44,32,42,15,,B: 1997-2002 (5/49+1/42),1,189,23,0,3,0.0
2000-09-30,24,19,32,44,43,39,,B: 1997-2002 (5/49+1/42),2,162,25,1,4,3.0
2000-10-04,24,16,48,34,3,3,,B: 1997-2002 (5/49+1/42),1,125,45,0,5,1.0
2000-10-07,4,7,39,34,27,1,,B: 1997-2002 (5/49+1/42),3,111,35,0,3,1.0
2000-10-11,32,44,45,26,41,35,,B: 1997-2002 (5/49+1/42),2,188,19,1,3,0.0
2000-10-14,16,22,18,41,14,37,,B: 1997-2002 (5/49+1/42),1,111,27,0,3,1.0
2000-10-18,17,42,21,43,28,25,,B: 1997-2002 (5/49+1/42),3,151,26,1,3,0.0
2000-10-21,24,45,13,19,44,16,,B: 1997-2002 (5/49+1/42),3,145,32,1,3,0.0
2000-10-25,45,5,46,3,20,37,,B: 1997-2002 (5/49+1/42),3,119,43,1,3,1.0
2000-10-28,37,32,6,11,47,13,,B: 1997-2002 (5/49+1/42),3,133,41,0,4,0.0
2000-11-01,10,29,14,4,39,10,,B: 1997-2002 (5/49+1/42),2,96,35,0,4,0.0
2000-11-04,34,5,22,42,9,2,,B: 1997-2002 (5/49+1/42),2,112,37,0,4,0.0
2000-11-08,37,49,17,45,13,4,,B: 1997-2002 (5/49+1/42),5,161,36,0,3,0.0
2000-11-11,21,38,12,4,46,37,,B: 1997-2002 (5/49+1/42),1,121,42,0,5,0.0
2000-11-15,26,12,46,32,41,18,,B: 1997-2002 (5/49+1/42),1,157,34,0,4,2.0
2000-11-18,27,31,41,3,32,33,,B: 1997-2002 (5/49+1/42),4,134,38,1,4,2.0
2000-11-22,44,18,5,40,47,34,,B: 1997-2002 (5/49+1/42),2,154,42,0,4,0.0
2000-11-25,37,2,39,38,42,22,,B: 1997-2002 (5/49+1/42),2,158,40,2,3,0.0
2000-11-29,29,1,20,27,4,17,,B: 1997-2002 (5/49+1/42),3,81,28,0,3,0.0
2000-12-02,22,14,38,41,11,39,,B: 1997-2002 (5/49+1/42),2,126,30,0,4,0.0
2000-12-06,20,15,45,7,23,17,,B: 1997-2002 (5/49+1/42),4,110,38,0,4,0.0
2000-12-09,14,41,10,8,42,20,,B: 1997-2002 (5/49+1/42),1,115,34,1,3,0.0
2000-12-13,6,19,38,10,43,41,,B: 1997-2002 (5/49+1/42),2,116,37,0,4,1.0
2000-12-16,26,34,2,33,39,23,,B: 1997-2002 (5/49+1/42),2,134,37,1,3,0.0
2000-12-20,4,31,34,7,41,28,,B: 1997-2002 (5/49+1/42),3,117,37,0,3,1.0
2000-12-23,27,6,11,15,22,27,,B: 1997-2002 (5/49+1/42),3,81,21,0,3,0.0
2000-12-27,24,15,32,22,39,18,,B: 1997-2002 (5/49+1/42),2,132,24,0,3,2.0
2000-12-30,46,38,29,23,26,35,,B: 1997-2002 (5/49+1/42),2,162,23,0,3,0.0
2001-01-03,29,9,49,19,38,20,,B: 1997-2002 (5/49+1/42),4,144,40,0,5,2.0
2001-01-06,22,43,1,24,39,26,,B: 1997-2002 (5/49+1/42),3,129,42,0,4,0.0
2001-01-10,23,22,35,6,9,6,,B: 1997-2002 (5/49+1/42),3,95,29,1,3,1.0
2001-01-13,42,19,23,14,29,26,,B: 1997-2002 (5/49+1/42),3,127,28,0,3,1.0
2001-01-17,48,16,31,9,28,36,,B: 1997-2002 (5/49+1/42),2,132,39,0,5,0.0
2001-01-20,36,25,11,1,29,40,,B: 1997-2002 (5/49+1/42),4,102,35,0,4,0.0
2001-01-24,39,49,31,34,42,26,,B: 1997-2002 (5/49+1/42),3,195,18,0,2,0.0
2001-01-27,45,19,41,32,8,37,,B: 1997-2002 (5/49+1/42),3,145,37,0,4,0.0
2001-01-31,27,15,21,47,37,16,,B: 1997-2002 (5/49+1/42),5,147,32,0,4,0.0
2001-02-03,29,27,44,21,41,9,,B: 1997-2002 (5/49+1/42),4,162,23,0,2,2.0
2001-02-07,7,6,33,31,4,20,,B: 1997-2002 (5/49+1/42),3,81,29,1,2,0.0
2001-02-10,46,16,41,38,47,25,,B: 1997-2002 (5/49+1/42),2,188,31,1,3,0.0
2001-02-14,41,29,5,42,18,16,,B: 1997-2002 (5/49+1/42),3,135,37,1,4,1.0
2001-02-17,31,39,22,41,4,6,,B: 1997-2002 (5/49+1/42),3,137,37,0,4,1.0
2001-02-21,32,4,10,39,45,25,,B: 1997-2002 (5/49+1/42),2,130,41,0,3,2.0
2001-02-24,41,30,49,34,29,37,,B: 1997-2002 (5/49+1/42),3,183,20,1,3,0.0
2001-02-28,3,47,46,9,1,22,,B: 1997-2002 (5/49+1/42),4,106,46,1,2,0.0
2001-03-03,44,36,23,9,8,15,,B: 1997-2002 (5/49+1/42),2,120,36,1,4,1.0
2001-03-07,32,9,23,45,40,31,5.0,B: 1997-2002 (5/49+1/42),3,149,36,0,4,2.0
2001-03-10,30,19,12,26,33,11,3.0,B: 1997-2002 (5/49+1/42),2,120,21,0,3,0.0
2001-03-14,42,22,27,49,12,34,2.0,B: 1997-2002 (5/49+1/42),2,152,37,0,3,1.0
2001-03-17,36,16,18,15,20,18,5.0,B: 1997-2002 (5/49+1/42),1,105,21,1,2,0.0
2001-03-21,13,18,14,20,21,16,1.0,B: 1997-2002 (5/49+1/42),2,86,8,2,2,2.0
2001-03-24,2,28,37,40,49,22,5.0,B: 1997-2002 (5/49+1/42),2,156,47,0,4,0.0
2001-03-28,27,43,31,12,4,20,5.0,B: 1997-2002 (5/49+1/42),3,117,39,0,5,0.0
2001-03-31,11,39,41,27,37,42,2.0,B: 1997-2002 (5/49+1/42),5,155,30,0,4,1.0
2001-04-04,5,43,16,12,13,11,3.0,B: 1997-2002 (5/49+1/42),3,89,38,1,3,0.0
2001-04-07,37,20,41,31,18,1,4.0,B: 1997-2002 (5/49+1/42),3,147,23,0,3,0.0
2001-04-11,21,4,41,32,39,31,3.0,B: 1997-2002 (5/49+1/42),3,137,37,0,4,1.0
2001-04-14,3,16,30,8,29,4,2.0,B: 1997-2002 (5/49+1/42),2,86,27,1,3,0.0
2001-04-18,6,18,11,20,44,39,3.0,B: 1997-2002 (5/49+1/42),1,99,38,0,3,0.0
2001-04-21,24,38,5,25,30,40,2.0,B: 1997-2002 (5/49+1/42),2,122,33,1,3,0.0
2001-04-25,39,28,14,29,26,39,1.0,B: 1997-2002 (5/49+1/42),2,136,25,1,3,0.0
2001-04-28,1,20,11,39,34,37,5.0,B: 1997-2002 (5/49+1/42),3,105,38,0,3,1.0
2001-05-02,42,2,36,19,30,19,2.0,B: 1997-2002 (5/49+1/42),1,129,40,0,5,0.0
2001-05-05,7,20,45,9,19,5,2.0,B: 1997-2002 (5/49+1/42),4,100,38,1,3,1.0
2001-05-09,49,22,14,19,9,34,2.0,B: 1997-2002 (5/49+1/42),3,113,40,0,4,2.0
2001-05-12,11,36,28,16,29,21,5.0,B: 1997-2002 (5/49+1/42),2,120,25,1,3,0.0
2001-05-16,28,20,44,13,12,17,5.0,B: 1997-2002 (5/49+1/42),1,117,32,1,3,1.0
2001-05-19,49,47,10,6,21,2,2.0,B: 1997-2002 (5/49+1/42),3,133,43,0,3,0.0
2001-05-23,34,21,49,32,19,38,2.0,B: 1997-2002 (5/49+1/42),3,155,30,0,4,2.0
2001-05-26,9,10,40,24,21,36,4.0,B: 1997-2002 (5/49+1/42),2,104,31,1,3,1.0
2001-05-30,12,36,28,43,11,9,1.0,B: 1997-2002 (5/49+1/42),2,130,32,1,4,0.0
2001-06-02,10,45,48,26,17,38,5.0,B: 1997-2002 (5/49+1/42),2,146,38,0,4,0.0
2001-06-06,10,40,45,20,21,22,1.0,B: 1997-2002 (5/49+1/42),2,136,35,1,5,2.0
2001-06-09,37,23,42,43,20,27,3.0,B: 1997-2002 (5/49+1/42),3,165,23,1,4,1.0
2001-06-13,41,9,32,36,34,14,2.0,B: 1997-2002 (5/49+1/42),2,152,32,0,3,0.0
2001-06-16,44,17,13,2,45,14,1.0,B: 1997-2002 (5/49+1/42),3,121,43,1,3,0.0
2001-06-20,5,9,49,18,14,32,1.0,B: 1997-2002 (5/49+1/42),3,95,44,0,3,0.0
2001-06-23,42,38,40,6,35,36,2.0,B: 1997-2002 (5/49+1/42),1,161,36,0,3,0.0
2001-06-27,7,13,16,3,35,22,3.0,B: 1997-2002 (5/49+1/42),4,74,32,0,3,1.0
2001-06-30,33,3,6,34,39,15,2.0,B: 1997-2002 (5/49+1/42),3,115,36,1,2,1.0
2001-07-04,30,25,3,28,26,10,3.0,B: 1997-2002 (5/49+1/42),2,112,27,1,2,1.0
2001-07-07,9,34,22,46,3,17,1.0,B: 1997-2002 (5/49+1/42),2,114,43,0,4,1.0
2001-07-11,16,24,26,10,18,13,5.0,B: 1997-2002 (5/49+1/42),0,94,16,0,3,0.0
2001-07-14,27,15,1,13,41,2,4.0,B: 1997-2002 (5/49+1/42),5,97,40,0,4,0.0
2001-07-18,9,4,31,26,49,2,2.0,B: 1997-2002 (5/49+1/42),3,119,45,0,4,0.0
2001-07-21,19,27,20,15,3,20,5.0,B: 1997-2002 (5/49+1/42),4,84,24,1,3,0.0
2001-07-25,37,16,29,39,23,17,2.0,B: 1997-2002 (5/49+1/42),4,144,23,0,3,0.0
2001-07-28,33,36,4,23,45,29,1.0,B: 1997-2002 (5/49+1/42),3,141,41,0,4,1.0
2001-08-01,39,26,24,34,25,31,4.0,B: 1997-2002 (5/49+1/42),2,148,15,2,2,0.0
2001-08-04,16,26,46,24,20,9,3.0,B: 1997-2002 (5/49+1/42),0,132,30,0,3,2.0
2001-08-08,37,25,41,10,2,2,2.0,B: 1997-2002 (5/49+1/42),3,115,39,0,4,0.0
2001-08-11,14,41,11,25,20,8,4.0,B: 1997-2002 (5/49+1/42),3,111,30,0,3,2.0
2001-08-15,37,40,44,29,43,6,5.0,B: 1997-2002 (5/49+1/42),3,193,15,1,3,0.0
2001-08-18,22,14,3,20,48,17,1.0,B: 1997-2002 (5/49+1/42),1,107,45,0,4,0.0
2001-08-22,2,36,39,30,28,10,3.0,B: 1997-2002 (5/49+1/42),1,135,37,0,3,0.0
2001-08-25,17,8,42,22,47,21,2.0,B: 1997-2002 (5/49+1/42),2,136,39,0,4,0.0
2001-08-29,35,9,49,4,32,28,3.0,B: 1997-2002 (5/49+1/42),3,129,45,0,3,0.0
2001-09-01,27,7,30,44,24,29,1.0,B: 1997-2002 (5/49+1/42),2,132,37,0,3,0.0
2001-09-05,14,42,18,33,24,8,5.0,B: 1997-2002 (5/49+1/42),1,131,28,0,4,1.0
2001-09-08,12,28,13,48,6,26,3.0,B: 1997-2002 (5/49+1/42),1,107,42,1,4,0.0
2001-09-12,47,25,39,13,35,1,3.0,B: 1997-2002 (5/49+1/42),5,159,34,0,4,1.0
2001-09-15,33,43,28,49,19,23,3.0,B: 1997-2002 (5/49+1/42),4,172,30,0,4,0.0
2001-09-19,31,28,21,41,26,29,5.0,B: 1997-2002 (5/49+1/42),3,147,20,0,3,1.0
2001-09-22,27,42,39,34,23,40,1.0,B: 1997-2002 (5/49+1/42),3,165,19,0,3,0.0
2001-09-26,35,18,30,26,44,19,4.0,B: 1997-2002 (5/49+1/42),1,153,26,0,4,0.0
2001-09-29,15,2,29,47,21,12,4.0,B: 1997-2002 (5/49+1/42),4,114,45,0,4,0.0
2001-10-03,23,35,20,2,49,25,5.0,B: 1997-2002 (5/49+1/42),3,129,47,0,5,1.0
2001-10-06,31,21,9,5,1,12,1.0,B: 1997-2002 (5/49+1/42),5,67,30,0,3,0.0
2001-10-10,8,16,1,7,19,37,5.0,B: 1997-2002 (5/49+1/42),3,51,18,1,2,1.0
2001-10-13,37,40,41,46,48,20,2.0,B: 1997-2002 (5/49+1/42),2,212,11,1,2,0.0
2001-10-17,46,7,40,5,29,5,1.0,B: 1997-2002 (5/49+1/42),3,127,41,0,4,2.0
2001-10-20,40,16,47,7,33,33,2.0,B: 1997-2002 (5/49+1/42),3,143,40,0,4,2.0
2001-10-24,27,6,15,42,24,32,5.0,B: 1997-2002 (5/49+1/42),2,114,36,0,4,0.0
2001-10-27,17,28,10,1,45,20,5.0,B: 1997-2002 (5/49+1/42),3,101,44,0,4,0.0
2001-10-31,2,18,16,40,35,41,5.0,B: 1997-2002 (5/49+1/42),1,111,38,0,3,0.0
2001-11-03,14,37,6,49,36,20,3.0,B: 1997-2002 (5/49+1/42),2,142,43,1,4,0.0
2001-11-07,25,4,17,2,6,31,1.0,B: 1997-2002 (5/49+1/42),2,54,23,0,3,1.0
2001-11-10,7,13,33,38,16,13,4.0,B: 1997-2002 (5/49+1/42),3,107,31,0,3,0.0
2001-11-14,17,28,30,4,40,3,1.0,B: 1997-2002 (5/49+1/42),1,119,36,0,4,0.0
2001-11-17,7,35,27,1,10,34,4.0,B: 1997-2002 (5/49+1/42),4,80,34,0,3,0.0
2001-11-21,31,28,38,41,27,13,1.0,B: 1997-2002 (5/49+1/42),3,165,14,1,3,1.0
2001-11-24,27,37,42,12,10,30,5.0,B: 1997-2002 (5/49+1/42),2,128,32,0,5,1.0
2001-11-28,48,24,5,15,18,16,2.0,B: 1997-2002 (5/49+1/42),2,110,43,0,4,0.0
2001-12-01,48,46,41,6,38,37,2.0,B: 1997-2002 (5/49+1/42),1,179,42,0,3,1.0
2001-12-05,14,9,8,13,21,37,3.0,B: 1997-2002 (5/49+1/42),3,65,13,2,3,0.0
2001-12-08,35,17,48,31,26,35,2.0,B: 1997-2002 (5/49+1/42),3,157,31,0,4,0.0
2001-12-12,35,43,47,20,4,27,4.0,B: 1997-2002 (5/49+1/42),3,149,43,0,4,1.0
2001-12-15,11,22,13,8,37,17,4.0,B: 1997-2002 (5/49+1/42),3,91,29,0,4,0.0
2001-12-19,35,43,36,20,26,23,4.0,B: 1997-2002 (5/49+1/42),2,160,23,1,4,0.0
2001-12-22,27,33,14,24,34,6,3.0,B: 1997-2002 (5/49+1/42),2,132,20,1,3,0.0
2001-12-26,19,39,23,41,8,21,3.0,B: 1997-2002 (5/49+1/42),4,130,33,0,5,0.0
2001-12-29,45,10,43,27,15,31,2.0,B: 1997-2002 (5/49+1/42),4,140,35,0,4,0.0
2002-01-02,36,46,23,44,42,33,3.0,B: 1997-2002 (5/49+1/42),1,191,23,0,3,0.0
2002-01-05,7,8,32,17,14,15,5.0,B: 1997-2002 (5/49+1/42),2,78,25,1,3,0.0
2002-01-09,39,7,40,42,43,4,5.0,B: 1997-2002 (5/49+1/42),3,171,36,2,3,1.0
2002-01-12,13,41,19,22,47,5,3.0,B: 1997-2002 (5/49+1/42),4,142,34,0,3,0.0
2002-01-16,24,34,31,47,40,30,2.0,B: 1997-2002 (5/49+1/42),2,176,23,0,3,1.0
2002-01-19,21,35,49,41,23,5,2.0,B: 1997-2002 (5/49+1/42),5,169,28,0,3,0.0
2002-01-23,14,47,32,18,30,36,5.0,B: 1997-2002 (5/49+1/42),1,141,33,0,4,0.0
2002-01-26,5,14,22,30,15,31,4.0,B: 1997-2002 (5/49+1/42),2,86,25,1,3,2.0
2002-01-30,7,21,15,9,40,18,2.0,B: 1997-2002 (5/49+1/42),4,92,33,0,4,1.0
2002-02-02,27,45,19,43,12,28,1.0,B: 1997-2002 (5/49+1/42),4,146,33,0,3,0.0
2002-02-06,28,10,34,24,35,32,3.0,B: 1997-2002 (5/49+1/42),1,131,25,1,3,0.0
2002-02-09,30,35,21,17,36,12,1.0,B: 1997-2002 (5/49+1/42),3,139,19,1,3,1.0
2002-02-13,43,33,38,10,2,19,4.0,B: 1997-2002 (5/49+1/42),2,126,41,0,3,0.0
2002-02-16,31,42,19,45,32,6,5.0,B: 1997-2002 (5/49+1/42),3,169,26,1,3,0.0
2002-02-20,19,8,9,25,22,11,5.0,B: 1997-2002 (5/49+1/42),3,83,17,1,3,1.0
2002-02-23,15,21,38,19,8,33,1.0,B: 1997-2002 (5/49+1/42),3,101,30,0,4,2.0
2002-02-27,2,6,19,45,1,27,4.0,B: 1997-2002 (5/49+1/42),3,73,44,1,3,1.0
2002-03-02,6,25,46,22,36,34,4.0,B: 1997-2002 (5/49+1/42),1,135,40,0,4,1.0
2002-03-06,30,38,5,15,7,2,5.0,B: 1997-2002 (5/49+1/42),3,95,33,0,4,0.0
2002-03-09,2,49,12,38,44,19,3.0,B: 1997-2002 (5/49+1/42),1,145,47,0,4,1.0
2002-03-13,4,28,27,49,33,39,2.0,B: 1997-2002 (5/49+1/42),3,141,45,1,4,1.0
2002-03-16,45,16,38,37,10,14,5.0,B: 1997-2002 (5/49+1/42),2,146,35,1,4,0.0
2002-03-20,4,20,30,49,25,37,5.0,B: 1997-2002 (5/49+1/42),2,128,45,0,4,0.0
2002-03-23,39,2,10,48,1,13,1.0,B: 1997-2002 (5/49+1/42),2,100,47,1,3,0.0
2002-03-27,35,43,15,40,46,33,3.0,B: 1997-2002 (5/49+1/42),3,179,31,0,3,0.0
2002-03-30,29,13,8,16,19,37,1.0,B: 1997-2002 (5/49+1/42),3,85,21,0,3,0.0
2002-04-03,14,36,8,29,17,3,1.0,B: 1997-2002 (5/49+1/42),2,104,28,0,4,2.0
2002-04-06,22,16,30,15,35,20,5.0,B: 1997-2002 (5/49+1/42),2,118,20,1,3,0.0
2002-04-10,29,17,12,7,48,21,3.0,B: 1997-2002 (5/49+1/42),3,113,41,0,4,0.0
2002-04-13,38,16,22,33,32,13,4.0,B: 1997-2002 (5/49+1/42),1,141,22,1,3,0.0
2002-04-17,2,23,36,3,22,22,2.0,B: 1997-2002 (5/49+1/42),2,86,34,2,3,1.0
2002-04-20,40,27,34,44,42,8,4.0,B: 1997-2002 (5/49+1/42),1,187,17,0,3,0.0
2002-04-24,13,1,16,43,33,1,2.0,B: 1997-2002 (5/49+1/42),4,106,42,0,4,0.0
2002-04-27,12,18,1,33,9,14,1.0,B: 1997-2002 (5/49+1/42),3,73,32,0,3,2.0
2002-05-01,48,3,26,32,45,6,5.0,B: 1997-2002 (5/49+1/42),2,154,45,0,4,0.0
2002-05-04,12,6,9,20,7,20,5.0,B: 1997-2002 (5/49+1/42),2,54,14,1,2,0.0
2002-05-08,11,6,34,25,28,35,3.0,B: 1997-2002 (5/49+1/42),2,104,28,0,4,1.0
2002-05-11,3,36,15,16,40,22,1.0,B: 1997-2002 (5/49+1/42),2,110,37,1,3,0.0
2002-05-15,30,33,37,36,49,35,5.0,B: 1997-2002 (5/49+1/42),3,185,19,1,3,1.0
2002-05-18,25,2,32,31,18,1,2.0,B: 1997-2002 (5/49+1/42),2,108,30,1,4,0.0
2002-05-22,20,5,22,34,23,19,1.0,B: 1997-2002 (5/49+1/42),2,104,29,1,4,0.0
2002-05-25,29,9,42,33,30,27,4.0,B: 1997-2002 (5/49+1/42),3,143,33,1,4,0.0
2002-05-29,49,28,18,35,31,13,1.0,B: 1997-2002 (5/49+1/42),3,161,31,0,4,0.0
2002-06-01,17,27,2,6,19,2,3.0,B: 1997-2002 (5/49+1/42),3,71,25,0,3,0.0
2002-06-05,18,1,21,36,47,33,2.0,B: 1997-2002 (5/49+1/42),3,123,46,0,5,0.0
2002-06-08,48,46,26,42,37,38,3.0,B: 1997-2002 (5/49+1/42),1,199,22,0,3,0.0
2002-06-12,49,39,27,13,18,20,1.0,B: 1997-2002 (5/49+1/42),4,146,36,0,4,0.0
2002-06-15,16,42,8,7,43,15,3.0,B: 1997-2002 (5/49+1/42),2,116,36,2,3,0.0
2002-06-19,4,7,3,11,1,23,3.0,B: 1997-2002 (5/49+1/42),4,26,10,1,2,1.0
2002-06-22,16,37,1,48,26,9,2.0,B: 1997-2002 (5/49+1/42),2,128,47,0,5,1.0
2002-06-26,9,24,17,23,6,14,4.0,B: 1997-2002 (5/49+1/42),3,79,18,1,3,0.0
2002-06-29,45,4,35,33,36,22,5.0,B: 1997-2002 (5/49+1/42),3,153,41,1,3,0.0
2002-07-03,7,19,38,48,49,10,5.0,B: 1997-2002 (5/49+1/42),3,161,42,1,4,0.0
2002-07-06,2,39,27,9,36,13,3.0,B: 1997-2002 (5/49+1/42),3,113,37,0,3,0.0
2002-07-10,31,43,37,45,26,32,5.0,B: 1997-2002 (5/49+1/42),4,182,19,0,3,0.0
2002-07-13,22,49,42,3,37,8,3.0,B: 1997-2002 (5/49+1/42),3,153,46,0,4,1.0
2002-07-17,25,10,40,11,45,25,5.0,B: 1997-2002 (5/49+1/42),3,131,35,1,5,0.0
2002-07-20,13,3,2,26,6,10,1.0,B: 1997-2002 (5/49+1/42),2,50,24,1,3,0.0
2002-07-24,16,19,34,37,22,20,4.0,B: 1997-2002 (5/49+1/42),2,128,21,0,3,0.0
2002-07-27,17,5,44,22,2,30,1.0,B: 1997-2002 (5/49+1/42),2,90,42,0,4,1.0
2002-07-31,2,4,34,22,6,26,4.0,B: 1997-2002 (5/49+1/42),0,68,32,0,3,2.0
2002-08-03,34,24,33,13,19,41,5.0,B: 1997-2002 (5/49+1/42),3,123,21,1,3,1.0
2002-08-07,13,40,35,47,46,35,4.0,B: 1997-2002 (5/49+1/42),3,181,34,1,3,1.0
2002-08-10,11,16,21,35,27,31,5.0,B: 1997-2002 (5/49+1/42),4,110,24,0,3,1.0
2002-08-14,19,4,33,16,41,29,2.0,B: 1997-2002 (5/49+1/42),3,113,37,0,4,1.0
2002-08-17,46,33,3,42,26,41,3.0,B: 1997-2002 (5/49+1/42),2,150,43,0,4,1.0
2002-08-21,48,1,47,6,43,36,1.0,B: 1997-2002 (5/49+1/42),3,145,47,1,2,0.0
2002-08-24,24,18,45,5,10,20,5.0,B: 1997-2002 (5/49+1/42),2,102,40,0,4,0.0
2002-08-28,38,36,30,24,37,42,2.0,B: 1997-2002 (5/49+1/42),1,165,14,2,2,1.0
2002-08-31,14,22,12,29,41,41,5.0,B: 1997-2002 (5/49+1/42),2,118,29,0,3,0.0
2002-09-04,26,15,18,36,31,20,5.0,B: 1997-2002 (5/49+1/42),2,126,21,0,3,0.0
2002-09-07,24,12,19,34,6,18,5.0,B: 1997-2002 (5/49+1/42),1,95,28,0,4,0.0
2002-09-11,6,3,39,26,48,28,3.0,B: 1997-2002 (5/49+1/42),2,122,45,0,4,1.0
2002-09-14,14,5,40,26,31,29,4.0,B: 1997-2002 (5/49+1/42),2,116,35,0,4,1.0
2002-09-18,44,42,6,27,32,10,5.0,B: 1997-2002 (5/49+1/42),1,151,38,0,4,0.0
2002-09-21,45,11,28,40,3,33,5.0,B: 1997-2002 (5/49+1/42),3,127,42,0,5,0.0
2002-09-25,49,36,23,12,1,9,2.0,B: 1997-2002 (5/49+1/42),3,121,48,0,5,0.0
2002-09-28,24,22,12,35,31,8,3.0,B: 1997-2002 (5/49+1/42),2,124,23,0,3,1.0
2002-10-02,4,5,43,2,38,34,2.0,B: 1997-2002 (5/49+1/42),2,92,41,1,3,0.0
2002-10-05,22,14,39,43,19,12,2.0,B: 1997-2002 (5/49+1/42),3,137,29,0,4,1.0
2002-10-09,9,38,43,10,42,5,4.0,C: 2002-2005 (5/53+1/42),2,142,34,2,3,
2002-10-12,23,49,46,52,26,28,5.0,C: 2002-2005 (5/53+1/42),2,196,29,0,3,0.0
2002-10-16,8,31,24,37,11,41,5.0,C: 2002-2005 (5/53+1/42),3,111,29,0,4,0.0
2002-10-19,4,42,18,25,20,29,4.0,C: 2002-2005 (5/53+1/42),1,109,38,0,4,0.0
2002-10-23,18,30,2,14,31,36,5.0,C: 2002-2005 (5/53+1/42),1,95,29,1,4,1.0
2002-10-26,33,14,12,39,27,41,3.0,C: 2002-2005 (5/53+1/42),3,125,27,0,3,1.0
2002-10-30,9,23,41,19,16,12,5.0,C: 2002-2005 (5/53+1/42),4,108,32,0,4,0.0
2002-11-02,34,35,15,32,8,34,4.0,C: 2002-2005 (5/53+1/42),2,124,27,1,3,0.0
2002-11-06,9,19,17,12,11,23,5.0,C: 2002-2005 (5/53+1/42),4,68,10,1,2,0.0
2002-11-09,53,38,30,40,36,8,5.0,C: 2002-2005 (5/53+1/42),1,197,23,0,3,0.0
2002-11-13,50,18,23,38,31,20,5.0,C: 2002-2005 (5/53+1/42),2,160,32,0,4,1.0
2002-11-16,40,51,32,33,35,1,2.0,C: 2002-2005 (5/53+1/42),3,191,19,1,2,0.0
2002-11-20,14,22,44,21,29,3,3.0,C: 2002-2005 (5/53+1/42),2,130,30,1,3,0.0
2002-11-23,49,21,15,19,16,5,4.0,C: 2002-2005 (5/53+1/42),4,120,34,1,3,1.0
2002-11-27,1,25,40,53,20,19,5.0,C: 2002-2005 (5/53+1/42),3,139,52,0,5,0.0
2002-11-30,19,1,4,21,29,8,2.0,C: 2002-2005 (5/53+1/42),4,74,28,0,3,1.0
2002-12-04,35,13,20,21,40,35,4.0,C: 2002-2005 (5/53+1/42),3,129,27,1,3,1.0
2002-12-07,17,27,32,3,48,1,2.0,C: 2002-2005 (5/53+1/42),3,127,45,0,5,0.0
2002-12-11,6,14,22,12,33,21,3.0,C: 2002-2005 (5/53+1/42),1,87,27,0,4,0.0
2002-12-14,42,44,24,17,8,37,2.0,C: 2002-2005 (5/53+1/42),1,135,36,0,4,0.0
2002-12-18,52,50,14,33,2,22,5.0,C: 2002-2005 (5/53+1/42),1,151,50,0,5,0.0
2002-12-21,39,34,52,5,22,30,5.0,C: 2002-2005 (5/53+1/42),2,152,47,0,4,1.0
2002-12-25,53,14,5,16,29,7,4.0,C: 2002-2005 (5/53+1/42),3,117,48,0,4,1.0
2002-12-28,50,2,15,38,43,29,5.0,C: 2002-2005 (5/53+1/42),2,148,48,0,4,0.0
2003-01-01,42,43,34,53,18,17,5.0,C: 2002-2005 (5/53+1/42),2,190,35,1,4,1.0
2003-01-04,11,39,1,40,37,23,2.0,C: 2002-2005 (5/53+1/42),4,128,39,1,3,0.0
2003-01-08,44,16,22,46,26,20,3.0,C: 2002-2005 (5/53+1/42),0,154,30,0,3,0.0
2003-01-11,9,46,48,45,51,2,5.0,C: 2002-2005 (5/53+1/42),3,199,42,1,3,1.0
2003-01-15,17,42,44,30,4,15,5.0,C: 2002-2005 (5/53+1/42),1,137,40,0,4,0.0
2003-01-18,34,4,52,48,17,10,4.0,C: 2002-2005 (5/53+1/42),1,155,48,0,5,2.0
2003-01-22,40,30,20,28,43,3,3.0,C: 2002-2005 (5/53+1/42),1,161,23,0,4,0.0
2003-01-25,10,15,51,12,49,21,5.0,C: 2002-2005 (5/53+1/42),3,137,41,0,4,0.0
2003-01-29,12,53,30,27,10,28,5.0,C: 2002-2005 (5/53+1/42),2,132,43,0,4,2.0
2003-02-01,11,2,39,21,16,42,5.0,C: 2002-2005 (5/53+1/42),3,89,37,0,4,0.0
2003-02-05,2,7,48,9,5,32,5.0,C: 2002-2005 (5/53+1/42),3,71,46,0,2,1.0
2003-02-08,21,23,13,20,2,35,5.0,C: 2002-2005 (5/53+1/42),3,79,21,1,3,1.0
2003-02-12,49,7,12,19,47,6,4.0,C: 2002-2005 (5/53+1/42),4,134,42,0,3,0.0
2003-02-15,29,1,42,38,26,30,2.0,C: 2002-2005 (5/53+1/42),2,136,41,0,4,0.0
2003-02-19,16,11,44,17,6,26,5.0,C: 2002-2005 (5/53+1/42),2,94,38,1,3,0.0
2003-02-22,10,2,9,6,5,26,2.0,C: 2002-2005 (5/53+1/42),2,32,8,2,1,1.0
2003-02-26,34,27,23,31,10,11,2.0,C: 2002-2005 (5/53+1/42),3,125,24,0,3,1.0
2003-03-01,28,7,6,27,41,3,5.0,C: 2002-2005 (5/53+1/42),3,109,35,2,3,1.0
2003-03-05,37,28,44,2,24,6,2.0,C: 2002-2005 (5/53+1/42),1,135,42,0,4,1.0
2003-03-08,20,45,1,21,5,24,3.0,C: 2002-2005 (5/53+1/42),4,92,44,1,4,0.0
2003-03-12,24,44,52,25,5,20,3.0,C: 2002-2005 (5/53+1/42),2,150,47,1,4,1.0
2003-03-15,45,52,41,30,12,35,5.0,C: 2002-2005 (5/53+1/42),2,180,40,0,4,1.0
2003-03-19,19,37,47,51,40,40,5.0,C: 2002-2005 (5/53+1/42),4,194,32,0,4,0.0
2003-03-22,29,5,31,49,47,25,3.0,C: 2002-2005 (5/53+1/42),5,161,44,0,4,1.0
2003-03-26,52,28,10,40,31,41,5.0,C: 2002-2005 (5/53+1/42),1,161,42,0,4,1.0
2003-03-29,25,2,17,9,36,8,2.0,C: 2002-2005 (5/53+1/42),3,89,34,0,4,0.0
2003-04-02,47,17,50,12,35,13,4.0,C: 2002-2005 (5/53+1/42),3,161,38,0,3,1.0
2003-04-05,46,14,49,7,23,20,5.0,C: 2002-2005 (5/53+1/42),3,139,42,0,4,0.0
2003-04-09,38,51,6,28,35,41,2.0,C: 2002-2005 (5/53+1/42),2,158,45,0,4,0.0
2003-04-12,17,52,27,35,28,2,5.0,C: 2002-2005 (5/53+1/42),3,159,35,1,4,2.0
2003-04-16,39,50,41,25,4,31,5.0,C: 2002-2005 (5/53+1/42),3,159,46,0,4,0.0
2003-04-19,48,10,18,40,46,30,5.0,C: 2002-2005 (5/53+1/42),0,162,38,0,4,0.0
2003-04-23,51,14,23,15,31,34,2.0,C: 2002-2005 (5/53+1/42),4,134,37,1,4,0.0
2003-04-26,36,11,13,5,22,31,4.0,C: 2002-2005 (5/53+1/42),3,87,31,0,4,0.0
2003-04-30,32,13,17,33,7,35,4.0,C: 2002-2005 (5/53+1/42),4,102,26,1,3,1.0
2003-05-03,14,40,39,47,21,6,5.0,C: 2002-2005 (5/53+1/42),3,161,33,1,4,0.0
2003-05-07,13,35,18,51,34,28,5.0,C: 2002-2005 (5/53+1/42),3,151,38,1,3,0.0
2003-05-10,1,2,6,20,10,38,4.0,C: 2002-2005 (5/53+1/42),1,39,19,1,2,0.0
2003-05-14,34,52,45,20,33,21,5.0,C: 2002-2005 (5/53+1/42),2,184,32,1,4,1.0
2003-05-17,18,42,13,5,50,4,2.0,C: 2002-2005 (5/53+1/42),2,128,45,0,3,0.0
2003-05-21,41,32,30,4,35,9,2.0,C: 2002-2005 (5/53+1/42),2,142,37,0,4,0.0
2003-05-24,49,10,48,42,50,42,5.0,C: 2002-2005 (5/53+1/42),1,199,40,2,2,0.0
2003-05-28,17,6,16,19,38,16,5.0,C: 2002-2005 (5/53+1/42),2,96,32,1,3,0.0
2003-05-31,46,26,52,10,30,35,3.0,C: 2002-2005 (5/53+1/42),0,164,42,0,4,0.0
2003-06-04,26,53,24,14,2,1,2.0,C: 2002-2005 (5/53+1/42),1,119,51,0,4,1.0
2003-06-07,27,17,11,40,26,6,3.0,C: 2002-2005 (5/53+1/42),3,121,29,1,3,1.0
2003-06-11,44,46,16,12,43,38,2.0,C: 2002-2005 (5/53+1/42),1,161,34,1,2,0.0
2003-06-14,12,42,50,40,26,3,5.0,C: 2002-2005 (5/53+1/42),0,170,38,0,4,1.0
2003-06-18,19,45,21,20,46,20,4.0,C: 2002-2005 (5/53+1/42),3,151,27,3,3,0.0
2003-06-21,27,15,19,44,36,17,5.0,C: 2002-2005 (5/53+1/42),3,141,29,0,4,1.0
2003-06-25,43,5,35,50,26,4,4.0,C: 2002-2005 (5/53+1/42),3,159,45,0,4,0.0
2003-06-28,44,14,7,41,9,25,4.0,C: 2002-2005 (5/53+1/42),3,115,37,0,3,0.0
2003-07-02,26,17,24,45,16,36,5.0,C: 2002-2005 (5/53+1/42),2,128,29,1,3,0.0
2003-07-05,17,49,5,25,37,21,2.0,C: 2002-2005 (5/53+1/42),5,133,44,0,5,1.0
2003-07-09,19,26,21,31,51,40,3.0,C: 2002-2005 (5/53+1/42),4,148,32,0,4,0.0
2003-07-12,50,51,6,16,52,23,4.0,C: 2002-2005 (5/53+1/42),1,175,46,2,4,1.0
2003-07-16,30,18,49,28,27,20,5.0,C: 2002-2005 (5/53+1/42),2,152,31,1,3,0.0
2003-07-19,34,48,29,14,30,1,5.0,C: 2002-2005 (5/53+1/42),1,155,34,1,4,1.0
2003-07-23,51,37,34,16,4,38,5.0,C: 2002-2005 (5/53+1/42),2,142,47,0,4,1.0
2003-07-26,9,34,30,10,32,11,3.0,C: 2002-2005 (5/53+1/42),1,115,25,1,3,1.0
2003-07-30,26,31,49,22,18,28,2.0,C: 2002-2005 (5/53+1/42),2,146,31,0,4,0.0
2003-08-02,41,42,17,40,46,25,3.0,C: 2002-2005 (5/53+1/42),2,186,29,2,3,0.0
2003-08-06,48,11,14,26,31,30,2.0,C: 2002-2005 (5/53+1/42),2,130,37,0,4,0.0
2003-08-09,25,40,18,23,26,15,4.0,C: 2002-2005 (5/53+1/42),2,132,22,1,3,1.0
2003-08-13,44,26,48,35,31,32,2.0,C: 2002-2005 (5/53+1/42),2,184,22,0,3,1.0
2003-08-16,15,20,42,37,13,7,5.0,C: 2002-2005 (5/53+1/42),3,127,29,0,3,0.0
2003-08-20,35,22,46,48,8,15,5.0,C: 2002-2005 (5/53+1/42),1,159,40,0,4,0.0
2003-08-23,39,50,51,46,1,7,5.0,C: 2002-2005 (5/53+1/42),3,187,50,1,4,1.0
2003-08-27,31,46,36,42,24,32,5.0,C: 2002-2005 (5/53+1/42),1,179,22,0,3,1.0
2003-08-30,35,49,41,36,9,33,3.0,C: 2002-2005 (5/53+1/42),4,170,40,1,3,1.0
2003-09-03,19,9,6,24,40,31,5.0,C: 2002-2005 (5/53+1/42),2,98,34,0,4,1.0
2003-09-06,41,15,6,20,18,17,5.0,C: 2002-2005 (5/53+1/42),2,100,35,0,3,1.0
2003-09-10,3,33,30,17,29,34,5.0,C: 2002-2005 (5/53+1/42),4,112,30,1,4,0.0
2003-09-13,32,28,6,19,10,39,5.0,C: 2002-2005 (5/53+1/42),1,95,26,0,4,0.0
2003-09-17,32,2,19,34,24,2,5.0,C: 2002-2005 (5/53+1/42),1,111,32,0,4,2.0
2003-09-20,13,33,11,31,28,29,4.0,C: 2002-2005 (5/53+1/42),4,116,22,0,3,0.0
2003-09-24,28,47,19,20,17,37,4.0,C: 2002-2005 (5/53+1/42),3,131,30,1,3,1.0
2003-09-27,48,20,9,41,30,29,5.0,C: 2002-2005 (5/53+1/42),2,148,39,0,4,1.0
2003-10-01,50,5,4,21,19,41,2.0,C: 2002-2005 (5/53+1/42),3,99,46,1,4,0.0
2003-10-04,8,13,29,44,48,36,3.0,C: 2002-2005 (5/53+1/42),2,142,40,0,4,0.0
2003-10-08,6,25,7,8,1,18,5.0,C: 2002-2005 (5/53+1/42),3,47,24,2,2,1.0
2003-10-11,11,32,45,14,21,21,2.0,C: 2002-2005 (5/53+1/42),3,123,34,0,4,0.0
2003-10-15,29,6,39,52,9,8,5.0,C: 2002-2005 (5/53+1/42),3,135,46,0,4,0.0
2003-10-18,35,22,25,34,33,14,5.0,C: 2002-2005 (5/53+1/42),3,149,13,2,2,0.0
2003-10-22,53,27,25,3,28,35,5.0,C: 2002-2005 (5/53+1/42),4,136,50,1,3,1.0
2003-10-25,6,17,48,45,47,4,3.0,C: 2002-2005 (5/53+1/42),3,163,42,1,3,0.0
2003-10-29,22,34,19,8,53,29,3.0,C: 2002-2005 (5/53+1/42),2,136,45,0,5,0.0
2003-11-01,34,19,37,47,16,18,5.0,C: 2002-2005 (5/53+1/42),3,153,31,0,3,2.0
2003-11-05,20,38,27,6,39,31,5.0,C: 2002-2005 (5/53+1/42),2,130,33,1,4,0.0
2003-11-08,5,24,52,38,8,22,5.0,C: 2002-2005 (5/53+1/42),1,127,47,0,4,1.0
2003-11-12,22,11,7,19,20,1,4.0,C: 2002-2005 (5/53+1/42),3,79,15,1,3,0.0
2003-11-15,20,8,22,32,52,39,5.0,C: 2002-2005 (5/53+1/42),0,134,44,0,5,2.0
2003-11-19,36,42,26,16,47,33,4.0,C: 2002-2005 (5/53+1/42),1,167,31,0,4,0.0
2003-11-22,45,9,12,29,17,4,2.0,C: 2002-2005 (5/53+1/42),4,112,36,0,4,0.0
2003-11-26,16,1,3,41,37,19,5.0,C: 2002-2005 (5/53+1/42),4,98,40,0,4,0.0
2003-11-29,39,14,43,51,36,15,5.0,C: 2002-2005 (5/53+1/42),3,183,37,0,4,0.0
2003-12-03,37,1,43,10,35,30,4.0,C: 2002-2005 (5/53+1/42),4,126,42,0,3,1.0
2003-12-06,24,45,21,41,37,39,5.0,C: 2002-2005 (5/53+1/42),4,168,24,0,3,1.0
2003-12-10,40,4,17,26,37,15,4.0,C: 2002-2005 (5/53+1/42),2,124,36,0,4,1.0
2003-12-13,17,25,44,19,26,19,3.0,C: 2002-2005 (5/53+1/42),3,131,27,1,3,2.0
2003-12-17,43,15,18,21,19,7,5.0,C: 2002-2005 (5/53+1/42),4,116,28,1,3,1.0
2003-12-20,48,24,12,25,20,37,4.0,C: 2002-2005 (5/53+1/42),1,129,36,1,3,0.0
2003-12-24,1,44,6,34,31,25,3.0,C: 2002-2005 (5/53+1/42),2,116,43,0,3,0.0
2003-12-27,17,34,32,16,43,31,5.0,C: 2002-2005 (5/53+1/42),2,142,27,1,3,1.0
2003-12-31,5,7,28,18,35,1,3.0,C: 2002-2005 (5/53+1/42),3,93,30,0,4,0.0
2004-01-03,42,4,22,5,41,2,4.0,C: 2002-2005 (5/53+1/42),2,114,38,2,3,1.0
2004-01-07,44,4,18,14,7,25,3.0,C: 2002-2005 (5/53+1/42),1,87,40,0,3,1.0
2004-01-10,13,2,27,19,50,5,5.0,C: 2002-2005 (5/53+1/42),3,111,48,0,4,0.0
2004-01-14,44,33,12,50,40,40,5.0,C: 2002-2005 (5/53+1/42),1,179,38,0,3,1.0
2004-01-17,48,32,9,45,8,15,5.0,C: 2002-2005 (5/53+1/42),2,142,40,1,3,0.0
2004-01-21,17,45,41,34,13,17,4.0,C: 2002-2005 (5/53+1/42),4,150,32,0,3,1.0
2004-01-24,1,38,37,5,53,31,3.0,C: 2002-2005 (5/53+1/42),4,134,52,1,3,0.0
2004-01-28,17,13,8,39,48,34,4.0,C: 2002-2005 (5/53+1/42),3,125,40,0,4,0.0
2004-01-31,37,6,3,27,41,38,4.0,C: 2002-2005 (5/53+1/42),4,114,38,0,4,0.0
2004-02-04,17,7,32,25,12,33,2.0,C: 2002-2005 (5/53+1/42),3,93,25,0,4,0.0
2004-02-07,46,39,31,35,34,3,2.0,C: 2002-2005 (5/53+1/42),3,185,15,1,2,0.0
2004-02-11,5,50,52,16,28,4,4.0,C: 2002-2005 (5/53+1/42),1,151,47,0,5,0.0
2004-02-14,25,10,35,43,24,32,5.0,C: 2002-2005 (5/53+1/42),3,137,33,1,4,0.0
2004-02-18,50,36,24,4,44,2,4.0,C: 2002-2005 (5/53+1/42),0,158,46,0,4,1.0
2004-02-21,22,26,53,48,15,14,5.0,C: 2002-2005 (5/53+1/42),2,164,38,0,4,0.0
2004-02-25,4,47,17,11,5,35,5.0,C: 2002-2005 (5/53+1/42),4,84,43,1,3,0.0
2004-02-28,25,52,53,6,26,40,2.0,C: 2002-2005 (5/53+1/42),2,162,47,2,3,0.0
2004-03-03,23,11,17,53,5,34,2.0,C: 2002-2005 (5/53+1/42),5,109,48,0,4,1.0
2004-03-06,49,46,17,51,9,9,5.0,C: 2002-2005 (5/53+1/42),4,172,42,0,4,1.0
2004-03-10,10,41,22,20,49,6,5.0,C: 2002-2005 (5/53+1/42),2,142,39,0,4,1.0
2004-03-13,50,44,11,48,45,2,3.0,C: 2002-2005 (5/53+1/42),2,198,39,1,2,0.0
2004-03-17,24,15,20,43,7,5,4.0,C: 2002-2005 (5/53+1/42),3,109,36,0,4,0.0
2004-03-20,44,14,24,27,2,6,5.0,C: 2002-2005 (5/53+1/42),1,111,42,0,4,1.0
2004-03-24,39,47,43,20,18,31,5.0,C: 2002-2005 (5/53+1/42),3,167,29,0,3,0.0
2004-03-27,30,17,2,15,34,32,2.0,C: 2002-2005 (5/53+1/42),2,98,32,0,4,0.0
2004-03-31,15,31,39,34,50,35,3.0,C: 2002-2005 (5/53+1/42),3,169,35,0,3,2.0
2004-04-03,43,7,26,6,32,13,3.0,C: 2002-2005 (5/53+1/42),2,114,37,1,4,0.0
2004-04-07,7,37,2,35,16,10,5.0,C: 2002-2005 (5/53+1/42),3,97,35,0,3,1.0
2004-04-10,2,48,30,9,47,40,2.0,C: 2002-2005 (5/53+1/42),2,136,46,1,3,1.0
2004-04-14,38,22,1,20,6,22,3.0,C: 2002-2005 (5/53+1/42),1,87,37,0,4,0.0
2004-04-17,41,4,42,34,29,11,5.0,C: 2002-2005 (5/53+1/42),2,150,38,1,4,0.0
2004-04-21,11,8,51,42,34,27,4.0,C: 2002-2005 (5/53+1/42),2,146,43,0,5,2.0
2004-04-24,2,44,35,13,22,28,2.0,C: 2002-2005 (5/53+1/42),2,116,42,0,5,0.0
2004-04-28,27,34,52,49,42,23,2.0,C: 2002-2005 (5/53+1/42),2,204,25,0,4,0.0
2004-05-01,1,34,47,10,39,33,3.0,C: 2002-2005 (5/53+1/42),3,131,46,0,3,1.0
2004-05-05,21,25,16,9,32,8,3.0,C: 2002-2005 (5/53+1/42),3,103,23,0,4,0.0
2004-05-08,37,3,43,9,17,39,4.0,C: 2002-2005 (5/53+1/42),5,109,40,0,4,1.0
2004-05-12,42,45,11,31,35,35,4.0,C: 2002-2005 (5/53+1/42),4,164,34,0,3,0.0
2004-05-15,1,26,46,27,43,31,2.0,C: 2002-2005 (5/53+1/42),3,143,45,1,3,0.0
2004-05-19,31,14,41,37,15,31,5.0,C: 2002-2005 (5/53+1/42),4,138,27,1,3,0.0
2004-05-22,1,49,42,36,7,41,5.0,C: 2002-2005 (5/53+1/42),3,135,48,0,3,0.0
2004-05-26,38,10,31,3,35,16,2.0,C: 2002-2005 (5/53+1/42),3,117,35,0,2,0.0
2004-05-29,1,16,32,39,30,2,5.0,C: 2002-2005 (5/53+1/42),2,118,38,0,4,0.0
2004-06-02,26,6,12,29,5,30,5.0,C: 2002-2005 (5/53+1/42),2,78,24,1,3,0.0
2004-06-05,41,5,42,39,26,39,5.0,C: 2002-2005 (5/53+1/42),3,153,37,1,4,2.0
2004-06-09,31,50,37,1,33,40,2.0,C: 2002-2005 (5/53+1/42),4,152,49,0,3,0.0
2004-06-12,6,52,48,43,20,28,3.0,C: 2002-2005 (5/53+1/42),1,169,46,0,4,0.0
2004-06-16,16,18,48,39,26,22,5.0,C: 2002-2005 (5/53+1/42),1,147,32,0,4,1.0
2004-06-19,2,37,36,48,9,16,2.0,C: 2002-2005 (5/53+1/42),2,132,46,1,3,1.0
2004-06-23,16,20,9,12,39,1,5.0,C: 2002-2005 (5/53+1/42),2,96,30,0,3,1.0
2004-06-26,17,47,9,32,41,8,5.0,C: 2002-2005 (5/53+1/42),4,146,38,0,4,1.0
2004-06-30,47,45,2,31,29,4,5.0,C: 2002-2005 (5/53+1/42),4,154,45,0,4,1.0
2004-07-03,3,30,8,47,12,23,4.0,C: 2002-2005 (5/53+1/42),2,100,44,0,4,1.0
2004-07-07,41,34,30,25,18,10,5.0,C: 2002-2005 (5/53+1/42),2,148,23,0,4,1.0
2004-07-10,17,44,23,16,26,13,4.0,C: 2002-2005 (5/53+1/42),2,126,28,1,3,0.0
2004-07-14,9,49,24,45,50,37,3.0,C: 2002-2005 (5/53+1/42),3,177,41,1,3,0.0
2004-07-17,23,45,50,20,36,9,3.0,C: 2002-2005 (5/53+1/42),2,174,30,0,4,2.0
2004-07-21,42,38,46,31,3,2,5.0,C: 2002-2005 (5/53+1/42),2,160,43,0,3,0.0
2004-07-24,52,29,2,3,13,25,4.0,C: 2002-2005 (5/53+1/42),3,99,50,1,4,1.0
2004-07-28,40,4,39,19,50,22,3.0,C: 2002-2005 (5/53+1/42),2,152,46,1,4,0.0
2004-07-31,47,31,14,35,45,35,3.0,C: 2002-2005 (5/53+1/42),4,172,33,0,3,0.0
2004-08-04,37,11,26,22,51,21,5.0,C: 2002-2005 (5/53+1/42),3,147,40,0,4,0.0
2004-08-07,16,34,9,8,48,8,5.0,C: 2002-2005 (5/53+1/42),1,115,40,1,4,0.0
2004-08-11,10,33,5,51,29,35,5.0,C: 2002-2005 (5/53+1/42),4,128,46,0,4,0.0
2004-08-14,4,10,43,18,11,41,3.0,C: 2002-2005 (5/53+1/42),2,86,39,1,3,1.0
2004-08-18,35,40,42,33,31,40,2.0,C: 2002-2005 (5/53+1/42),3,181,11,0,2,0.0
2004-08-21,40,27,39,16,3,3,5.0,C: 2002-2005 (5/53+1/42),3,125,37,1,4,1.0
2004-08-25,32,1,50,30,37,19,5.0,C: 2002-2005 (5/53+1/42),2,150,49,0,4,0.0
2004-08-28,35,6,30,45,39,31,3.0,C: 2002-2005 (5/53+1/42),3,155,39,0,4,1.0
2004-09-01,44,45,33,51,31,31,4.0,C: 2002-2005 (5/53+1/42),4,204,20,1,3,1.0
2004-09-04,46,15,26,25,13,28,2.0,C: 2002-2005 (5/53+1/42),3,125,33,1,3,0.0
2004-09-08,28,4,2,33,52,18,3.0,C: 2002-2005 (5/53+1/42),1,119,50,0,4,0.0
2004-09-11,36,25,49,46,34,9,2.0,C: 2002-2005 (5/53+1/42),2,190,24,0,3,0.0
2004-09-15,28,17,1,50,8,20,4.0,C: 2002-2005 (5/53+1/42),2,104,49,0,4,0.0
2004-09-18,14,36,31,2,27,9,4.0,C: 2002-2005 (5/53+1/42),2,110,34,0,4,0.0
2004-09-22,37,6,34,14,40,7,5.0,C: 2002-2005 (5/53+1/42),1,131,34,0,3,1.0
2004-09-25,41,11,40,48,25,3,5.0,C: 2002-2005 (5/53+1/42),3,165,37,1,4,1.0
2004-09-29,35,16,37,28,33,17,3.0,C: 2002-2005 (5/53+1/42),3,149,21,0,3,0.0
2004-10-02,32,35,29,13,2,4,4.0,C: 2002-2005 (5/53+1/42),3,111,33,0,4,1.0
2004-10-06,50,19,44,5,6,28,4.0,C: 2002-2005 (5/53+1/42),2,124,45,1,3,0.0
2004-10-09,10,48,47,3,1,27,3.0,C: 2002-2005 (5/53+1/42),3,109,47,1,2,0.0
2004-10-13,17,45,46,5,14,41,4.0,C: 2002-2005 (5/53+1/42),3,127,41,1,3,0.0
2004-10-16,22,42,5,36,20,11,2.0,C: 2002-2005 (5/53+1/42),1,125,37,0,5,1.0
2004-10-20,41,46,11,17,1,24,5.0,C: 2002-2005 (5/53+1/42),4,116,45,0,3,0.0
2004-10-23,49,50,15,52,24,40,5.0,C: 2002-2005 (5/53+1/42),2,190,37,1,4,0.0
2004-10-27,40,51,44,11,17,21,5.0,C: 2002-2005 (5/53+1/42),3,163,40,0,4,0.0
2004-10-30,20,27,48,40,30,11,2.0,C: 2002-2005 (5/53+1/42),1,165,28,0,4,1.0
2004-11-03,48,43,45,11,35,42,4.0,C: 2002-2005 (5/53+1/42),4,182,37,0,3,1.0
2004-11-06,18,22,33,40,38,19,3.0,C: 2002-2005 (5/53+1/42),1,151,22,0,3,0.0
2004-11-10,14,43,45,21,29,26,2.0,C: 2002-2005 (5/53+1/42),4,152,31,0,3,0.0
2004-11-13,33,34,26,5,6,13,5.0,C: 2002-2005 (5/53+1/42),2,104,29,2,3,0.0
2004-11-17,31,15,46,25,36,37,2.0,C: 2002-2005 (5/53+1/42),3,153,31,0,4,0.0
2004-11-20,45,50,48,4,29,1,2.0,C: 2002-2005 (5/53+1/42),2,176,46,0,3,0.0
2004-11-24,47,49,53,3,19,4,4.0,C: 2002-2005 (5/53+1/42),5,171,50,0,4,0.0
2004-11-27,16,35,47,36,28,31,2.0,C: 2002-2005 (5/53+1/42),2,162,31,1,4,1.0
2004-12-01,44,28,36,38,3,1,4.0,C: 2002-2005 (5/53+1/42),1,149,41,0,4,2.0
2004-12-04,30,9,22,6,16,4,4.0,C: 2002-2005 (5/53+1/42),1,83,24,0,3,0.0
2004-12-08,17,13,50,35,45,2,2.0,C: 2002-2005 (5/53+1/42),4,160,37,0,3,0.0
2004-12-11,16,53,41,7,6,23,5.0,C: 2002-2005 (5/53+1/42),3,123,47,1,4,0.0
2004-12-15,38,1,53,11,6,11,4.0,C: 2002-2005 (5/53+1/42),3,109,52,0,4,2.0
2004-12-18,30,1,29,25,45,12,3.0,C: 2002-2005 (5/53+1/42),4,130,44,1,3,1.0
2004-12-22,7,11,31,24,2,18,5.0,C: 2002-2005 (5/53+1/42),3,75,29,0,4,0.0
2004-12-25,39,29,32,53,45,16,3.0,C: 2002-2005 (5/53+1/42),4,198,24,0,4,0.0
2004-12-29,44,33,29,38,24,7,5.0,C: 2002-2005 (5/53+1/42),2,168,20,0,3,1.0
2005-01-01,47,22,23,26,44,12,5.0,C: 2002-2005 (5/53+1/42),2,162,25,1,2,1.0
2005-01-05,10,7,37,4,30,37,5.0,C: 2002-2005 (5/53+1/42),2,88,33,0,3,0.0
2005-01-08,11,22,24,9,43,2,4.0,C: 2002-2005 (5/53+1/42),3,109,34,0,4,0.0
2005-01-12,50,21,27,38,23,38,5.0,C: 2002-2005 (5/53+1/42),3,159,29,0,3,0.0
2005-01-15,37,49,21,51,26,25,5.0,C: 2002-2005 (5/53+1/42),4,184,30,0,4,1.0
2005-01-19,49,32,9,18,33,27,3.0,C: 2002-2005 (5/53+1/42),3,141,40,1,4,1.0
2005-01-22,33,32,34,11,23,38,4.0,C: 2002-2005 (5/53+1/42),3,133,23,2,3,2.0
2005-01-26,5,32,48,47,43,33,2.0,C: 2002-2005 (5/53+1/42),3,175,43,1,3,1.0
2005-01-29,41,29,20,16,11,12,5.0,C: 2002-2005 (5/53+1/42),3,117,30,0,3,0.0
2005-02-02,16,44,40,10,11,2,5.0,C: 2002-2005 (5/53+1/42),1,121,34,1,4,2.0
2005-02-05,44,11,34,47,37,23,5.0,C: 2002-2005 (5/53+1/42),3,173,36,0,3,2.0
2005-02-09,10,15,9,18,29,9,5.0,C: 2002-2005 (5/53+1/42),3,81,20,1,3,0.0
2005-02-12,50,21,28,18,49,16,5.0,C: 2002-2005 (5/53+1/42),2,166,32,1,3,1.0
2005-02-16,48,21,41,27,25,25,5.0,C: 2002-2005 (5/53+1/42),4,162,27,0,2,1.0
2005-02-19,12,15,18,52,27,36,3.0,C: 2002-2005 (5/53+1/42),2,124,40,0,3,1.0
2005-02-23,4,48,15,10,51,13,4.0,C: 2002-2005 (5/53+1/42),2,128,47,0,4,1.0
2005-02-26,33,22,49,30,8,6,5.0,C: 2002-2005 (5/53+1/42),2,142,41,0,4,0.0
2005-03-02,48,18,46,3,10,8,5.0,C: 2002-2005 (5/53+1/42),1,125,45,0,3,0.0
2005-03-05,40,9,27,53,13,28,2.0,C: 2002-2005 (5/53+1/42),4,142,44,0,5,0.0
2005-03-09,20,17,10,23,45,31,3.0,C: 2002-2005 (5/53+1/42),3,115,35,0,4,0.0
2005-03-12,40,23,52,46,7,41,5.0,C: 2002-2005 (5/53+1/42),2,168,45,0,5,1.0
2005-03-16,19,38,11,25,50,35,2.0,C: 2002-2005 (5/53+1/42),3,143,39,0,4,0.0
2005-03-19,41,1,21,32,28,9,4.0,C: 2002-2005 (5/53+1/42),3,123,40,0,4,0.0
2005-03-23,29,23,40,45,37,38,5.0,C: 2002-2005 (5/53+1/42),4,174,22,0,3,0.0
2005-03-26,35,12,9,51,41,36,5.0,C: 2002-2005 (5/53+1/42),4,148,42,0,5,0.0
2005-03-30,28,39,22,32,33,42,5.0,C: 2002-2005 (5/53+1/42),2,154,17,1,2,0.0
2005-04-02,11,9,5,17,46,39,5.0,C: 2002-2005 (5/53+1/42),4,88,41,0,3,0.0
2005-04-06,5,14,11,51,22,17,3.0,C: 2002-2005 (5/53+1/42),3,103,46,0,4,2.0
2005-04-09,46,11,1,35,53,29,3.0,C: 2002-2005 (5/53+1/42),4,146,52,0,5,1.0
2005-04-13,37,51,6,13,52,25,5.0,C: 2002-2005 (5/53+1/42),3,159,46,1,4,0.0
2005-04-16,11,44,38,51,45,41,2.0,C: 2002-2005 (5/53+1/42),3,189,40,1,4,1.0
2005-04-20,7,16,33,34,46,27,5.0,C: 2002-2005 (5/53+1/42),2,136,39,1,4,0.0
2005-04-23,15,8,50,9,13,9,3.0,C: 2002-2005 (5/53+1/42),3,95,42,1,3,0.0
2005-04-27,42,11,32,13,18,4,5.0,C: 2002-2005 (5/53+1/42),2,116,31,0,3,1.0
2005-04-30,8,48,32,15,17,24,4.0,C: 2002-2005 (5/53+1/42),2,120,40,0,4,1.0
2005-05-04,27,33,40,10,21,2,2.0,C: 2002-2005 (5/53+1/42),3,131,30,0,3,0.0
2005-05-07,47,44,23,21,39,19,2.0,C: 2002-2005 (5/53+1/42),4,174,26,0,3,1.0
2005-05-11,46,49,5,48,25,6,5.0,C: 2002-2005 (5/53+1/42),3,173,44,1,3,0.0
2005-05-14,49,21,29,38,52,42,2.0,C: 2002-2005 (5/53+1/42),3,189,31,0,4,1.0
2005-05-18,17,7,20,13,35,35,5.0,C: 2002-2005 (5/53+1/42),4,92,28,0,3,0.0
2005-05-21,7,30,5,10,2,23,2.0,C: 2002-2005 (5/53+1/42),2,54,28,0,2,1.0
2005-05-25,29,46,27,31,42,33,2.0,C: 2002-2005 (5/53+1/42),3,175,19,0,3,0.0
2005-05-28,39,24,5,28,7,36,4.0,C: 2002-2005 (5/53+1/42),3,103,34,0,3,0.0
2005-06-01,34,50,39,42,15,12,2.0,C: 2002-2005 (5/53+1/42),2,180,35,0,3,1.0
2005-06-04,16,44,7,38,48,18,4.0,C: 2002-2005 (5/53+1/42),1,153,41,0,4,0.0
2005-06-08,36,10,43,40,42,42,5.0,C: 2002-2005 (5/53+1/42),1,171,33,1,3,0.0
2005-06-11,3,46,10,24,14,37,3.0,C: 2002-2005 (5/53+1/42),1,97,43,0,4,1.0
2005-06-15,39,20,22,14,44,14,5.0,C: 2002-2005 (5/53+1/42),1,139,30,0,4,1.0
2005-06-18,10,5,24,16,8,5,5.0,C: 2002-2005 (5/53+1/42),1,63,19,0,3,0.0
2005-06-22,13,51,42,23,9,15,5.0,C: 2002-2005 (5/53+1/42),4,138,42,0,5,0.0
2005-06-25,28,32,40,7,31,14,2.0,C: 2002-2005 (5/53+1/42),2,138,33,1,3,0.0
2005-06-29,42,8,49,22,3,39,5.0,C: 2002-2005 (5/53+1/42),2,124,46,0,3,0.0
2005-07-02,29,9,10,52,39,20,4.0,C: 2002-2005 (5/53+1/42),3,139,43,1,4,0.0
2005-07-06,12,25,48,2,30,38,4.0,C: 2002-2005 (5/53+1/42),1,117,46,0,4,0.0
2005-07-09,53,39,8,9,47,4,5.0,C: 2002-2005 (5/53+1/42),4,156,45,1,4,0.0
2005-07-13,5,23,43,4,13,34,4.0,C: 2002-2005 (5/53+1/42),4,88,39,1,4,0.0
2005-07-16,50,33,32,41,8,22,5.0,C: 2002-2005 (5/53+1/42),2,164,42,1,3,0.0
2005-07-20,51,7,32,39,6,31,2.0,C: 2002-2005 (5/53+1/42),3,135,45,1,3,1.0
2005-07-23,28,13,20,32,16,36,5.0,C: 2002-2005 (5/53+1/42),1,109,19,0,3,1.0
2005-07-27,4,13,10,29,1,3,5.0,C: 2002-2005 (5/53+1/42),3,57,28,0,3,1.0
2005-07-30,14,38,35,8,46,24,5.0,C: 2002-2005 (5/53+1/42),1,141,38,0,4,0.0
2005-08-03,39,5,24,19,28,24,5.0,C: 2002-2005 (5/53+1/42),3,115,34,0,4,0.0
2005-08-06,9,1,19,36,53,33,3.0,C: 2002-2005 (5/53+1/42),4,118,52,0,4,1.0
2005-08-10,31,13,49,38,36,2,5.0,C: 2002-2005 (5/53+1/42),3,167,36,0,3,1.0
2005-08-13,2,37,43,18,1,37,4.0,C: 2002-2005 (5/53+1/42),3,101,42,1,4,0.0
2005-08-17,8,43,53,30,3,15,5.0,C: 2002-2005 (5/53+1/42),3,137,50,0,4,1.0
2005-08-20,27,13,28,29,49,36,4.0,C: 2002-2005 (5/53+1/42),4,146,36,2,3,0.0
2005-08-24,35,9,26,11,51,32,5.0,C: 2002-2005 (5/53+1/42),4,132,42,0,5,0.0
2005-08-27,8,39,31,44,22,11,5.0,C: 2002-2005 (5/53+1/42),2,144,36,0,4,0.0
2005-08-31,17,19,13,50,41,13,2.0,D: 2005-2009 (5/55+1/42),4,140,37,0,2,
2005-09-03,30,3,31,1,43,36,4.0,D: 2005-2009 (5/55+1/42),4,108,42,1,4,0.0
2005-09-07,32,50,12,40,54,37,3.0,D: 2005-2009 (5/55+1/42),0,188,42,0,4,0.0
2005-09-10,10,11,8,48,50,16,4.0,D: 2005-2009 (5/55+1/42),1,127,42,1,3,1.0
2005-09-14,24,50,21,42,49,1,4.0,D: 2005-2009 (5/55+1/42),2,186,29,1,2,1.0
2005-09-17,49,52,5,9,27,6,2.0,D: 2005-2009 (5/55+1/42),4,142,47,0,4,1.0
2005-09-21,35,28,34,3,50,8,3.0,D: 2005-2009 (5/55+1/42),2,150,47,1,4,0.0
2005-09-24,2,10,43,55,31,14,5.0,D: 2005-2009 (5/55+1/42),3,141,53,0,4,0.0
2005-09-28,7,22,27,48,50,17,2.0,D: 2005-2009 (5/55+1/42),2,154,43,0,3,0.0
2005-10-01,18,54,38,8,45,23,5.0,D: 2005-2009 (5/55+1/42),1,163,46,0,5,0.0
2005-10-05,25,30,45,2,15,17,5.0,D: 2005-2009 (5/55+1/42),3,117,43,0,4,1.0
2005-10-08,26,31,35,50,46,28,5.0,D: 2005-2009 (5/55+1/42),2,188,24,0,3,0.0
2005-10-12,54,51,9,18,4,10,5.0,D: 2005-2009 (5/55+1/42),2,136,50,0,3,0.0
2005-10-15,34,1,7,8,45,15,3.0,D: 2005-2009 (5/55+1/42),3,95,44,1,3,0.0
2005-10-19,49,21,44,7,43,29,5.0,D: 2005-2009 (5/55+1/42),4,164,42,1,3,1.0
2005-10-22,36,6,53,51,7,17,5.0,D: 2005-2009 (5/55+1/42),3,153,47,1,3,1.0
2005-10-26,43,39,2,42,10,23,3.0,D: 2005-2009 (5/55+1/42),2,136,41,1,3,0.0
2005-10-29,41,50,22,19,14,21,4.0,D: 2005-2009 (5/55+1/42),2,146,36,0,3,0.0
2005-11-02,41,14,6,11,27,38,5.0,D: 2005-2009 (5/55+1/42),3,99,35,0,4,2.0
2005-11-05,37,25,50,29,7,17,4.0,D: 2005-2009 (5/55+1/42),4,148,43,0,4,0.0
2005-11-09,5,49,14,13,31,30,2.0,D: 2005-2009 (5/55+1/42),4,112,44,1,4,0.0
2005-11-12,48,41,17,55,37,39,4.0,D: 2005-2009 (5/55+1/42),4,198,38,0,4,0.0
2005-11-16,5,20,44,21,18,27,3.0,D: 2005-2009 (5/55+1/42),2,108,39,1,4,0.0
2005-11-19,15,54,20,41,8,22,3.0,D: 2005-2009 (5/55+1/42),2,138,46,0,4,1.0
2005-11-23,24,25,9,27,12,33,4.0,D: 2005-2009 (5/55+1/42),3,97,18,1,3,0.0
2005-11-26,34,28,53,37,45,32,5.0,D: 2005-2009 (5/55+1/42),3,197,25,0,4,0.0
2005-11-30,42,23,19,27,52,1,5.0,D: 2005-2009 (5/55+1/42),3,163,33,0,4,0.0
2005-12-03,2,26,42,15,37,36,3.0,D: 2005-2009 (5/55+1/42),2,122,40,0,5,1.0
2005-12-07,45,30,54,41,19,14,5.0,D: 2005-2009 (5/55+1/42),3,189,35,0,4,0.0
2005-12-10,45,34,42,3,21,39,4.0,D: 2005-2009 (5/55+1/42),3,145,42,0,4,1.0
2005-12-14,45,15,8,16,51,11,5.0,D: 2005-2009 (5/55+1/42),3,135,43,1,4,1.0
2005-12-17,24,44,53,36,46,18,5.0,D: 2005-2009 (5/55+1/42),1,203,29,0,4,0.0
2005-12-21,23,43,12,16,9,37,3.0,D: 2005-2009 (5/55+1/42),3,103,34,0,4,0.0
2005-12-24,4,10,34,50,33,14,2.0,D: 2005-2009 (5/55+1/42),1,131,46,1,3,0.0
2005-12-28,12,46,15,54,30,1,3.0,D: 2005-2009 (5/55+1/42),1,157,42,0,4,0.0
2005-12-31,43,4,46,30,37,42,2.0,D: 2005-2009 (5/55+1/42),2,160,42,0,4,2.0
2006-01-04,23,10,48,54,42,3,4.0,D: 2005-2009 (5/55+1/42),1,177,44,0,4,0.0
2006-01-07,2,21,43,32,16,6,4.0,D: 2005-2009 (5/55+1/42),2,114,41,0,5,0.0
2006-01-11,18,14,3,17,6,14,2.0,D: 2005-2009 (5/55+1/42),2,58,15,1,2,0.0
2006-01-14,49,14,6,46,40,17,5.0,D: 2005-2009 (5/55+1/42),1,155,43,0,4,2.0
2006-01-18,53,38,15,29,52,7,2.0,D: 2005-2009 (5/55+1/42),3,187,38,1,4,0.0
2006-01-21,54,18,3,39,43,41,3.0,D: 2005-2009 (5/55+1/42),3,157,51,0,5,0.0
2006-01-25,52,37,50,43,10,14,5.0,D: 2005-2009 (5/55+1/42),2,192,42,0,4,1.0
2006-01-28,26,15,28,36,14,36,3.0,D: 2005-2009 (5/55+1/42),1,119,22,1,3,0.0
2006-02-01,13,30,55,11,35,37,4.0,D: 2005-2009 (5/55+1/42),4,144,44,0,4,0.0
2006-02-04,38,30,4,13,12,30,4.0,D: 2005-2009 (5/55+1/42),1,97,34,1,4,2.0
2006-02-08,48,32,25,14,54,10,5.0,D: 2005-2009 (5/55+1/42),1,173,40,0,5,0.0
2006-02-11,38,7,51,40,52,14,4.0,D: 2005-2009 (5/55+1/42),2,188,45,1,3,0.0
2006-02-15,39,35,3,13,40,37,5.0,D: 2005-2009 (5/55+1/42),4,130,37,1,3,1.0
2006-02-18,44,48,15,43,17,29,4.0,D: 2005-2009 (5/55+1/42),3,167,33,1,2,0.0
2006-02-22,47,53,23,55,9,39,2.0,D: 2005-2009 (5/55+1/42),5,187,46,0,4,0.0
2006-02-25,51,3,48,46,37,22,4.0,D: 2005-2009 (5/55+1/42),3,185,48,0,4,0.0
2006-03-01,25,10,35,41,38,23,5.0,D: 2005-2009 (5/55+1/42),3,149,31,0,4,0.0
2006-03-04,13,52,22,55,27,26,5.0,D: 2005-2009 (5/55+1/42),3,169,42,0,3,0.0
2006-03-08,5,7,21,1,43,20,5.0,D: 2005-2009 (5/55+1/42),5,77,42,0,3,0.0
2006-03-11,54,37,35,52,16,33,10.0,D: 2005-2009 (5/55+1/42),2,194,38,0,3,0.0
2006-03-15,36,48,54,7,12,37,5.0,D: 2005-2009 (5/55+1/42),1,157,47,0,5,1.0
2006-03-18,25,1,36,42,34,19,2.0,D: 2005-2009 (5/55+1/42),2,138,41,0,4,1.0
2006-03-22,45,38,23,22,18,31,2.0,D: 2005-2009 (5/55+1/42),2,146,27,1,4,0.0
2006-03-25,20,37,34,45,39,32,4.0,D: 2005-2009 (5/55+1/42),3,175,25,0,3,1.0
2006-03-29,24,28,54,2,14,13,2.0,D: 2005-2009 (5/55+1/42),0,122,52,0,4,0.0
2006-04-01,55,10,50,1,23,29,3.0,D: 2005-2009 (5/55+1/42),3,139,54,0,4,0.0
2006-04-05,29,39,9,24,3,42,2.0,D: 2005-2009 (5/55+1/42),4,104,36,0,3,0.0
2006-04-08,35,4,43,44,23,35,3.0,D: 2005-2009 (5/55+1/42),3,149,40,1,4,0.0
2006-04-12,34,41,26,35,16,24,4.0,D: 2005-2009 (5/55+1/42),2,152,25,1,4,1.0
2006-04-15,46,23,13,28,18,33,3.0,D: 2005-2009 (5/55+1/42),2,128,33,0,3,0.0
2006-04-19,32,53,34,5,28,10,4.0,D: 2005-2009 (5/55+1/42),2,152,48,0,4,1.0
2006-04-22,4,6,27,5,18,24,5.0,D: 2005-2009 (5/55+1/42),2,60,23,2,3,1.0
2006-04-26,55,26,48,24,12,14,4.0,D: 2005-2009 (5/55+1/42),1,165,43,0,4,0.0
2006-04-29,19,40,35,30,41,14,5.0,D: 2005-2009 (5/55+1/42),3,165,22,1,4,0.0
2006-05-03,38,19,6,42,4,37,2.0,D: 2005-2009 (5/55+1/42),1,109,38,0,4,1.0
2006-05-06,38,12,32,23,25,27,2.0,D: 2005-2009 (5/55+1/42),2,130,26,0,3,1.0
2006-05-10,4,3,11,44,37,24,3.0,D: 2005-2009 (5/55+1/42),3,99,41,1,4,0.0
2006-05-13,30,54,19,47,28,13,3.0,D: 2005-2009 (5/55+1/42),2,178,35,0,4,0.0
2006-05-17,15,26,24,35,17,38,4.0,D: 2005-2009 (5/55+1/42),3,117,20,0,3,0.0
2006-05-20,23,2,9,44,45,38,2.0,D: 2005-2009 (5/55+1/42),3,123,43,1,3,0.0
2006-05-24,3,12,47,51,2,10,3.0,D: 2005-2009 (5/55+1/42),3,115,49,1,4,1.0
2006-05-27,41,6,27,23,47,19,3.0,D: 2005-2009 (5/55+1/42),4,144,41,0,3,1.0
2006-05-31,49,22,20,43,10,3,5.0,D: 2005-2009 (5/55+1/42),2,144,39,0,4,0.0
2006-06-03,20,5,18,50,6,35,5.0,D: 2005-2009 (5/55+1/42),1,99,45,1,3,1.0
2006-06-07,20,10,4,26,40,8,5.0,D: 2005-2009 (5/55+1/42),0,100,36,0,4,1.0
2006-06-10,36,54,24,26,16,11,3.0,D: 2005-2009 (5/55+1/42),0,156,38,0,4,1.0
2006-06-14,4,40,14,48,15,12,3.0,D: 2005-2009 (5/55+1/42),1,121,44,1,4,0.0
2006-06-17,39,48,20,22,10,25,4.0,D: 2005-2009 (5/55+1/42),1,139,38,0,5,1.0
2006-06-21,11,19,22,43,45,34,3.0,D: 2005-2009 (5/55+1/42),4,140,34,0,3,1.0
2006-06-24,39,8,47,11,30,23,3.0,D: 2005-2009 (5/55+1/42),3,135,39,0,5,1.0
2006-06-28,45,51,8,16,2,32,5.0,D: 2005-2009 (5/55+1/42),2,122,49,0,4,1.0
2006-07-01,40,35,42,2,31,34,3.0,D: 2005-2009 (5/55+1/42),2,150,40,0,3,1.0
2006-07-05,26,52,39,41,53,20,2.0,D: 2005-2009 (5/55+1/42),3,211,27,1,4,0.0
2006-07-08,50,44,49,32,37,13,4.0,D: 2005-2009 (5/55+1/42),2,212,18,1,2,0.0
2006-07-12,31,33,30,18,19,15,5.0,D: 2005-2009 (5/55+1/42),3,131,15,2,3,0.0
2006-07-15,36,20,47,50,35,5,4.0,D: 2005-2009 (5/55+1/42),2,188,30,1,3,0.0
2006-07-19,44,50,2,38,32,21,4.0,D: 2005-2009 (5/55+1/42),0,166,48,0,3,1.0
2006-07-22,40,47,14,55,54,6,4.0,D: 2005-2009 (5/55+1/42),2,210,41,1,4,0.0
2006-07-26,10,5,24,17,43,31,4.0,D: 2005-2009 (5/55+1/42),3,99,38,0,4,0.0
2006-07-29,14,39,55,19,26,29,4.0,D: 2005-2009 (5/55+1/42),3,153,41,0,4,0.0
2006-08-02,24,19,10,16,13,15,4.0,D: 2005-2009 (5/55+1/42),2,82,14,0,3,1.0
2006-08-05,48,50,3,9,2,23,2.0,D: 2005-2009 (5/55+1/42),2,112,48,1,2,0.0
2006-08-09,52,19,43,41,16,35,2.0,D: 2005-2009 (5/55+1/42),3,171,36,0,3,0.0
2006-08-12,14,54,27,18,13,32,5.0,D: 2005-2009 (5/55+1/42),2,126,41,1,3,0.0
2006-08-16,22,2,13,50,48,2,4.0,D: 2005-2009 (5/55+1/42),1,135,48,0,4,1.0
2006-08-19,12,51,29,22,26,9,3.0,D: 2005-2009 (5/55+1/42),2,140,39,0,3,1.0
2006-08-23,17,8,51,24,38,31,5.0,D: 2005-2009 (5/55+1/42),2,138,43,0,5,1.0
2006-08-26,26,24,42,38,46,16,5.0,D: 2005-2009 (5/55+1/42),0,176,22,0,3,2.0
2006-08-30,35,3,19,43,33,1,4.0,D: 2005-2009 (5/55+1/42),5,133,40,0,4,0.0
2006-09-02,24,28,3,49,8,25,4.0,D: 2005-2009 (5/55+1/42),2,112,46,0,3,1.0
2006-09-06,27,35,21,55,2,1,4.0,D: 2005-2009 (5/55+1/42),4,140,53,0,4,0.0
2006-09-09,20,47,3,22,19,2,2.0,D: 2005-2009 (5/55+1/42),3,111,44,1,4,0.0
2006-09-13,15,47,19,45,26,3,4.0,D: 2005-2009 (5/55+1/42),4,152,32,0,3,2.0
2006-09-16,26,42,27,7,8,12,5.0,D: 2005-2009 (5/55+1/42),2,110,35,2,3,1.0
2006-09-20,54,8,7,29,17,26,2.0,D: 2005-2009 (5/55+1/42),3,115,47,1,4,2.0
2006-09-23,21,45,26,13,50,20,4.0,D: 2005-2009 (5/55+1/42),3,155,37,0,3,0.0
2006-09-27,49,23,33,35,28,16,3.0,D: 2005-2009 (5/55+1/42),4,168,26,0,3,0.0
2006-09-30,30,32,15,39,6,5,5.0,D: 2005-2009 (5/55+1/42),2,122,33,0,4,0.0
2006-10-04,39,27,7,3,40,8,5.0,D: 2005-2009 (5/55+1/42),4,116,37,1,3,1.0
2006-10-07,4,31,45,3,8,12,5.0,D: 2005-2009 (5/55+1/42),3,91,42,1,3,1.0
2006-10-11,38,10,35,5,12,9,4.0,D: 2005-2009 (5/55+1/42),2,100,33,0,3,0.0
2006-10-14,26,15,1,17,40,19,2.0,D: 2005-2009 (5/55+1/42),3,99,39,0,4,0.0
2006-10-18,41,2,24,34,48,24,3.0,D: 2005-2009 (5/55+1/42),1,149,46,0,4,0.0
2006-10-21,45,55,29,9,31,7,4.0,D: 2005-2009 (5/55+1/42),5,169,46,0,5,0.0
2006-10-25,16,40,43,48,42,1,5.0,D: 2005-2009 (5/55+1/42),1,189,32,1,3,0.0
2006-10-28,38,22,41,30,14,12,5.0,D: 2005-2009 (5/55+1/42),1,145,27,0,4,0.0
2006-11-01,46,54,13,7,8,35,2.0,D: 2005-2009 (5/55+1/42),2,128,47,1,4,0.0
2006-11-04,44,13,34,12,39,5,5.0,D: 2005-2009 (5/55+1/42),2,142,32,1,3,1.0
2006-11-08,12,53,8,11,26,4,4.0,D: 2005-2009 (5/55+1/42),2,110,45,1,4,1.0
2006-11-11,40,49,38,35,55,41,2.0,D: 2005-2009 (5/55+1/42),3,217,20,0,3,0.0
2006-11-15,11,28,43,30,34,29,3.0,D: 2005-2009 (5/55+1/42),2,146,32,0,4,0.0
2006-11-18,42,36,19,1,8,20,2.0,D: 2005-2009 (5/55+1/42),2,106,41,0,4,0.0
2006-11-22,22,49,32,36,55,8,5.0,D: 2005-2009 (5/55+1/42),2,194,33,0,4,1.0
2006-11-25,55,49,28,5,18,38,5.0,D: 2005-2009 (5/55+1/42),3,155,50,0,5,2.0
2006-11-29,2,9,12,8,19,25,3.0,D: 2005-2009 (5/55+1/42),2,50,17,1,2,0.0
2006-12-02,42,34,50,45,17,11,3.0,D: 2005-2009 (5/55+1/42),2,188,33,0,3,0.0
2006-12-06,38,36,35,7,34,14,4.0,D: 2005-2009 (5/55+1/42),2,150,31,2,2,1.0
2006-12-09,52,22,19,34,30,40,4.0,D: 2005-2009 (5/55+1/42),1,157,33,0,4,1.0
2006-12-13,33,32,19,54,42,15,3.0,D: 2005-2009 (5/55+1/42),2,180,35,1,4,1.0
2006-12-16,28,17,36,5,51,5,4.0,D: 2005-2009 (5/55+1/42),3,137,46,0,5,0.0
2006-12-20,6,26,14,1,34,34,5.0,D: 2005-2009 (5/55+1/42),1,81,33,0,4,0.0
2006-12-23,27,43,53,8,52,5,5.0,D: 2005-2009 (5/55+1/42),3,183,45,1,4,0.0
2006-12-27,14,29,16,27,41,29,3.0,D: 2005-2009 (5/55+1/42),3,127,27,0,3,1.0
2006-12-30,31,28,23,9,36,26,5.0,D: 2005-2009 (5/55+1/42),3,127,27,0,3,0.0
2007-01-03,12,55,24,35,10,31,3.0,D: 2005-2009 (5/55+1/42),2,136,45,0,5,0.0
2007-01-06,24,40,1,50,49,38,4.0,D: 2005-2009 (5/55+1/42),2,164,49,1,4,1.0
2007-01-10,45,54,42,53,36,36,2.0,D: 2005-2009 (5/55+1/42),2,230,18,1,3,0.0
2007-01-13,21,1,26,23,25,4,2.0,D: 2005-2009 (5/55+1/42),4,96,25,1,2,0.0
2007-01-17,52,35,16,49,50,31,2.0,D: 2005-2009 (5/55+1/42),2,202,36,1,4,0.0
2007-01-20,1,38,5,26,32,30,5.0,D: 2005-2009 (5/55+1/42),2,102,37,0,3,0.0
2007-01-24,53,29,9,42,19,17,3.0,D: 2005-2009 (5/55+1/42),4,152,44,0,5,0.0
2007-01-27,10,26,19,32,27,14,5.0,D: 2005-2009 (5/55+1/42),2,114,22,1,4,1.0
2007-01-31,48,42,2,25,15,14,4.0,D: 2005-2009 (5/55+1/42),2,132,46,0,4,0.0
2007-02-03,13,20,33,42,12,37,5.0,D: 2005-2009 (5/55+1/42),2,120,30,1,3,1.0
2007-02-07,22,4,28,37,52,10,3.0,D: 2005-2009 (5/55+1/42),1,143,48,0,4,0.0
2007-02-10,41,11,16,42,2,16,3.0,D: 2005-2009 (5/55+1/42),2,112,40,1,3,0.0
2007-02-14,3,30,26,54,55,15,3.0,D: 2005-2009 (5/55+1/42),2,168,52,1,3,0.0
2007-02-17,35,1,15,37,45,32,3.0,D: 2005-2009 (5/55+1/42),5,133,44,0,4,0.0
2007-02-21,8,2,29,22,37,3,3.0,D: 2005-2009 (5/55+1/42),2,98,35,0,3,1.0
2007-02-24,42,55,38,54,36,24,3.0,D: 2005-2009 (5/55+1/42),1,225,19,1,3,0.0
2007-02-28,41,20,13,42,53,2,3.0,D: 2005-2009 (5/55+1/42),3,169,40,1,3,1.0
2007-03-03,16,22,5,1,48,6,3.0,D: 2005-2009 (5/55+1/42),2,92,47,0,4,0.0
2007-03-07,18,16,46,19,13,36,5.0,D: 2005-2009 (5/55+1/42),2,112,33,1,2,1.0
2007-03-10,42,18,43,34,14,32,5.0,D: 2005-2009 (5/55+1/42),1,151,29,1,3,1.0
2007-03-14,44,4,27,30,39,18,2.0,D: 2005-2009 (5/55+1/42),2,144,40,0,4,0.0
2007-03-17,17,47,44,7,54,3,3.0,D: 2005-2009 (5/55+1/42),3,169,47,0,4,1.0
2007-03-21,53,38,24,54,16,5,5.0,D: 2005-2009 (5/55+1/42),1,185,38,1,4,1.0
2007-03-24,53,38,40,10,48,3,5.0,D: 2005-2009 (5/55+1/42),1,189,43,0,4,2.0
2007-03-28,47,6,35,20,37,1,2.0,D: 2005-2009 (5/55+1/42),3,145,41,0,4,0.0
2007-03-31,36,5,2,16,40,36,2.0,D: 2005-2009 (5/55+1/42),1,99,38,0,3,0.0
2007-04-04,39,19,53,30,40,16,5.0,D: 2005-2009 (5/55+1/42),3,181,34,1,4,1.0
2007-04-07,28,55,54,2,31,23,4.0,D: 2005-2009 (5/55+1/42),2,170,53,1,4,0.0
2007-04-11,42,51,6,38,15,18,2.0,D: 2005-2009 (5/55+1/42),2,152,45,0,5,0.0
2007-04-14,12,49,21,36,38,18,10.0,D: 2005-2009 (5/55+1/42),2,156,37,0,4,1.0
2007-04-18,13,10,24,12,6,19,3.0,D: 2005-2009 (5/55+1/42),1,65,18,1,3,1.0
2007-04-21,45,26,28,22,33,17,4.0,D: 2005-2009 (5/55+1/42),2,154,23,0,3,0.0
2007-04-25,14,12,13,17,53,11,4.0,D: 2005-2009 (5/55+1/42),3,109,41,2,2,0.0
2007-04-28,16,43,46,49,22,10,4.0,D: 2005-2009 (5/55+1/42),2,176,33,0,3,0.0
2007-05-02,40,1,8,47,35,9,3.0,D: 2005-2009 (5/55+1/42),3,131,46,0,3,0.0
2007-05-05,29,21,13,40,50,6,2.0,D: 2005-2009 (5/55+1/42),3,153,37,0,4,1.0
2007-05-09,44,2,52,30,13,40,4.0,D: 2005-2009 (5/55+1/42),1,141,50,0,5,1.0
2007-05-12,30,51,53,44,46,25,3.0,D: 2005-2009 (5/55+1/42),2,224,23,0,3,2.0
2007-05-16,42,7,16,6,34,23,2.0,D: 2005-2009 (5/55+1/42),1,105,36,1,4,0.0
2007-05-19,26,19,45,21,3,2,2.0,D: 2005-2009 (5/55+1/42),4,114,42,0,4,0.0
2007-05-23,38,24,3,11,36,6,4.0,D: 2005-2009 (5/55+1/42),2,112,35,0,4,1.0
2007-05-26,21,5,46,1,51,29,4.0,D: 2005-2009 (5/55+1/42),4,124,50,0,4,0.0
2007-05-30,55,7,54,23,35,28,2.0,D: 2005-2009 (5/55+1/42),4,174,48,1,4,0.0
2007-06-02,2,36,22,32,47,36,5.0,D: 2005-2009 (5/55+1/42),1,139,45,0,4,0.0
2007-06-06,45,14,48,5,9,28,4.0,D: 2005-2009 (5/55+1/42),3,121,43,0,3,0.0
2007-06-09,10,7,32,25,41,22,2.0,D: 2005-2009 (5/55+1/42),3,115,34,0,4,0.0
2007-06-13,47,28,13,30,10,26,3.0,D: 2005-2009 (5/55+1/42),2,128,37,0,4,1.0
2007-06-16,8,47,4,51,32,27,5.0,D: 2005-2009 (5/55+1/42),2,142,47,0,4,1.0
2007-06-20,32,31,55,37,23,35,3.0,D: 2005-2009 (5/55+1/42),4,178,32,1,3,1.0
2007-06-23,27,43,14,15,53,28,4.0,D: 2005-2009 (5/55+1/42),4,152,39,1,4,0.0
2007-06-27,9,13,11,24,43,18,4.0,D: 2005-2009 (5/55+1/42),4,100,34,0,4,1.0
2007-06-30,38,39,47,24,46,26,3.0,D: 2005-2009 (5/55+1/42),2,194,23,2,3,1.0
2007-07-04,17,49,15,1,2,35,5.0,D: 2005-2009 (5/55+1/42),4,84,48,1,3,0.0
2007-07-07,47,21,41,15,27,20,3.0,D: 2005-2009 (5/55+1/42),5,151,32,0,3,1.0
2007-07-11,43,42,20,29,8,35,5.0,D: 2005-2009 (5/55+1/42),2,142,35,1,4,0.0
2007-07-14,1,36,30,34,21,37,5.0,D: 2005-2009 (5/55+1/42),2,122,35,0,3,0.0
2007-07-18,9,42,14,40,3,3,4.0,D: 2005-2009 (5/55+1/42),2,108,39,0,4,0.0
2007-07-21,46,39,30,14,43,14,4.0,D: 2005-2009 (5/55+1/42),2,172,32,0,4,1.0
2007-07-25,28,35,47,40,53,30,5.0,D: 2005-2009 (5/55+1/42),3,203,25,0,4,0.0
2007-07-28,19,24,47,27,15,11,5.0,D: 2005-2009 (5/55+1/42),4,132,32,0,3,1.0
2007-08-01,16,52,9,23,51,12,5.0,D: 2005-2009 (5/55+1/42),3,151,43,1,4,0.0
2007-08-04,27,24,2,36,23,3,2.0,D: 2005-2009 (5/55+1/42),2,112,34,1,3,1.0
2007-08-08,52,21,9,16,30,9,2.0,D: 2005-2009 (5/55+1/42),2,128,43,0,4,0.0
2007-08-11,37,1,11,10,40,20,4.0,D: 2005-2009 (5/55+1/42),3,99,39,1,3,0.0
2007-08-15,19,51,24,22,38,9,2.0,D: 2005-2009 (5/55+1/42),2,154,32,0,4,0.0
2007-08-18,15,12,31,28,50,12,5.0,D: 2005-2009 (5/55+1/42),2,136,38,0,4,0.0
2007-08-22,12,37,48,40,50,37,4.0,D: 2005-2009 (5/55+1/42),1,187,38,0,3,2.0
2007-08-25,23,29,35,8,2,19,3.0,D: 2005-2009 (5/55+1/42),3,97,33,0,3,0.0
2007-08-29,33,47,13,16,44,29,3.0,D: 2005-2009 (5/55+1/42),3,153,34,0,3,0.0
2007-09-01,19,39,23,37,12,13,4.0,D: 2005-2009 (5/55+1/42),4,130,27,0,3,0.0
2007-09-05,48,30,21,20,11,18,2.0,D: 2005-2009 (5/55+1/42),2,130,37,1,3,0.0
2007-09-08,12,30,7,48,28,40,2.0,D: 2005-2009 (5/55+1/42),1,125,41,0,4,2.0
2007-09-12,47,5,24,26,33,1,4.0,D: 2005-2009 (5/55+1/42),3,135,42,0,4,0.0
2007-09-15,51,48,16,13,27,21,5.0,D: 2005-2009 (5/55+1/42),3,155,38,0,4,0.0
2007-09-19,26,25,20,46,45,15,3.0,D: 2005-2009 (5/55+1/42),2,162,26,2,3,0.0
2007-09-22,4,9,18,55,43,3,3.0,D: 2005-2009 (5/55+1/42),3,129,51,0,4,0.0
2007-09-26,27,54,25,31,44,8,2.0,D: 2005-2009 (5/55+1/42),3,181,29,0,4,0.0
2007-09-29,38,55,33,31,49,39,3.0,D: 2005-2009 (5/55+1/42),4,206,24,0,3,1.0
2007-10-03,2,4,15,28,14,23,4.0,D: 2005-2009 (5/55+1/42),1,63,26,1,3,0.0
2007-10-06,33,32,51,8,30,2,3.0,D: 2005-2009 (5/55+1/42),2,154,43,1,4,0.0
2007-10-10,31,54,33,16,12,5,4.0,D: 2005-2009 (5/55+1/42),2,146,42,0,3,1.0
2007-10-13,21,34,36,30,49,42,3.0,D: 2005-2009 (5/55+1/42),2,170,28,0,3,0.0
2007-10-17,46,15,42,19,14,37,4.0,D: 2005-2009 (5/55+1/42),2,136,32,1,2,0.0
2007-10-20,40,10,11,37,54,10,3.0,D: 2005-2009 (5/55+1/42),2,152,44,1,4,0.0
2007-10-24,10,52,11,49,18,2,4.0,D: 2005-2009 (5/55+1/42),2,140,42,1,4,2.0
2007-10-27,13,25,30,40,43,12,4.0,D: 2005-2009 (5/55+1/42),3,151,30,0,4,0.0
2007-10-31,29,18,6,37,16,24,2.0,D: 2005-2009 (5/55+1/42),2,106,31,0,4,0.0
2007-11-03,1,38,40,53,31,42,2.0,D: 2005-2009 (5/55+1/42),3,163,52,0,3,0.0
2007-11-07,46,22,35,52,29,2,5.0,D: 2005-2009 (5/55+1/42),2,184,30,0,4,0.0
2007-11-10,6,26,30,24,22,12,4.0,D: 2005-2009 (5/55+1/42),0,108,24,0,2,1.0
2007-11-14,16,30,20,18,48,6,2.0,D: 2005-2009 (5/55+1/42),0,132,32,0,3,1.0
2007-11-17,53,52,49,27,17,23,3.0,D: 2005-2009 (5/55+1/42),4,198,36,1,4,0.0
2007-11-21,13,11,20,3,40,20,2.0,D: 2005-2009 (5/55+1/42),3,87,37,0,3,0.0
2007-11-24,7,1,23,35,13,19,5.0,D: 2005-2009 (5/55+1/42),5,79,34,0,4,1.0
2007-11-28,23,39,8,32,37,38,3.0,D: 2005-2009 (5/55+1/42),3,139,31,0,3,1.0
2007-12-01,41,32,39,55,7,13,2.0,D: 2005-2009 (5/55+1/42),4,174,48,0,4,2.0
2007-12-05,8,55,21,15,1,41,3.0,D: 2005-2009 (5/55+1/42),4,100,54,0,4,1.0
2007-12-08,31,8,29,25,4,41,3.0,D: 2005-2009 (5/55+1/42),3,97,27,0,3,1.0
2007-12-12,7,40,55,33,14,15,5.0,D: 2005-2009 (5/55+1/42),3,149,48,0,4,0.0
2007-12-15,47,22,37,48,50,17,3.0,D: 2005-2009 (5/55+1/42),2,204,28,1,3,0.0
2007-12-19,22,15,42,18,23,37,3.0,D: 2005-2009 (5/55+1/42),2,120,27,1,3,1.0
2007-12-22,34,10,38,5,11,21,4.0,D: 2005-2009 (5/55+1/42),2,98,33,1,3,0.0
2007-12-26,55,32,8,54,41,20,3.0,D: 2005-2009 (5/55+1/42),2,190,47,1,4,0.0
2007-12-29,8,12,49,17,35,18,4.0,D: 2005-2009 (5/55+1/42),3,121,41,0,4,1.0
2008-01-02,31,34,48,11,2,5,4.0,D: 2005-2009 (5/55+1/42),2,126,46,0,4,0.0
2008-01-05,33,11,16,4,40,9,4.0,D: 2005-2009 (5/55+1/42),2,104,36,0,3,1.0
2008-01-09,2,20,13,23,21,24,3.0,D: 2005-2009 (5/55+1/42),3,79,21,1,3,0.0
2008-01-12,47,53,43,23,39,14,3.0,D: 2005-2009 (5/55+1/42),5,205,30,0,4,1.0
2008-01-16,9,18,47,38,19,11,5.0,D: 2005-2009 (5/55+1/42),3,131,38,1,4,1.0
2008-01-19,28,20,23,25,27,2,5.0,D: 2005-2009 (5/55+1/42),3,123,8,1,2,0.0
2008-01-23,48,47,35,4,16,39,3.0,D: 2005-2009 (5/55+1/42),2,150,44,1,4,0.0
2008-01-26,39,53,35,11,54,24,2.0,D: 2005-2009 (5/55+1/42),4,192,43,1,3,1.0
2008-01-30,55,2,17,41,54,17,2.0,D: 2005-2009 (5/55+1/42),3,169,53,1,4,1.0
2008-02-02,14,44,25,26,16,30,3.0,D: 2005-2009 (5/55+1/42),1,125,30,1,3,0.0
2008-02-06,3,43,5,42,12,5,5.0,D: 2005-2009 (5/55+1/42),3,105,40,1,3,0.0
2008-02-09,24,4,23,43,30,28,5.0,D: 2005-2009 (5/55+1/42),2,124,39,1,3,1.0
2008-02-13,32,13,38,51,19,30,3.0,D: 2005-2009 (5/55+1/42),3,153,38,0,3,0.0
2008-02-16,3,49,4,20,8,18,3.0,D: 2005-2009 (5/55+1/42),2,84,46,1,3,0.0
2008-02-20,20,9,36,22,12,31,3.0,D: 2005-2009 (5/55+1/42),1,99,27,0,4,1.0
2008-02-23,23,29,8,13,47,32,3.0,D: 2005-2009 (5/55+1/42),4,120,39,0,4,0.0
2008-02-27,37,48,53,20,24,11,5.0,D: 2005-2009 (5/55+1/42),2,182,33,0,5,0.0
2008-03-01,31,21,19,2,55,19,4.0,D: 2005-2009 (5/55+1/42),4,128,53,0,5,0.0
2008-03-05,10,15,23,16,31,5,3.0,D: 2005-2009 (5/55+1/42),3,95,21,1,4,1.0
2008-03-08,29,49,17,34,31,16,2.0,D: 2005-2009 (5/55+1/42),4,160,32,0,4,1.0
2008-03-12,30,12,34,19,36,8,4.0,D: 2005-2009 (5/55+1/42),1,131,24,0,3,1.0
2008-03-15,6,42,43,47,22,16,2.0,D: 2005-2009 (5/55+1/42),2,160,41,1,3,0.0
2008-03-19,29,6,8,49,41,42,4.0,D: 2005-2009 (5/55+1/42),3,133,43,0,3,1.0
2008-03-22,48,46,28,25,7,19,3.0,D: 2005-2009 (5/55+1/42),2,154,41,0,3,0.0
2008-03-26,20,37,49,9,12,17,2.0,D: 2005-2009 (5/55+1/42),3,127,40,0,4,0.0
2008-03-29,18,36,31,25,20,7,5.0,D: 2005-2009 (5/55+1/42),2,130,18,0,3,1.0
2008-04-02,37,1,55,44,34,33,4.0,D: 2005-2009 (5/55+1/42),3,171,54,0,4,0.0
2008-04-05,30,47,27,12,37,26,5.0,D: 2005-2009 (5/55+1/42),3,153,35,0,4,1.0
2008-04-09,46,13,32,3,19,18,4.0,D: 2005-2009 (5/55+1/42),3,113,43,0,4,0.0
2008-04-12,52,11,55,48,29,36,4.0,D: 2005-2009 (5/55+1/42),3,195,44,0,4,0.0
2008-04-16,21,18,11,16,51,16,10.0,D: 2005-2009 (5/55+1/42),3,117,40,0,3,1.0
2008-04-19,24,13,19,39,33,8,3.0,D: 2005-2009 (5/55+1/42),4,128,26,0,3,0.0
2008-04-23,22,39,21,20,11,1,10.0,D: 2005-2009 (5/55+1/42),3,113,28,2,3,1.0
2008-04-26,27,45,7,12,17,24,5.0,D: 2005-2009 (5/55+1/42),4,108,38,0,4,0.0
2008-04-30,25,51,43,17,1,38,3.0,D: 2005-2009 (5/55+1/42),5,137,50,0,5,1.0
2008-05-03,28,2,36,46,42,40,3.0,D: 2005-2009 (5/55+1/42),0,154,44,0,4,0.0
2008-05-07,42,26,25,28,9,26,2.0,D: 2005-2009 (5/55+1/42),2,130,33,1,3,2.0
2008-05-10,30,7,18,45,41,6,2.0,D: 2005-2009 (5/55+1/42),3,141,38,0,4,0.0
2008-05-14,46,29,21,32,19,32,2.0,D: 2005-2009 (5/55+1/42),3,147,27,0,4,0.0
2008-05-17,12,21,14,15,43,30,3.0,D: 2005-2009 (5/55+1/42),3,105,31,1,3,1.0
2008-05-21,21,33,42,7,16,25,4.0,D: 2005-2009 (5/55+1/42),3,119,35,0,5,1.0
2008-05-24,40,33,51,52,41,6,2.0,D: 2005-2009 (5/55+1/42),3,217,19,2,3,1.0
2008-05-28,18,45,22,10,37,9,2.0,D: 2005-2009 (5/55+1/42),2,132,35,0,5,0.0
2008-05-31,9,17,3,14,25,8,4.0,D: 2005-2009 (5/55+1/42),4,68,22,0,3,0.0
2008-06-04,18,5,52,40,20,3,3.0,D: 2005-2009 (5/55+1/42),1,135,47,0,4,0.0
2008-06-07,26,44,34,12,48,9,2.0,D: 2005-2009 (5/55+1/42),0,164,36,0,4,0.0
2008-06-11,7,49,18,28,21,1,5.0,D: 2005-2009 (5/55+1/42),3,123,42,0,4,0.0
2008-06-14,50,31,9,20,11,14,4.0,D: 2005-2009 (5/55+1/42),3,121,41,0,4,0.0
2008-06-18,52,9,31,39,12,32,4.0,D: 2005-2009 (5/55+1/42),3,143,43,0,4,2.0
2008-06-21,8,7,50,31,9,31,2.0,D: 2005-2009 (5/55+1/42),3,105,43,2,3,2.0
2008-06-25,53,45,14,21,25,9,2.0,D: 2005-2009 (5/55+1/42),4,158,39,0,4,0.0
2008-06-28,26,32,14,34,44,6,3.0,D: 2005-2009 (5/55+1/42),0,150,30,0,4,1.0
2008-07-02,46,33,52,48,4,17,5.0,D: 2005-2009 (5/55+1/42),1,183,48,0,4,0.0
2008-07-05,24,47,34,1,48,18,5.0,D: 2005-2009 (5/55+1/42),2,154,47,1,4,1.0
2008-07-09,5,31,7,49,53,14,4.0,D: 2005-2009 (5/55+1/42),5,145,48,0,4,0.0
2008-07-12,20,50,12,2,22,17,2.0,D: 2005-2009 (5/55+1/42),0,106,48,0,4,0.0
2008-07-16,3,23,15,42,29,17,4.0,D: 2005-2009 (5/55+1/42),4,112,39,0,4,0.0
2008-07-19,55,46,53,6,28,2,3.0,D: 2005-2009 (5/55+1/42),2,188,49,0,4,0.0
2008-07-23,52,11,14,35,41,2,4.0,D: 2005-2009 (5/55+1/42),3,153,41,0,4,0.0
2008-07-26,51,55,21,12,13,18,4.0,D: 2005-2009 (5/55+1/42),4,152,43,1,3,0.0
2008-07-30,25,55,3,51,45,13,3.0,D: 2005-2009 (5/55+1/42),5,179,52,0,4,2.0
2008-08-02,5,28,33,2,54,30,5.0,D: 2005-2009 (5/55+1/42),2,122,52,0,4,0.0
2008-08-06,24,37,5,36,51,19,4.0,D: 2005-2009 (5/55+1/42),3,153,46,1,4,1.0
2008-08-09,53,40,32,49,43,21,5.0,D: 2005-2009 (5/55+1/42),3,217,21,0,3,0.0
2008-08-13,31,10,5,23,19,26,4.0,D: 2005-2009 (5/55+1/42),4,88,26,0,4,0.0
2008-08-16,5,43,34,52,40,20,5.0,D: 2005-2009 (5/55+1/42),2,174,47,0,4,1.0
2008-08-20,15,24,47,35,16,26,2.0,D: 2005-2009 (5/55+1/42),3,137,32,1,4,0.0
2008-08-23,47,33,18,48,24,23,3.0,D: 2005-2009 (5/55+1/42),2,170,30,1,4,2.0
2008-08-27,13,49,31,48,36,11,2.0,D: 2005-2009 (5/55+1/42),3,177,36,1,3,1.0
2008-08-30,14,32,47,2,15,36,3.0,D: 2005-2009 (5/55+1/42),2,110,45,1,4,0.0
2008-09-03,49,38,40,46,50,34,2.0,D: 2005-2009 (5/55+1/42),1,223,12,1,2,0.0
2008-09-06,26,54,49,25,17,11,4.0,D: 2005-2009 (5/55+1/42),3,171,37,1,4,1.0
2008-09-10,37,28,15,53,14,18,2.0,D: 2005-2009 (5/55+1/42),3,147,39,1,4,0.0
2008-09-13,29,17,7,51,43,38,2.0,D: 2005-2009 (5/55+1/42),5,147,44,0,5,0.0
2008-09-17,12,26,32,23,44,20,3.0,D: 2005-2009 (5/55+1/42),1,137,32,0,4,0.0
2008-09-20,47,30,40,28,6,24,5.0,D: 2005-2009 (5/55+1/42),1,151,41,0,4,0.0
2008-09-24,32,36,13,21,5,33,5.0,D: 2005-2009 (5/55+1/42),3,107,31,0,4,0.0
2008-09-27,40,24,13,29,52,29,4.0,D: 2005-2009 (5/55+1/42),2,158,39,0,4,1.0
2008-10-01,43,39,8,9,55,26,2.0,D: 2005-2009 (5/55+1/42),4,154,47,1,4,0.0
2008-10-04,39,4,32,1,26,18,5.0,D: 2005-2009 (5/55+1/42),2,102,38,0,3,1.0
2008-10-08,48,12,54,17,2,2,4.0,D: 2005-2009 (5/55+1/42),1,133,52,0,4,0.0
2008-10-11,39,3,17,47,7,9,4.0,D: 2005-2009 (5/55+1/42),5,113,44,0,4,1.0
2008-10-15,3,13,38,32,48,13,4.0,D: 2005-2009 (5/55+1/42),2,134,45,0,4,1.0
2008-10-18,40,10,14,32,49,15,4.0,D: 2005-2009 (5/55+1/42),1,145,39,0,4,1.0
2008-10-22,17,52,10,33,51,5,3.0,D: 2005-2009 (5/55+1/42),3,163,42,1,4,1.0
2008-10-25,48,1,3,38,14,2,2.0,D: 2005-2009 (5/55+1/42),2,104,47,0,4,0.0
2008-10-29,37,50,20,30,52,33,2.0,D: 2005-2009 (5/55+1/42),1,189,32,0,5,0.0
2008-11-01,40,4,41,6,26,15,4.0,D: 2005-2009 (5/55+1/42),1,117,37,1,4,0.0
2008-11-05,18,33,36,4,8,32,2.0,D: 2005-2009 (5/55+1/42),1,99,32,0,3,1.0
2008-11-08,40,36,4,21,2,41,2.0,D: 2005-2009 (5/55+1/42),1,103,38,0,3,2.0
2008-11-12,18,45,25,1,29,2,2.0,D: 2005-2009 (5/55+1/42),4,118,44,0,4,0.0
2008-11-15,7,44,8,12,3,37,2.0,D: 2005-2009 (5/55+1/42),2,74,41,1,3,0.0
2008-11-19,8,45,13,39,38,31,4.0,D: 2005-2009 (5/55+1/42),3,143,37,1,4,1.0
2008-11-22,19,32,26,45,17,14,4.0,D: 2005-2009 (5/55+1/42),3,139,28,0,4,1.0
2008-11-26,11,31,52,26,34,14,2.0,D: 2005-2009 (5/55+1/42),2,154,41,0,4,1.0
2008-11-29,5,55,33,39,36,21,4.0,D: 2005-2009 (5/55+1/42),4,168,50,0,3,0.0
2008-12-03,17,21,25,16,55,3,5.0,D: 2005-2009 (5/55+1/42),4,134,39,1,3,1.0
2008-12-06,53,9,39,43,35,10,5.0,D: 2005-2009 (5/55+1/42),5,179,44,0,4,0.0
2008-12-10,37,6,41,24,15,37,4.0,D: 2005-2009 (5/55+1/42),3,123,35,0,5,0.0
2008-12-13,40,14,28,26,31,13,2.0,D: 2005-2009 (5/55+1/42),1,139,26,0,3,0.0
2008-12-17,11,7,30,24,18,26,4.0,D: 2005-2009 (5/55+1/42),2,90,23,0,3,0.0
2008-12-20,3,19,32,54,14,24,5.0,D: 2005-2009 (5/55+1/42),2,122,51,0,4,0.0
2008-12-24,17,2,32,22,41,8,5.0,D: 2005-2009 (5/55+1/42),2,114,39,0,5,1.0
2008-12-27,12,43,15,31,26,10,5.0,D: 2005-2009 (5/55+1/42),3,127,31,0,4,0.0
2008-12-31,11,53,8,7,17,36,5.0,D: 2005-2009 (5/55+1/42),4,96,46,1,3,0.0
2009-01-03,38,22,55,24,17,24,3.0,D: 2005-2009 (5/55+1/42),2,156,38,0,4,1.0
2009-01-07,31,52,23,33,38,24,5.0,E: 2009-2012 (5/59+1/39),3,177,29,0,3,
2009-01-10,8,56,10,18,43,9,3.0,E: 2009-2012 (5/59+1/39),1,135,48,0,4,0.0
2009-01-14,46,34,25,8,39,34,5.0,E: 2009-2012 (5/59+1/39),2,152,38,0,4,1.0
2009-01-17,9,5,59,23,2,26,2.0,E: 2009-2012 (5/59+1/39),4,98,57,0,3,0.0
2009-01-21,26,20,54,46,38,23,4.0,E: 2009-2012 (5/59+1/39),0,184,34,0,5,0.0
2009-01-24,6,37,42,20,25,25,2.0,E: 2009-2012 (5/59+1/39),2,130,36,0,5,1.0
2009-01-28,10,32,18,5,23,4,4.0,E: 2009-2012 (5/59+1/39),2,88,27,0,4,0.0
2009-01-31,33,26,14,41,1,37,4.0,E: 2009-2012 (5/59+1/39),3,115,40,0,5,0.0
2009-02-04,24,44,30,32,7,18,4.0,E: 2009-2012 (5/59+1/39),1,137,37,0,4,0.0
2009-02-07,18,53,5,28,20,27,2.0,E: 2009-2012 (5/59+1/39),2,124,48,0,4,0.0
2009-02-11,5,22,45,49,10,37,2.0,E: 2009-2012 (5/59+1/39),3,131,44,0,3,1.0
2009-02-14,33,8,45,9,2,5,5.0,E: 2009-2012 (5/59+1/39),3,97,43,1,3,1.0
2009-02-18,44,15,56,39,2,15,3.0,E: 2009-2012 (5/59+1/39),2,156,54,0,5,1.0
2009-02-21,31,46,13,45,41,21,4.0,E: 2009-2012 (5/59+1/39),4,176,33,1,3,0.0
2009-02-25,32,49,42,56,17,11,4.0,E: 2009-2012 (5/59+1/39),2,196,39,0,4,0.0
2009-02-28,3,58,16,20,42,7,5.0,E: 2009-2012 (5/59+1/39),1,139,55,0,4,1.0
2009-03-04,6,1,44,55,49,36,2.0,E: 2009-2012 (5/59+1/39),3,155,54,0,3,0.0
2009-03-07,59,27,56,28,21,21,2.0,E: 2009-2012 (5/59+1/39),3,191,38,1,2,0.0
2009-03-11,13,7,47,3,34,30,5.0,E: 2009-2012 (5/59+1/39),4,104,44,0,4,0.0
2009-03-14,7,44,33,30,51,10,2.0,E: 2009-2012 (5/59+1/39),3,165,44,0,5,1.0
2009-03-18,16,29,26,45,41,1,2.0,E: 2009-2012 (5/59+1/39),3,157,29,0,3,0.0
2009-03-21,49,27,23,52,19,21,4.0,E: 2009-2012 (5/59+1/39),4,170,33,0,4,0.0
2009-03-25,23,47,10,20,54,26,2.0,E: 2009-2012 (5/59+1/39),2,154,44,0,5,1.0
2009-03-28,48,2,16,41,3,19,3.0,E: 2009-2012 (5/59+1/39),2,110,46,1,3,0.0
2009-04-01,2,33,41,54,9,14,3.0,E: 2009-2012 (5/59+1/39),3,139,52,0,4,2.0
2009-04-04,21,57,58,14,50,7,3.0,E: 2009-2012 (5/59+1/39),2,200,44,1,4,0.0
2009-04-08,52,56,1,6,48,9,5.0,E: 2009-2012 (5/59+1/39),1,163,55,0,3,0.0
2009-04-11,46,49,7,35,28,20,4.0,E: 2009-2012 (5/59+1/39),3,165,42,0,4,0.0
2009-04-15,59,22,26,16,27,5,2.0,E: 2009-2012 (5/59+1/39),2,150,43,1,3,0.0
2009-04-18,7,28,44,43,15,20,3.0,E: 2009-2012 (5/59+1/39),3,137,37,1,4,0.0
2009-04-22,30,15,48,22,37,12,2.0,E: 2009-2012 (5/59+1/39),2,152,33,0,4,1.0
2009-04-25,52,42,30,8,26,15,5.0,E: 2009-2012 (5/59+1/39),0,158,44,0,4,1.0
2009-04-29,6,36,50,19,59,13,5.0,E: 2009-2012 (5/59+1/39),2,170,53,0,5,0.0
2009-05-02,45,20,38,42,3,27,3.0,E: 2009-2012 (5/59+1/39),2,148,42,0,4,0.0
2009-05-06,12,7,22,31,8,18,5.0,E: 2009-2012 (5/59+1/39),2,80,24,1,4,0.0
2009-05-09,49,32,4,15,58,21,3.0,E: 2009-2012 (5/59+1/39),2,158,54,0,5,0.0
2009-05-13,30,40,37,32,19,37,3.0,E: 2009-2012 (5/59+1/39),2,158,21,0,3,1.0
2009-05-16,6,7,40,56,31,38,2.0,E: 2009-2012 (5/59+1/39),2,140,50,1,3,1.0
2009-05-20,23,30,42,35,31,6,2.0,E: 2009-2012 (5/59+1/39),3,161,19,1,3,1.0
2009-05-23,52,19,57,34,23,21,5.0,E: 2009-2012 (5/59+1/39),3,185,38,0,4,1.0
2009-05-27,5,16,6,21,12,7,3.0,E: 2009-2012 (5/59+1/39),2,60,16,1,3,0.0
2009-05-30,51,42,1,59,23,20,5.0,E: 2009-2012 (5/59+1/39),4,176,58,0,4,0.0
2009-06-03,22,20,32,16,37,9,2.0,E: 2009-2012 (5/59+1/39),1,127,21,0,3,0.0
2009-06-06,45,10,23,30,18,2,3.0,E: 2009-2012 (5/59+1/39),2,126,35,0,4,0.0
2009-06-10,26,42,58,27,15,37,2.0,E: 2009-2012 (5/59+1/39),2,168,43,1,4,0.0
2009-06-13,20,41,13,35,16,6,4.0,E: 2009-2012 (5/59+1/39),3,125,28,0,3,0.0
2009-06-17,53,9,37,5,42,27,5.0,E: 2009-2012 (5/59+1/39),4,146,48,0,4,0.0
2009-06-20,28,22,3,11,18,33,2.0,E: 2009-2012 (5/59+1/39),2,82,25,0,3,0.0
2009-06-24,53,24,51,16,18,16,5.0,E: 2009-2012 (5/59+1/39),2,162,37,0,3,1.0
2009-06-27,48,39,26,18,22,17,4.0,E: 2009-2012 (5/59+1/39),1,153,30,0,4,1.0
2009-07-01,38,53,9,52,32,15,2.0,E: 2009-2012 (5/59+1/39),2,184,44,1,3,0.0
2009-07-04,22,4,41,44,9,14,3.0,E: 2009-2012 (5/59+1/39),2,120,40,0,3,1.0
2009-07-08,50,56,42,53,19,39,2.0,E: 2009-2012 (5/59+1/39),2,220,37,0,3,0.0
2009-07-11,39,1,4,42,20,2,5.0,E: 2009-2012 (5/59+1/39),2,106,41,0,4,1.0
2009-07-15,26,50,57,52,51,37,5.0,E: 2009-2012 (5/59+1/39),2,236,31,2,3,0.0
2009-07-18,21,26,47,4,28,37,4.0,E: 2009-2012 (5/59+1/39),2,126,43,0,3,1.0
2009-07-22,6,22,4,16,32,11,2.0,E: 2009-2012 (5/59+1/39),0,80,28,0,4,1.0
2009-07-25,33,5,52,46,17,9,5.0,E: 2009-2012 (5/59+1/39),3,153,47,0,5,0.0
2009-07-29,38,2,43,5,59,8,2.0,E: 2009-2012 (5/59+1/39),3,147,57,0,4,1.0
2009-08-01,53,37,46,39,5,8,4.0,E: 2009-2012 (5/59+1/39),4,180,48,0,4,1.0
2009-08-05,34,25,41,49,46,29,3.0,E: 2009-2012 (5/59+1/39),3,195,24,0,3,1.0
2009-08-08,45,37,50,33,4,11,4.0,E: 2009-2012 (5/59+1/39),3,169,46,0,3,0.0
2009-08-12,32,10,25,47,34,5,3.0,E: 2009-2012 (5/59+1/39),2,148,37,0,4,0.0
2009-08-15,14,26,32,15,36,12,5.0,E: 2009-2012 (5/59+1/39),1,123,22,1,3,1.0
2009-08-19,43,14,31,51,24,27,5.0,E: 2009-2012 (5/59+1/39),3,163,37,0,5,1.0
2009-08-22,6,51,3,20,32,23,5.0,E: 2009-2012 (5/59+1/39),2,112,48,0,4,1.0
2009-08-26,43,23,1,21,30,11,3.0,E: 2009-2012 (5/59+1/39),4,118,42,0,3,0.0
2009-08-29,1,53,20,37,52,33,3.0,E: 2009-2012 (5/59+1/39),3,163,52,1,4,1.0
2009-09-02,23,47,36,18,59,36,4.0,E: 2009-2012 (5/59+1/39),3,183,41,0,5,0.0
2009-09-05,35,27,16,9,57,29,3.0,E: 2009-2012 (5/59+1/39),4,144,48,0,5,0.0
2009-09-09,16,18,51,53,4,23,4.0,E: 2009-2012 (5/59+1/39),2,142,49,0,3,1.0
2009-09-12,13,28,56,41,38,25,2.0,E: 2009-2012 (5/59+1/39),2,176,43,0,5,0.0
2009-09-16,17,56,37,40,51,25,2.0,E: 2009-2012 (5/59+1/39),3,201,39,0,3,1.0
2009-09-19,25,24,49,30,5,23,3.0,E: 2009-2012 (5/59+1/39),3,133,44,1,3,0.0
2009-09-23,7,8,29,20,25,11,5.0,E: 2009-2012 (5/59+1/39),3,89,22,1,3,1.0
2009-09-26,34,20,36,39,18,19,3.0,E: 2009-2012 (5/59+1/39),1,147,21,0,2,1.0
2009-09-30,52,54,41,42,57,30,3.0,E: 2009-2012 (5/59+1/39),2,246,16,1,2,0.0
2009-10-03,50,57,24,12,48,22,3.0,E: 2009-2012 (5/59+1/39),1,191,45,0,4,1.0
2009-10-07,2,50,38,21,20,22,3.0,E: 2009-2012 (5/59+1/39),1,131,48,1,5,1.0
2009-10-10,45,49,50,13,32,30,3.0,E: 2009-2012 (5/59+1/39),3,189,37,1,3,1.0
2009-10-14,15,30,5,40,25,6,2.0,E: 2009-2012 (5/59+1/39),3,115,35,0,4,0.0
2009-10-17,16,5,49,30,25,39,5.0,E: 2009-2012 (5/59+1/39),3,125,44,0,4,3.0
2009-10-21,34,51,45,6,16,4,2.0,E: 2009-2012 (5/59+1/39),2,152,45,0,5,1.0
2009-10-24,38,22,59,49,14,16,2.0,E: 2009-2012 (5/59+1/39),2,182,45,0,5,0.0
2009-10-28,51,46,26,3,11,23,5.0,E: 2009-2012 (5/59+1/39),3,137,48,0,5,0.0
2009-10-31,19,26,54,41,2,23,5.0,E: 2009-2012 (5/59+1/39),2,142,52,0,5,1.0
2009-11-04,51,10,45,11,14,17,3.0,E: 2009-2012 (5/59+1/39),3,131,41,1,4,0.0
2009-11-07,32,37,46,50,7,26,5.0,E: 2009-2012 (5/59+1/39),2,172,43,0,3,0.0
2009-11-11,12,8,22,29,14,22,2.0,E: 2009-2012 (5/59+1/39),1,85,21,0,3,0.0
2009-11-14,57,30,19,48,32,14,5.0,E: 2009-2012 (5/59+1/39),2,186,38,0,5,0.0
2009-11-18,58,59,32,50,42,31,4.0,E: 2009-2012 (5/59+1/39),1,241,27,1,3,1.0
2009-11-21,26,36,7,49,58,4,5.0,E: 2009-2012 (5/59+1/39),2,176,51,0,5,1.0
2009-11-25,18,13,4,59,49,5,2.0,E: 2009-2012 (5/59+1/39),3,143,55,0,4,1.0
2009-11-28,46,50,27,28,26,21,3.0,E: 2009-2012 (5/59+1/39),1,177,24,2,2,0.0
2009-12-02,37,46,14,34,55,37,4.0,E: 2009-2012 (5/59+1/39),2,186,41,0,4,1.0
2009-12-05,41,58,27,39,44,17,3.0,E: 2009-2012 (5/59+1/39),3,209,31,0,4,0.0
2009-12-09,58,12,5,1,13,21,5.0,E: 2009-2012 (5/59+1/39),3,89,57,1,3,1.0
2009-12-12,14,41,12,13,35,29,2.0,E: 2009-2012 (5/59+1/39),3,115,29,2,3,2.0
2009-12-16,23,43,25,35,13,15,5.0,E: 2009-2012 (5/59+1/39),5,139,30,0,4,2.0
2009-12-19,24,41,17,47,39,21,3.0,E: 2009-2012 (5/59+1/39),4,168,30,0,4,0.0
2009-12-23,52,8,49,51,32,23,4.0,E: 2009-2012 (5/59+1/39),2,192,44,1,4,0.0
2009-12-26,53,41,36,32,37,30,3.0,E: 2009-2012 (5/59+1/39),3,199,21,1,3,1.0
2009-12-30,5,52,14,38,39,6,3.0,E: 2009-2012 (5/59+1/39),2,148,47,1,4,0.0
2010-01-02,23,3,7,42,27,37,3.0,E: 2009-2012 (5/59+1/39),4,102,39,0,3,0.0
2010-01-06,56,27,29,20,58,31,2.0,E: 2009-2012 (5/59+1/39),2,190,38,0,3,1.0
2010-01-09,41,44,20,54,50,22,2.0,E: 2009-2012 (5/59+1/39),1,209,34,0,3,1.0
2010-01-13,32,15,8,11,50,27,3.0,E: 2009-2012 (5/59+1/39),2,116,42,0,4,1.0
2010-01-16,41,8,7,55,23,23,5.0,E: 2009-2012 (5/59+1/39),4,134,48,1,4,1.0
2010-01-20,46,15,43,44,32,19,4.0,E: 2009-2012 (5/59+1/39),2,180,31,1,3,0.0
2010-01-23,53,16,15,42,20,17,2.0,E: 2009-2012 (5/59+1/39),2,146,38,1,3,1.0
2010-01-27,15,26,31,6,20,9,5.0,E: 2009-2012 (5/59+1/39),2,98,25,0,4,2.0
2010-01-30,26,35,48,47,6,21,3.0,E: 2009-2012 (5/59+1/39),2,162,42,1,4,2.0
2010-02-03,37,52,22,36,17,24,2.0,E: 2009-2012 (5/59+1/39),2,164,35,1,4,0.0
2010-02-06,22,54,52,14,59,4,3.0,E: 2009-2012 (5/59+1/39),1,201,45,0,3,2.0
2010-02-10,29,8,37,38,5,34,5.0,E: 2009-2012 (5/59+1/39),3,117,33,1,3,0.0
2010-02-13,14,10,40,51,30,1,4.0,E: 2009-2012 (5/59+1/39),1,145,41,0,5,0.0
2010-02-17,36,7,26,8,19,15,3.0,E: 2009-2012 (5/59+1/39),2,96,29,1,4,0.0
2010-02-20,13,54,41,37,27,32,2.0,E: 2009-2012 (5/59+1/39),4,172,41,0,5,0.0
2010-02-24,50,17,57,35,4,12,2.0,E: 2009-2012 (5/59+1/39),3,163,53,0,5,0.0
2010-02-27,47,18,58,53,51,30,2.0,E: 2009-2012 (5/59+1/39),3,227,40,0,3,0.0
2010-03-03,14,49,9,7,45,23,4.0,E: 2009-2012 (5/59+1/39),4,124,42,0,3,0.0
2010-03-06,41,33,10,59,29,15,2.0,E: 2009-2012 (5/59+1/39),4,172,49,0,5,0.0
2010-03-10,41,37,17,50,21,1,2.0,E: 2009-2012 (5/59+1/39),4,166,33,0,4,1.0
2010-03-13,16,36,20,6,31,8,5.0,E: 2009-2012 (5/59+1/39),1,109,30,0,3,0.0
2010-03-17,55,26,48,45,24,8,2.0,E: 2009-2012 (5/59+1/39),2,198,31,0,3,0.0
2010-03-20,9,36,44,45,39,9,2.0,E: 2009-2012 (5/59+1/39),3,173,36,1,3,1.0
2010-03-24,14,49,39,24,20,7,3.0,E: 2009-2012 (5/59+1/39),2,146,35,0,4,1.0
2010-03-27,21,7,32,52,44,10,4.0,E: 2009-2012 (5/59+1/39),2,156,45,0,5,0.0
2010-03-31,13,45,54,5,17,12,5.0,E: 2009-2012 (5/59+1/39),4,134,49,0,4,0.0
2010-04-03,15,59,52,10,31,4,4.0,E: 2009-2012 (5/59+1/39),3,167,49,0,4,0.0
2010-04-07,36,52,44,4,40,33,2.0,E: 2009-2012 (5/59+1/39),0,176,48,0,4,1.0
2010-04-10,21,22,52,49,58,34,2.0,E: 2009-2012 (5/59+1/39),2,202,37,1,3,1.0
2010-04-14,14,6,32,52,38,20,3.0,E: 2009-2012 (5/59+1/39),0,142,46,0,4,1.0
2010-04-17,22,41,49,21,5,15,5.0,E: 2009-2012 (5/59+1/39),4,138,44,1,3,0.0
2010-04-21,11,34,55,41,49,20,2.0,E: 2009-2012 (5/59+1/39),4,190,44,0,4,2.0
2010-04-24,57,56,1,53,12,5,2.0,E: 2009-2012 (5/59+1/39),3,179,56,1,3,0.0
2010-04-28,28,44,12,22,25,24,4.0,E: 2009-2012 (5/59+1/39),1,131,32,0,3,1.0
2010-05-01,23,25,16,49,58,20,4.0,E: 2009-2012 (5/59+1/39),3,171,42,0,4,1.0
2010-05-05,47,13,34,40,57,11,4.0,E: 2009-2012 (5/59+1/39),3,191,44,0,4,0.0
2010-05-08,41,5,57,34,22,31,5.0,E: 2009-2012 (5/59+1/39),3,159,52,0,5,2.0
2010-05-12,52,58,53,37,51,38,2.0,E: 2009-2012 (5/59+1/39),3,251,21,2,2,0.0
2010-05-15,28,15,36,23,21,20,2.0,E: 2009-2012 (5/59+1/39),3,123,21,0,3,0.0
2010-05-19,7,58,55,29,2,27,3.0,E: 2009-2012 (5/59+1/39),3,151,56,0,3,0.0
2010-05-22,20,19,47,57,40,29,2.0,E: 2009-2012 (5/59+1/39),3,183,38,1,4,0.0
2010-05-26,6,20,10,1,13,32,4.0,E: 2009-2012 (5/59+1/39),2,50,19,0,2,1.0
2010-05-29,24,3,28,1,41,10,4.0,E: 2009-2012 (5/59+1/39),3,97,40,0,3,1.0
2010-06-02,39,14,43,9,4,38,4.0,E: 2009-2012 (5/59+1/39),3,109,39,0,4,0.0
2010-06-05,18,34,40,59,48,25,4.0,E: 2009-2012 (5/59+1/39),1,199,41,0,4,0.0
2010-06-09,22,49,27,14,32,5,4.0,E: 2009-2012 (5/59+1/39),2,144,35,0,4,0.0
2010-06-12,38,13,12,9,35,30,10.0,E: 2009-2012 (5/59+1/39),3,107,29,1,3,0.0
2010-06-16,29,18,11,36,8,6,5.0,E: 2009-2012 (5/59+1/39),2,102,28,0,4,0.0
2010-06-19,54,31,9,30,50,39,3.0,E: 2009-2012 (5/59+1/39),2,174,45,1,5,0.0
2010-06-23,48,11,45,30,47,10,3.0,E: 2009-2012 (5/59+1/39),3,181,37,1,3,1.0
2010-06-26,57,30,13,38,32,25,4.0,E: 2009-2012 (5/59+1/39),2,170,44,0,4,1.0
2010-06-30,38,43,6,48,47,27,5.0,E: 2009-2012 (5/59+1/39),2,182,42,1,3,1.0
2010-07-03,52,53,3,14,10,3,3.0,E: 2009-2012 (5/59+1/39),2,132,50,1,3,0.0
2010-07-07,10,41,44,56,48,4,2.0,E: 2009-2012 (5/59+1/39),1,199,46,0,3,1.0
2010-07-10,28,21,20,56,27,4,4.0,E: 2009-2012 (5/59+1/39),2,152,36,2,3,1.0
2010-07-14,21,23,38,20,42,6,3.0,E: 2009-2012 (5/59+1/39),2,144,22,1,4,2.0
2010-07-17,27,37,22,45,35,3,4.0,E: 2009-2012 (5/59+1/39),4,166,23,0,3,0.0
2010-07-21,16,58,22,30,51,25,3.0,E: 2009-2012 (5/59+1/39),1,177,42,0,3,1.0
2010-07-24,59,30,46,38,20,27,2.0,E: 2009-2012 (5/59+1/39),1,193,39,0,5,1.0
2010-07-28,1,11,20,27,25,2,5.0,E: 2009-2012 (5/59+1/39),4,84,26,0,3,1.0
2010-07-31,1,57,16,41,17,15,3.0,E: 2009-2012 (5/59+1/39),4,132,56,1,4,1.0
2010-08-04,53,30,19,37,28,36,4.0,E: 2009-2012 (5/59+1/39),3,167,34,0,4,0.0
2010-08-07,52,26,31,22,4,30,5.0,E: 2009-2012 (5/59+1/39),1,135,48,0,4,0.0
2010-08-11,22,52,10,23,7,29,2.0,E: 2009-2012 (5/59+1/39),2,114,45,1,3,2.0
2010-08-14,58,50,36,9,33,31,2.0,E: 2009-2012 (5/59+1/39),2,186,49,0,4,0.0
2010-08-18,47,4,33,32,55,39,3.0,E: 2009-2012 (5/59+1/39),3,171,51,1,4,1.0
2010-08-21,7,22,10,27,12,26,2.0,E: 2009-2012 (5/59+1/39),2,78,20,0,3,0.0
2010-08-25,17,36,29,16,31,23,3.0,E: 2009-2012 (5/59+1/39),3,129,20,1,3,0.0
2010-08-28,32,56,4,27,22,13,4.0,E: 2009-2012 (5/59+1/39),1,141,52,0,4,0.0
2010-09-01,40,20,21,17,51,19,3.0,E: 2009-2012 (5/59+1/39),3,149,34,1,4,0.0
2010-09-04,33,22,42,14,11,38,2.0,E: 2009-2012 (5/59+1/39),2,122,31,0,4,0.0
2010-09-08,10,57,51,35,39,20,5.0,E: 2009-2012 (5/59+1/39),4,192,47,0,3,0.0
2010-09-11,36,20,59,17,7,33,4.0,E: 2009-2012 (5/59+1/39),3,139,52,0,4,0.0
2010-09-15,7,20,21,34,43,34,5.0,E: 2009-2012 (5/59+1/39),3,125,36,1,5,2.0
2010-09-18,18,44,1,39,37,13,4.0,E: 2009-2012 (5/59+1/39),3,139,43,0,4,0.0
2010-09-22,10,36,52,24,55,15,5.0,E: 2009-2012 (5/59+1/39),1,177,45,0,4,0.0
2010-09-25,8,35,27,16,42,30,2.0,E: 2009-2012 (5/59+1/39),2,128,34,0,5,0.0
2010-09-29,52,13,55,44,51,30,4.0,E: 2009-2012 (5/59+1/39),3,215,42,1,3,0.0
2010-10-02,30,12,36,20,47,25,4.0,E: 2009-2012 (5/59+1/39),1,145,35,0,4,0.0
2010-10-06,26,41,14,37,46,24,5.0,E: 2009-2012 (5/59+1/39),2,164,32,0,4,0.0
2010-10-09,42,32,49,6,2,35,3.0,E: 2009-2012 (5/59+1/39),1,131,47,0,3,0.0
2010-10-13,46,34,32,22,12,2,4.0,E: 2009-2012 (5/59+1/39),0,146,34,0,4,1.0
2010-10-16,28,16,12,11,15,11,2.0,E: 2009-2012 (5/59+1/39),2,82,17,2,2,1.0
2010-10-20,20,39,7,17,59,17,3.0,E: 2009-2012 (5/59+1/39),4,142,52,0,4,0.0
2010-10-23,20,2,46,7,16,34,4.0,E: 2009-2012 (5/59+1/39),1,91,44,0,3,2.0
2010-10-27,25,24,20,59,53,15,5.0,E: 2009-2012 (5/59+1/39),3,181,39,1,3,1.0
2010-10-30,49,7,27,1,36,39,5.0,E: 2009-2012 (5/59+1/39),4,120,48,0,4,0.0
2010-11-03,34,45,38,39,50,33,2.0,E: 2009-2012 (5/59+1/39),2,206,16,1,2,0.0
2010-11-06,7,12,23,34,38,33,4.0,E: 2009-2012 (5/59+1/39),2,114,31,0,4,2.0
2010-11-10,5,8,44,40,11,10,4.0,E: 2009-2012 (5/59+1/39),2,108,39,0,4,0.0
2010-11-13,30,51,17,48,54,29,5.0,E: 2009-2012 (5/59+1/39),2,200,37,0,4,0.0
2010-11-17,14,59,54,53,16,5,3.0,E: 2009-2012 (5/59+1/39),2,196,45,1,2,1.0
2010-11-20,12,10,38,53,57,1,5.0,E: 2009-2012 (5/59+1/39),2,170,47,0,4,1.0
2010-11-24,20,8,21,37,32,4,3.0,E: 2009-2012 (5/59+1/39),2,118,29,1,4,0.0
2010-11-27,47,37,30,54,10,39,5.0,E: 2009-2012 (5/59+1/39),2,178,44,0,5,1.0
2010-12-01,10,5,12,11,20,2,3.0,E: 2009-2012 (5/59+1/39),2,58,15,2,2,1.0
2010-12-04,27,24,42,31,13,22,5.0,E: 2009-2012 (5/59+1/39),3,137,29,0,4,0.0
2010-12-08,25,8,11,58,41,16,4.0,E: 2009-2012 (5/59+1/39),3,143,50,0,5,0.0
2010-12-11,1,8,19,10,20,23,2.0,E: 2009-2012 (5/59+1/39),2,58,19,1,2,1.0
2010-12-15,32,18,45,10,11,18,5.0,E: 2009-2012 (5/59+1/39),2,116,35,1,4,1.0
2010-12-18,43,19,4,11,33,14,4.0,E: 2009-2012 (5/59+1/39),4,110,39,0,4,1.0
2010-12-22,33,11,44,47,46,12,2.0,E: 2009-2012 (5/59+1/39),3,181,36,1,3,2.0
2010-12-25,52,50,1,38,17,24,2.0,E: 2009-2012 (5/59+1/39),2,158,51,0,5,0.0
2010-12-29,18,37,20,16,3,30,2.0,E: 2009-2012 (5/59+1/39),2,94,34,0,3,0.0
2011-01-01,37,47,18,22,54,36,2.0,E: 2009-2012 (5/59+1/39),2,178,36,0,5,2.0
2011-01-05,40,22,32,26,38,7,5.0,E: 2009-2012 (5/59+1/39),0,158,18,0,2,1.0
2011-01-08,7,52,6,33,26,24,2.0,E: 2009-2012 (5/59+1/39),2,124,46,1,4,1.0
2011-01-12,48,23,40,21,19,27,4.0,E: 2009-2012 (5/59+1/39),3,151,29,0,4,0.0
2011-01-15,22,13,9,37,23,31,3.0,E: 2009-2012 (5/59+1/39),4,104,28,1,4,1.0
2011-01-19,36,51,56,22,59,32,3.0,E: 2009-2012 (5/59+1/39),2,224,37,0,3,1.0
2011-01-22,34,30,51,31,45,23,2.0,E: 2009-2012 (5/59+1/39),3,191,21,1,4,1.0
2011-01-26,4,47,58,5,36,6,3.0,E: 2009-2012 (5/59+1/39),2,150,54,1,4,0.0
2011-01-29,28,45,24,52,49,2,4.0,E: 2009-2012 (5/59+1/39),2,198,28,0,3,0.0
2011-02-02,33,57,53,3,14,36,4.0,E: 2009-2012 (5/59+1/39),4,160,54,0,4,0.0
2011-02-05,15,41,59,37,56,5,5.0,E: 2009-2012 (5/59+1/39),4,208,44,0,4,0.0
2011-02-09,51,39,42,11,7,30,4.0,E: 2009-2012 (5/59+1/39),4,150,44,0,5,0.0
2011-02-12,32,52,36,48,11,19,4.0,E: 2009-2012 (5/59+1/39),1,179,41,0,4,1.0
2011-02-16,23,48,21,9,13,24,2.0,E: 2009-2012 (5/59+1/39),4,114,39,0,4,1.0
2011-02-19,12,34,3,42,37,36,5.0,E: 2009-2012 (5/59+1/39),2,128,39,0,4,0.0
2011-02-23,32,36,39,29,49,29,3.0,E: 2009-2012 (5/59+1/39),3,185,20,0,3,0.0
2011-02-26,4,45,21,17,13,10,5.0,E: 2009-2012 (5/59+1/39),4,100,41,0,4,0.0
2011-03-02,50,58,7,31,51,6,2.0,E: 2009-2012 (5/59+1/39),3,197,51,1,4,0.0
2011-03-05,42,31,23,48,2,21,2.0,E: 2009-2012 (5/59+1/39),2,146,46,0,4,1.0
2011-03-09,12,20,28,40,48,8,2.0,E: 2009-2012 (5/59+1/39),0,148,36,0,4,1.0
2011-03-12,4,41,1,12,47,3,4.0,E: 2009-2012 (5/59+1/39),3,105,46,0,3,1.0
2011-03-16,53,28,48,39,40,9,3.0,E: 2009-2012 (5/59+1/39),2,208,25,1,4,0.0
2011-03-19,11,20,46,27,3,8,2.0,E: 2009-2012 (5/59+1/39),3,107,43,0,4,0.0
2011-03-23,15,28,5,26,32,9,2.0,E: 2009-2012 (5/59+1/39),2,106,27,0,4,0.0
2011-03-26,10,4,11,33,19,27,4.0,E: 2009-2012 (5/59+1/39),3,77,29,1,3,0.0
2011-03-30,58,56,20,19,42,37,4.0,E: 2009-2012 (5/59+1/39),1,195,39,1,3,1.0
2011-04-02,43,22,34,6,45,23,2.0,E: 2009-2012 (5/59+1/39),2,150,39,0,4,0.0
2011-04-06,56,18,55,10,41,15,2.0,E: 2009-2012 (5/59+1/39),2,180,46,1,4,0.0
2011-04-09,53,5,56,14,32,11,4.0,E: 2009-2012 (5/59+1/39),2,160,51,0,4,1.0
2011-04-13,4,49,39,50,23,39,3.0,E: 2009-2012 (5/59+1/39),3,165,46,1,4,0.0
2011-04-16,21,55,33,45,44,7,5.0,E: 2009-2012 (5/59+1/39),4,198,34,1,4,0.0
2011-04-20,9,24,43,34,36,27,3.0,E: 2009-2012 (5/59+1/39),2,146,34,0,4,0.0
2011-04-23,58,11,3,48,47,19,3.0,E: 2009-2012 (5/59+1/39),3,167,55,1,4,0.0
2011-04-27,40,44,55,24,4,5,2.0,E: 2009-2012 (5/59+1/39),1,167,51,0,5,0.0
2011-04-30,41,15,6,13,32,3,2.0,E: 2009-2012 (5/59+1/39),3,107,35,0,4,0.0
2011-05-04,15,41,29,27,3,24,4.0,E: 2009-2012 (5/59+1/39),5,115,38,0,4,2.0
2011-05-07,11,55,47,2,27,15,4.0,E: 2009-2012 (5/59+1/39),4,142,53,0,5,1.0
2011-05-11,43,32,9,45,17,31,3.0,E: 2009-2012 (5/59+1/39),4,146,36,0,4,0.0
2011-05-14,40,18,17,8,44,16,2.0,E: 2009-2012 (5/59+1/39),1,127,36,1,4,1.0
2011-05-18,7,12,42,49,13,16,4.0,E: 2009-2012 (5/59+1/39),3,123,42,1,3,0.0
2011-05-21,8,49,2,40,50,36,3.0,E: 2009-2012 (5/59+1/39),1,149,48,1,3,1.0
2011-05-25,50,4,31,42,23,23,2.0,E: 2009-2012 (5/59+1/39),2,150,46,0,4,1.0
2011-05-28,43,12,20,51,55,11,4.0,E: 2009-2012 (5/59+1/39),3,181,43,0,3,0.0
2011-06-01,56,38,46,8,18,31,4.0,E: 2009-2012 (5/59+1/39),0,166,48,0,5,0.0
2011-06-04,17,58,39,19,41,21,5.0,E: 2009-2012 (5/59+1/39),4,174,41,0,4,0.0
2011-06-08,53,37,14,44,45,29,5.0,E: 2009-2012 (5/59+1/39),3,193,39,1,4,0.0
2011-06-11,50,16,18,36,27,8,3.0,E: 2009-2012 (5/59+1/39),1,147,34,0,4,0.0
2011-06-15,41,43,20,19,38,29,4.0,E: 2009-2012 (5/59+1/39),3,161,24,1,3,0.0
2011-06-18,22,38,21,12,41,18,2.0,E: 2009-2012 (5/59+1/39),2,134,29,1,4,2.0
2011-06-22,59,12,46,19,15,12,4.0,E: 2009-2012 (5/59+1/39),3,151,47,0,3,1.0
2011-06-25,18,39,57,36,41,12,4.0,E: 2009-2012 (5/59+1/39),3,191,39,0,4,0.0
2011-06-29,30,24,57,59,45,26,3.0,E: 2009-2012 (5/59+1/39),3,215,35,0,3,1.0
2011-07-02,11,29,1,51,18,32,3.0,E: 2009-2012 (5/59+1/39),4,110,50,0,4,0.0
2011-07-06,55,50,24,11,15,8,2.0,E: 2009-2012 (5/59+1/39),3,155,44,0,4,1.0
2011-07-09,31,9,23,1,11,6,3.0,E: 2009-2012 (5/59+1/39),5,75,30,0,4,1.0
2011-07-13,54,18,8,19,32,8,4.0,E: 2009-2012 (5/59+1/39),1,131,46,1,4,0.0
2011-07-16,28,48,54,24,50,25,3.0,E: 2009-2012 (5/59+1/39),0,204,30,0,3,1.0
2011-07-20,40,42,38,1,4,17,4.0,E: 2009-2012 (5/59+1/39),1,125,41,0,3,0.0
2011-07-23,38,1,48,27,7,30,3.0,E: 2009-2012 (5/59+1/39),3,121,47,0,4,2.0
2011-07-27,40,51,59,41,38,33,2.0,E: 2009-2012 (5/59+1/39),3,229,21,1,3,1.0
2011-07-30,55,20,40,47,41,19,2.0,E: 2009-2012 (5/59+1/39),3,203,35,1,4,2.0
2011-08-03,49,19,13,28,21,11,2.0,E: 2009-2012 (5/59+1/39),4,130,36,0,3,0.0
2011-08-06,57,59,54,25,30,6,3.0,E: 2009-2012 (5/59+1/39),3,225,34,0,2,0.0
2011-08-10,46,41,36,18,11,38,4.0,E: 2009-2012 (5/59+1/39),2,152,35,0,3,0.0
2011-08-13,35,9,50,12,58,4,2.0,E: 2009-2012 (5/59+1/39),2,164,49,0,5,0.0
2011-08-17,31,28,48,18,52,37,4.0,E: 2009-2012 (5/59+1/39),1,177,34,0,5,0.0
2011-08-20,23,2,47,28,17,36,2.0,E: 2009-2012 (5/59+1/39),3,117,45,0,4,1.0
2011-08-24,49,53,13,9,47,39,5.0,E: 2009-2012 (5/59+1/39),5,171,44,0,4,1.0
2011-08-27,2,54,12,58,25,14,3.0,E: 2009-2012 (5/59+1/39),1,151,56,0,4,0.0
2011-08-31,19,35,57,47,13,29,5.0,E: 2009-2012 (5/59+1/39),5,171,44,0,4,0.0
2011-09-03,15,52,25,53,54,2,5.0,E: 2009-2012 (5/59+1/39),3,199,39,2,3,0.0
2011-09-07,54,3,5,27,18,13,4.0,E: 2009-2012 (5/59+1/39),3,107,51,0,4,1.0
2011-09-10,32,53,22,4,19,24,4.0,E: 2009-2012 (5/59+1/39),2,130,49,0,5,0.0
2011-09-14,16,50,42,59,41,5,3.0,E: 2009-2012 (5/59+1/39),2,208,43,1,3,0.0
2011-09-17,43,22,6,20,32,11,2.0,E: 2009-2012 (5/59+1/39),1,123,37,0,5,0.0
2011-09-21,47,52,55,48,12,13,4.0,E: 2009-2012 (5/59+1/39),2,214,43,1,3,0.0
2011-09-24,27,12,3,4,44,26,5.0,E: 2009-2012 (5/59+1/39),2,90,41,1,4,1.0
2011-09-28,41,51,30,50,53,8,2.0,E: 2009-2012 (5/59+1/39),3,225,23,1,3,0.0
2011-10-01,27,43,12,23,1,31,3.0,E: 2009-2012 (5/59+1/39),4,106,42,0,4,0.0
2011-10-05,46,7,43,54,20,17,4.0,E: 2009-2012 (5/59+1/39),2,170,47,0,4,1.0
2011-10-08,35,3,37,27,45,31,5.0,E: 2009-2012 (5/59+1/39),5,147,42,0,4,0.0
2011-10-12,43,10,12,23,47,18,3.0,E: 2009-2012 (5/59+1/39),3,135,37,0,4,0.0
2011-10-15,38,24,5,10,43,1,4.0,E: 2009-2012 (5/59+1/39),2,120,38,0,4,2.0
2011-10-19,26,35,16,52,58,2,5.0,E: 2009-2012 (5/59+1/39),1,187,42,0,4,0.0
2011-10-22,8,3,23,30,58,13,4.0,E: 2009-2012 (5/59+1/39),2,122,55,0,3,1.0
2011-10-26,39,21,1,18,55,6,3.0,E: 2009-2012 (5/59+1/39),4,134,54,0,5,0.0
2011-10-29,11,40,16,51,56,38,5.0,E: 2009-2012 (5/59+1/39),2,174,45,0,3,0.0
2011-11-02,12,39,14,46,34,36,4.0,E: 2009-2012 (5/59+1/39),1,145,34,0,3,0.0
2011-11-05,43,39,2,33,40,26,3.0,E: 2009-2012 (5/59+1/39),3,157,41,1,3,1.0
2011-11-09,58,59,35,5,57,12,3.0,E: 2009-2012 (5/59+1/39),4,214,54,2,3,0.0
2011-11-12,56,4,35,51,36,8,5.0,E: 2009-2012 (5/59+1/39),2,182,52,1,3,1.0
2011-11-16,22,25,39,13,51,28,2.0,E: 2009-2012 (5/59+1/39),4,150,38,0,4,1.0
2011-11-19,16,9,17,28,30,11,3.0,E: 2009-2012 (5/59+1/39),2,100,21,1,3,0.0
2011-11-23,30,35,57,4,59,25,2.0,E: 2009-2012 (5/59+1/39),3,185,55,0,4,1.0
2011-11-26,55,20,37,45,39,28,2.0,E: 2009-2012 (5/59+1/39),4,196,35,0,4,0.0
2011-11-30,47,6,2,34,35,22,2.0,E: 2009-2012 (5/59+1/39),2,124,45,1,3,0.0
2011-12-03,18,5,33,43,45,8,3.0,E: 2009-2012 (5/59+1/39),4,144,40,0,4,0.0
2011-12-07,39,20,14,40,3,37,2.0,E: 2009-2012 (5/59+1/39),2,116,37,1,3,0.0
2011-12-10,33,41,4,19,59,9,5.0,E: 2009-2012 (5/59+1/39),4,156,55,0,5,0.0
2011-12-14,46,52,24,56,2,19,5.0,E: 2009-2012 (5/59+1/39),0,180,54,0,4,0.0
2011-12-17,59,28,51,13,49,33,4.0,E: 2009-2012 (5/59+1/39),4,200,46,0,4,0.0
2011-12-21,31,15,13,54,10,18,5.0,E: 2009-2012 (5/59+1/39),3,123,44,0,4,1.0
2011-12-24,52,51,16,14,30,19,2.0,E: 2009-2012 (5/59+1/39),1,163,38,1,3,0.0
2011-12-28,16,27,45,41,21,14,2.0,E: 2009-2012 (5/59+1/39),4,150,29,0,3,1.0
2011-12-31,5,25,40,23,28,34,4.0,E: 2009-2012 (5/59+1/39),3,121,35,0,3,0.0
2012-01-04,50,35,21,47,46,2,4.0,E: 2009-2012 (5/59+1/39),3,199,29,1,3,0.0
2012-01-07,3,24,38,21,39,24,5.0,E: 2009-2012 (5/59+1/39),3,125,36,1,3,1.0
2012-01-11,47,5,29,45,19,25,2.0,E: 2009-2012 (5/59+1/39),5,145,42,0,4,0.0
2012-01-14,41,30,10,36,38,1,5.0,E: 2009-2012 (5/59+1/39),1,155,31,0,4,0.0
2012-01-18,50,34,29,6,44,28,,F: 2012-2015 (5/59+1/35),1,163,44,0,4,
2012-01-21,44,12,43,24,45,7,,F: 2012-2015 (5/59+1/35),2,168,33,2,3,1.0
2012-01-25,28,19,29,47,4,5,,F: 2012-2015 (5/59+1/35),3,127,43,1,4,0.0
2012-01-28,41,54,59,33,5,13,,F: 2012-2015 (5/59+1/35),4,192,54,0,4,0.0
2012-02-01,8,13,59,17,34,35,,F: 2012-2015 (5/59+1/35),3,131,51,0,4,1.0
2012-02-04,23,56,43,45,15,7,,F: 2012-2015 (5/59+1/35),4,182,41,0,4,0.0
2012-02-08,38,51,17,28,39,33,,F: 2012-2015 (5/59+1/35),3,173,34,1,4,0.0
2012-02-11,37,52,10,1,57,11,,F: 2012-2015 (5/59+1/35),3,157,56,0,3,0.0
2012-02-15,12,11,32,56,52,11,,F: 2012-2015 (5/59+1/35),1,163,45,1,3,1.0
2012-02-18,23,50,28,59,56,5,,F: 2012-2015 (5/59+1/35),2,216,36,0,3,1.0
2012-02-22,17,39,16,7,51,32,,F: 2012-2015 (5/59+1/35),4,130,44,1,4,0.0
2012-02-25,54,11,6,42,53,7,,F: 2012-2015 (5/59+1/35),2,166,48,1,4,0.0
2012-02-29,26,1,11,4,23,14,,F: 2012-2015 (5/59+1/35),3,65,25,0,3,1.0
2012-03-03,47,30,29,49,45,35,,F: 2012-2015 (5/59+1/35),4,200,20,1,2,0.0
2012-03-07,45,35,47,46,12,12,,F: 2012-2015 (5/59+1/35),3,185,35,2,3,2.0
2012-03-10,5,41,20,14,17,5,,F: 2012-2015 (5/59+1/35),3,97,36,0,3,0.0
2012-03-14,1,8,59,46,41,24,,F: 2012-2015 (5/59+1/35),3,155,58,0,3,1.0
2012-03-17,11,55,58,14,49,30,,F: 2012-2015 (5/59+1/35),3,187,47,0,3,0.0
2012-03-21,32,43,53,55,56,6,,F: 2012-2015 (5/59+1/35),3,239,24,1,3,1.0
2012-03-24,15,37,35,1,47,8,,F: 2012-2015 (5/59+1/35),5,135,46,0,4,0.0
2012-03-28,50,58,16,29,11,33,,F: 2012-2015 (5/59+1/35),2,164,47,0,4,0.0
2012-03-31,14,5,58,54,36,27,,F: 2012-2015 (5/59+1/35),1,167,53,0,4,1.0
2012-04-04,33,24,49,45,1,6,,F: 2012-2015 (5/59+1/35),4,152,48,0,4,0.0
2012-04-07,13,30,5,20,17,18,,F: 2012-2015 (5/59+1/35),3,85,25,0,3,0.0
2012-04-11,44,42,16,47,23,2,,F: 2012-2015 (5/59+1/35),2,172,31,0,3,0.0
2012-04-14,15,16,19,14,24,2,,F: 2012-2015 (5/59+1/35),2,88,10,2,2,1.0
2012-04-18,22,39,49,46,20,29,,F: 2012-2015 (5/59+1/35),2,176,29,0,4,0.0
2012-04-21,8,42,51,20,6,16,,F: 2012-2015 (5/59+1/35),1,127,45,0,4,1.0
2012-04-25,29,43,25,4,34,29,,F: 2012-2015 (5/59+1/35),3,135,39,0,4,0.0
2012-04-28,57,40,58,31,39,33,,F: 2012-2015 (5/59+1/35),3,225,27,2,2,0.0
2012-05-02,7,33,50,38,8,29,,F: 2012-2015 (5/59+1/35),2,136,43,1,3,0.0
2012-05-05,12,59,44,20,9,23,,F: 2012-2015 (5/59+1/35),2,144,50,0,4,0.0
2012-05-09,56,7,1,11,55,1,,F: 2012-2015 (5/59+1/35),4,130,55,1,3,0.0
2012-05-12,35,24,58,53,10,22,,F: 2012-2015 (5/59+1/35),2,180,48,0,4,0.0
2012-05-16,21,43,28,3,7,2,,F: 2012-2015 (5/59+1/35),4,102,40,0,3,0.0
2012-05-19,46,13,8,51,35,30,,F: 2012-2015 (5/59+1/35),3,153,43,0,5,0.0
2012-05-23,59,7,53,26,4,32,,F: 2012-2015 (5/59+1/35),3,149,55,0,3,0.0
2012-05-26,49,59,13,41,14,14,,F: 2012-2015 (5/59+1/35),4,176,46,1,3,1.0
2012-05-30,10,56,9,24,52,14,,F: 2012-2015 (5/59+1/35),1,151,47,1,3,0.0
2012-06-02,17,45,10,29,9,33,,F: 2012-2015 (5/59+1/35),4,110,36,1,4,2.0
2012-06-06,59,48,19,33,30,27,,F: 2012-2015 (5/59+1/35),3,189,40,0,5,0.0
2012-06-09,56,45,57,22,18,27,,F: 2012-2015 (5/59+1/35),2,198,39,1,4,0.0
2012-06-13,14,57,33,10,7,18,,F: 2012-2015 (5/59+1/35),3,121,50,0,4,1.0
2012-06-16,14,16,27,15,8,26,,F: 2012-2015 (5/59+1/35),2,80,19,2,3,1.0
2012-06-20,17,11,29,56,57,14,,F: 2012-2015 (5/59+1/35),4,170,46,1,3,0.0
2012-06-23,44,1,53,3,41,30,,F: 2012-2015 (5/59+1/35),4,142,52,0,3,0.0
2012-06-27,58,34,6,46,40,6,,F: 2012-2015 (5/59+1/35),0,184,52,0,4,0.0
2012-06-30,20,7,15,41,44,22,,F: 2012-2015 (5/59+1/35),3,127,37,0,3,0.0
2012-07-04,35,19,14,39,56,33,,F: 2012-2015 (5/59+1/35),3,163,42,0,3,0.0
2012-07-07,5,3,29,59,39,29,,F: 2012-2015 (5/59+1/35),5,135,56,0,4,1.0
2012-07-11,5,36,49,55,22,23,,F: 2012-2015 (5/59+1/35),3,167,50,0,5,1.0
2012-07-14,4,46,16,37,32,13,,F: 2012-2015 (5/59+1/35),1,135,42,0,4,0.0
2012-07-18,5,2,57,23,20,3,,F: 2012-2015 (5/59+1/35),3,107,55,0,4,0.0
2012-07-21,9,54,38,56,31,20,,F: 2012-2015 (5/59+1/35),2,188,47,0,3,0.0
2012-07-25,14,3,46,38,35,16,,F: 2012-2015 (5/59+1/35),2,136,43,0,4,1.0
2012-07-28,6,50,5,36,13,13,,F: 2012-2015 (5/59+1/35),2,110,45,1,4,0.0
2012-08-01,58,3,56,48,16,4,,F: 2012-2015 (5/59+1/35),1,181,55,0,4,0.0
2012-08-04,55,30,53,48,19,18,,F: 2012-2015 (5/59+1/35),3,205,36,0,4,1.0
2012-08-08,7,15,3,11,28,12,,F: 2012-2015 (5/59+1/35),4,64,25,0,3,0.0
2012-08-11,51,13,46,39,4,1,,F: 2012-2015 (5/59+1/35),3,153,47,0,5,0.0
2012-08-15,56,27,46,6,51,21,,F: 2012-2015 (5/59+1/35),2,186,50,0,4,2.0
2012-08-18,55,41,26,14,59,1,,F: 2012-2015 (5/59+1/35),3,195,45,0,4,0.0
2012-08-22,47,31,22,29,55,19,,F: 2012-2015 (5/59+1/35),4,184,33,0,4,1.0
2012-08-25,7,20,6,1,49,23,,F: 2012-2015 (5/59+1/35),3,83,48,1,3,0.0
2012-08-29,49,54,28,25,56,28,,F: 2012-2015 (5/59+1/35),2,212,31,0,3,1.0
2012-09-01,8,44,21,11,49,22,,F: 2012-2015 (5/59+1/35),3,133,41,0,4,1.0
2012-09-05,42,4,26,51,19,29,,F: 2012-2015 (5/59+1/35),2,142,47,0,5,0.0
2012-09-08,34,44,20,48,6,29,,F: 2012-2015 (5/59+1/35),0,152,42,0,4,0.0
2012-09-12,48,56,24,36,33,6,,F: 2012-2015 (5/59+1/35),1,197,32,0,4,1.0
2012-09-15,43,26,3,20,48,1,,F: 2012-2015 (5/59+1/35),2,140,45,0,4,1.0
2012-09-19,50,1,8,39,5,23,,F: 2012-2015 (5/59+1/35),3,103,49,0,3,0.0
2012-09-22,40,42,18,16,2,33,,F: 2012-2015 (5/59+1/35),0,118,40,0,4,0.0
2012-09-26,41,26,42,13,39,10,,F: 2012-2015 (5/59+1/35),3,161,29,1,4,1.0
2012-09-29,57,14,29,18,28,8,,F: 2012-2015 (5/59+1/35),2,146,43,1,3,0.0
2012-10-03,55,23,17,59,36,10,,F: 2012-2015 (5/59+1/35),4,190,42,0,4,0.0
2012-10-06,36,59,26,15,34,35,,F: 2012-2015 (5/59+1/35),2,170,44,0,4,2.0
2012-10-10,35,18,43,29,26,28,,F: 2012-2015 (5/59+1/35),3,151,25,0,4,1.0
2012-10-13,5,2,26,25,49,18,,F: 2012-2015 (5/59+1/35),3,107,47,1,3,1.0
2012-10-17,42,23,10,7,1,35,,F: 2012-2015 (5/59+1/35),3,83,41,0,3,0.0
2012-10-20,4,28,31,44,21,10,,F: 2012-2015 (5/59+1/35),2,128,40,0,4,0.0
2012-10-24,18,50,23,3,21,4,,F: 2012-2015 (5/59+1/35),3,115,47,0,4,1.0
2012-10-27,34,56,36,32,22,33,,F: 2012-2015 (5/59+1/35),0,180,34,0,3,0.0
2012-10-31,45,31,1,48,27,5,,F: 2012-2015 (5/59+1/35),4,152,47,0,4,0.0
2012-11-03,54,4,7,9,30,25,,F: 2012-2015 (5/59+1/35),2,104,50,0,3,0.0
2012-11-07,32,45,34,52,58,20,,F: 2012-2015 (5/59+1/35),1,221,26,0,3,0.0
2012-11-10,55,32,50,54,42,32,,F: 2012-2015 (5/59+1/35),1,233,23,1,3,1.0
2012-11-14,44,10,58,8,30,13,,F: 2012-2015 (5/59+1/35),0,150,50,0,4,0.0
2012-11-17,15,59,27,58,3,20,,F: 2012-2015 (5/59+1/35),4,162,56,1,4,1.0
2012-11-21,24,30,8,18,39,26,,F: 2012-2015 (5/59+1/35),1,119,31,0,4,0.0
2012-11-24,22,32,37,44,50,34,,F: 2012-2015 (5/59+1/35),1,185,28,0,3,0.0
2012-11-28,5,23,16,22,29,6,,F: 2012-2015 (5/59+1/35),3,95,24,1,3,1.0
2012-12-01,46,10,3,19,36,3,,F: 2012-2015 (5/59+1/35),2,114,43,0,4,0.0
2012-12-05,27,19,38,13,17,12,,F: 2012-2015 (5/59+1/35),4,114,25,0,3,1.0
2012-12-08,23,40,53,26,7,21,,F: 2012-2015 (5/59+1/35),3,149,46,0,4,0.0
2012-12-12,36,25,44,8,10,28,,F: 2012-2015 (5/59+1/35),1,123,36,0,4,0.0
2012-12-15,40,23,44,55,15,14,,F: 2012-2015 (5/59+1/35),3,177,40,0,5,1.0
2012-12-19,23,20,5,30,8,3,,F: 2012-2015 (5/59+1/35),2,86,25,0,3,1.0
2012-12-22,18,44,35,39,1,11,,F: 2012-2015 (5/59+1/35),3,137,43,0,4,0.0
2012-12-26,54,43,13,11,23,4,,F: 2012-2015 (5/59+1/35),4,144,43,0,4,0.0
2012-12-29,55,52,46,50,36,14,,F: 2012-2015 (5/59+1/35),1,239,19,0,3,0.0
2013-01-02,20,18,53,28,35,20,,F: 2012-2015 (5/59+1/35),2,154,35,0,4,0.0
2013-01-05,30,49,54,26,51,25,,F: 2012-2015 (5/59+1/35),2,210,28,0,3,0.0
2013-01-09,11,20,13,27,59,26,,F: 2012-2015 (5/59+1/35),4,130,48,0,3,0.0
2013-01-12,47,21,23,14,10,7,,F: 2012-2015 (5/59+1/35),3,115,37,0,4,0.0
2013-01-16,51,21,32,28,9,35,,F: 2012-2015 (5/59+1/35),3,141,42,0,4,1.0
2013-01-19,29,8,28,34,38,35,,F: 2012-2015 (5/59+1/35),1,137,30,1,3,1.0
2013-01-23,24,43,11,12,45,9,,F: 2012-2015 (5/59+1/35),3,135,34,1,3,0.0
2013-01-26,22,49,41,26,3,18,,F: 2012-2015 (5/59+1/35),3,141,46,0,3,0.0
2013-01-30,47,16,14,32,52,16,,F: 2012-2015 (5/59+1/35),1,161,38,0,4,0.0
2013-02-02,41,33,16,40,11,34,,F: 2012-2015 (5/59+1/35),3,141,30,1,3,1.0
2013-02-06,36,38,5,27,41,12,,F: 2012-2015 (5/59+1/35),3,147,36,0,4,1.0
2013-02-09,58,36,16,6,5,3,,F: 2012-2015 (5/59+1/35),1,121,53,1,4,2.0
2013-02-13,12,43,27,25,23,29,,F: 2012-2015 (5/59+1/35),4,130,31,0,3,0.0
2013-02-16,58,16,15,46,50,29,,F: 2012-2015 (5/59+1/35),1,185,43,1,3,0.0
2013-02-20,25,3,32,17,19,17,,F: 2012-2015 (5/59+1/35),4,96,29,0,4,0.0
2013-02-23,41,31,39,2,5,29,,F: 2012-2015 (5/59+1/35),4,118,39,0,3,0.0
2013-02-27,48,20,14,34,3,21,,F: 2012-2015 (5/59+1/35),1,119,45,0,4,0.0
2013-03-02,56,13,8,41,3,16,,F: 2012-2015 (5/59+1/35),3,121,53,0,4,1.0
2013-03-06,45,10,6,23,41,1,,F: 2012-2015 (5/59+1/35),3,125,39,0,3,1.0
2013-03-09,46,52,37,10,40,12,,F: 2012-2015 (5/59+1/35),1,185,42,0,4,1.0
2013-03-13,38,9,32,28,5,29,,F: 2012-2015 (5/59+1/35),2,112,33,0,3,0.0
2013-03-16,44,53,7,21,3,16,,F: 2012-2015 (5/59+1/35),4,128,50,0,4,0.0
2013-03-20,43,17,14,13,54,15,,F: 2012-2015 (5/59+1/35),3,141,41,1,3,0.0
2013-03-23,29,53,52,17,31,31,,F: 2012-2015 (5/59+1/35),4,182,36,1,4,1.0
2013-03-27,43,48,7,37,52,16,,F: 2012-2015 (5/59+1/35),3,187,45,0,4,1.0
2013-03-30,23,46,11,26,55,27,,F: 2012-2015 (5/59+1/35),3,161,44,0,4,0.0
2013-04-03,35,8,12,1,6,3,,F: 2012-2015 (5/59+1/35),2,62,34,0,3,0.0
2013-04-06,39,29,4,8,7,24,,F: 2012-2015 (5/59+1/35),3,87,35,1,3,1.0
2013-04-10,40,1,52,36,53,20,,F: 2012-2015 (5/59+1/35),2,182,52,1,3,0.0
2013-04-13,10,57,31,12,56,33,,F: 2012-2015 (5/59+1/35),2,166,47,1,4,0.0
2013-04-17,58,18,48,13,36,28,,F: 2012-2015 (5/59+1/35),1,173,45,0,4,0.0
2013-04-20,6,39,8,30,48,20,,F: 2012-2015 (5/59+1/35),1,131,42,0,4,1.0
2013-04-24,9,59,31,56,19,2,,F: 2012-2015 (5/59+1/35),4,174,50,0,4,0.0
2013-04-27,55,54,48,23,3,5,,F: 2012-2015 (5/59+1/35),3,183,52,1,4,0.0
2013-05-01,31,22,55,26,54,18,,F: 2012-2015 (5/59+1/35),2,188,33,1,3,2.0
2013-05-04,26,36,40,7,12,17,,F: 2012-2015 (5/59+1/35),1,121,33,0,4,1.0
2013-05-08,21,57,26,22,30,27,,F: 2012-2015 (5/59+1/35),2,156,36,1,2,1.0
2013-05-11,6,23,19,43,13,16,,F: 2012-2015 (5/59+1/35),4,104,37,0,4,0.0
2013-05-15,2,34,11,41,26,32,,F: 2012-2015 (5/59+1/35),2,114,39,0,5,0.0
2013-05-18,22,10,13,14,52,11,,F: 2012-2015 (5/59+1/35),1,111,42,1,4,0.0
2013-05-22,31,35,41,9,57,26,,F: 2012-2015 (5/59+1/35),5,173,48,0,4,0.0
2013-05-25,27,21,19,6,2,25,,F: 2012-2015 (5/59+1/35),3,75,25,0,3,0.0
2013-05-29,49,14,9,17,57,2,,F: 2012-2015 (5/59+1/35),4,146,48,0,4,0.0
2013-06-01,33,53,59,22,28,14,,F: 2012-2015 (5/59+1/35),3,195,37,0,3,0.0
2013-06-05,4,36,26,33,55,32,,F: 2012-2015 (5/59+1/35),2,154,51,0,4,1.0
2013-06-08,2,26,11,32,22,19,,F: 2012-2015 (5/59+1/35),1,93,30,0,4,1.0
2013-06-12,22,16,42,23,55,32,,F: 2012-2015 (5/59+1/35),2,158,39,1,4,1.0
2013-06-15,48,55,28,40,36,1,,F: 2012-2015 (5/59+1/35),1,207,27,0,4,1.0
2013-06-19,57,47,46,52,7,17,,F: 2012-2015 (5/59+1/35),3,209,50,1,3,0.0
2013-06-22,33,57,19,23,13,28,,F: 2012-2015 (5/59+1/35),5,145,44,0,4,1.0
2013-06-26,1,46,39,33,18,33,,F: 2012-2015 (5/59+1/35),3,137,45,0,4,1.0
2013-06-29,28,8,56,53,30,16,,F: 2012-2015 (5/59+1/35),1,175,48,0,3,0.0
2013-07-03,40,6,51,29,3,4,,F: 2012-2015 (5/59+1/35),3,129,48,0,4,0.0
2013-07-06,52,2,36,35,13,11,,F: 2012-2015 (5/59+1/35),2,138,50,1,4,0.0
2013-07-10,55,45,31,30,59,27,,F: 2012-2015 (5/59+1/35),4,220,29,1,4,0.0
2013-07-13,8,37,2,35,22,6,,F: 2012-2015 (5/59+1/35),2,104,35,0,3,0.0
2013-07-17,22,1,42,38,34,17,,F: 2012-2015 (5/59+1/35),1,137,41,0,4,1.0
2013-07-20,14,27,58,25,38,6,,F: 2012-2015 (5/59+1/35),2,162,44,0,4,1.0
2013-07-24,44,29,54,40,9,7,,F: 2012-2015 (5/59+1/35),2,176,45,0,5,0.0
2013-07-27,58,53,40,23,9,6,,F: 2012-2015 (5/59+1/35),3,183,49,0,4,2.0
2013-07-31,8,24,59,39,49,5,,F: 2012-2015 (5/59+1/35),3,179,51,0,5,0.0
2013-08-03,24,36,21,45,42,15,,F: 2012-2015 (5/59+1/35),2,168,24,0,3,1.0
2013-08-07,58,5,25,59,30,32,,F: 2012-2015 (5/59+1/35),3,177,54,1,3,0.0
2013-08-10,37,58,14,4,12,13,,F: 2012-2015 (5/59+1/35),1,125,54,0,4,1.0
2013-08-14,17,43,11,4,51,20,,F: 2012-2015 (5/59+1/35),4,126,47,0,4,1.0
2013-08-17,18,54,56,21,46,23,,F: 2012-2015 (5/59+1/35),1,195,38,0,4,0.0
2013-08-21,30,48,42,46,40,23,,F: 2012-2015 (5/59+1/35),0,206,18,0,3,1.0
2013-08-24,45,17,59,12,25,19,,F: 2012-2015 (5/59+1/35),4,158,47,0,4,0.0
2013-08-28,32,19,7,9,6,13,,F: 2012-2015 (5/59+1/35),3,73,26,1,3,0.0
2013-08-31,40,25,7,56,2,20,,F: 2012-2015 (5/59+1/35),2,130,54,0,4,1.0
2013-09-04,2,45,26,9,47,11,,F: 2012-2015 (5/59+1/35),3,129,45,0,3,1.0
2013-09-07,2,22,19,45,26,24,,F: 2012-2015 (5/59+1/35),2,114,43,0,4,3.0
2013-09-11,19,33,42,52,11,33,,F: 2012-2015 (5/59+1/35),3,157,41,0,4,1.0
2013-09-14,1,25,44,17,37,20,,F: 2012-2015 (5/59+1/35),4,124,43,0,5,0.0
2013-09-18,7,10,35,32,22,19,,F: 2012-2015 (5/59+1/35),2,106,28,0,3,0.0
2013-09-21,58,54,45,17,12,13,,F: 2012-2015 (5/59+1/35),2,186,46,0,3,0.0
2013-09-25,49,7,17,53,2,23,,F: 2012-2015 (5/59+1/35),4,128,51,0,4,1.0
2013-09-28,47,53,14,52,54,5,,F: 2012-2015 (5/59+1/35),2,220,40,2,3,1.0
2013-10-02,6,51,42,4,25,17,,F: 2012-2015 (5/59+1/35),2,128,47,0,4,0.0
2013-10-05,11,39,40,17,12,5,,F: 2012-2015 (5/59+1/35),3,119,29,2,2,0.0
2013-10-09,9,38,3,33,19,18,,F: 2012-2015 (5/59+1/35),4,102,35,0,3,0.0
2013-10-12,10,58,26,57,8,4,,F: 2012-2015 (5/59+1/35),1,159,50,1,3,0.0
2013-10-16,3,42,26,34,28,28,,F: 2012-2015 (5/59+1/35),1,133,39,0,4,1.0
2013-10-19,33,9,56,54,57,5,,F: 2012-2015 (5/59+1/35),3,209,48,1,3,0.0
2013-10-23,47,34,23,31,3,13,,F: 2012-2015 (5/59+1/35),4,138,44,0,4,0.0
2013-10-26,56,6,4,34,49,29,,F: 2012-2015 (5/59+1/35),1,149,52,0,4,1.0
2013-10-30,54,2,49,36,40,10,,F: 2012-2015 (5/59+1/35),1,181,52,0,4,1.0
2013-11-02,27,40,13,23,24,17,,F: 2012-2015 (5/59+1/35),3,127,27,1,3,1.0
2013-11-06,49,1,5,10,15,22,,F: 2012-2015 (5/59+1/35),4,80,48,0,3,0.0
2013-11-09,37,56,3,49,9,32,,F: 2012-2015 (5/59+1/35),4,154,53,0,4,1.0
2013-11-13,31,5,55,50,56,9,,F: 2012-2015 (5/59+1/35),3,197,51,1,4,1.0
2013-11-16,29,37,59,10,44,10,,F: 2012-2015 (5/59+1/35),3,179,49,0,5,0.0
2013-11-20,32,4,45,23,18,7,,F: 2012-2015 (5/59+1/35),2,122,41,0,5,0.0
2013-11-23,12,52,55,43,5,10,,F: 2012-2015 (5/59+1/35),3,167,50,0,4,0.0
2013-11-27,57,25,18,55,50,17,,F: 2012-2015 (5/59+1/35),3,205,39,0,4,1.0
2013-11-30,26,5,45,44,57,29,,F: 2012-2015 (5/59+1/35),3,177,52,1,4,1.0
2013-12-04,9,6,11,44,31,25,,F: 2012-2015 (5/59+1/35),3,101,38,0,4,1.0
2013-12-07,45,13,48,32,20,17,,F: 2012-2015 (5/59+1/35),2,158,35,0,3,0.0
2013-12-11,10,18,19,1,13,27,,F: 2012-2015 (5/59+1/35),3,61,18,1,2,1.0
2013-12-14,33,41,25,14,32,34,,F: 2012-2015 (5/59+1/35),3,145,27,1,4,0.0
2013-12-18,39,7,40,24,37,1,,F: 2012-2015 (5/59+1/35),3,147,33,1,3,0.0
2013-12-21,36,51,45,25,40,8,,F: 2012-2015 (5/59+1/35),3,197,26,0,4,1.0
2013-12-25,38,56,28,39,23,32,,F: 2012-2015 (5/59+1/35),2,184,33,1,3,0.0
2013-12-28,56,51,35,44,8,18,,F: 2012-2015 (5/59+1/35),2,194,48,0,4,1.0
2014-01-01,52,48,15,24,40,23,,F: 2012-2015 (5/59+1/35),1,179,37,0,5,0.0
2014-01-04,19,58,37,20,41,14,,F: 2012-2015 (5/59+1/35),3,175,39,1,4,0.0
2014-01-08,39,28,58,47,10,22,,F: 2012-2015 (5/59+1/35),2,182,48,0,5,1.0
2014-01-11,54,15,48,33,10,34,,F: 2012-2015 (5/59+1/35),2,160,44,0,5,1.0
2014-01-15,29,8,9,7,24,25,,F: 2012-2015 (5/59+1/35),3,77,22,2,2,0.0
2014-01-18,38,14,13,19,31,25,,F: 2012-2015 (5/59+1/35),3,115,25,1,2,0.0
2014-01-22,55,2,7,1,9,29,3.0,F: 2012-2015 (5/59+1/35),4,74,54,1,2,0.0
2014-01-25,57,8,55,12,18,2,2.0,F: 2012-2015 (5/59+1/35),2,150,49,0,3,1.0
2014-01-29,47,23,11,28,32,20,2.0,F: 2012-2015 (5/59+1/35),3,141,36,0,4,0.0
2014-02-01,12,15,38,5,27,7,2.0,F: 2012-2015 (5/59+1/35),3,97,33,0,4,0.0
2014-02-05,8,57,17,59,32,24,3.0,F: 2012-2015 (5/59+1/35),3,173,51,0,4,0.0
2014-02-08,54,37,34,25,24,29,2.0,F: 2012-2015 (5/59+1/35),2,174,30,1,3,0.0
2014-02-12,52,49,36,57,44,1,2.0,F: 2012-2015 (5/59+1/35),2,238,21,0,3,0.0
2014-02-15,9,23,2,14,21,3,3.0,F: 2012-2015 (5/59+1/35),3,69,21,0,3,0.0
2014-02-19,17,49,54,35,1,34,3.0,F: 2012-2015 (5/59+1/35),4,156,53,0,5,0.0
2014-02-22,13,2,54,14,3,4,5.0,F: 2012-2015 (5/59+1/35),2,86,52,2,3,1.0
2014-02-26,42,11,12,38,17,2,2.0,F: 2012-2015 (5/59+1/35),2,120,31,1,3,0.0
2014-03-01,3,8,25,47,30,13,4.0,F: 2012-2015 (5/59+1/35),3,113,44,0,3,0.0
2014-03-05,26,3,9,7,54,19,2.0,F: 2012-2015 (5/59+1/35),3,99,51,0,3,1.0
2014-03-08,14,24,32,41,10,30,2.0,F: 2012-2015 (5/59+1/35),1,121,31,0,5,0.0
2014-03-12,28,54,14,15,37,10,2.0,F: 2012-2015 (5/59+1/35),2,148,40,1,4,1.0
2014-03-15,34,5,51,2,58,9,4.0,F: 2012-2015 (5/59+1/35),2,150,56,0,3,0.0
2014-03-19,34,23,43,19,2,14,2.0,F: 2012-2015 (5/59+1/35),3,121,41,0,5,2.0
2014-03-22,55,13,28,58,31,15,2.0,F: 2012-2015 (5/59+1/35),3,185,45,0,4,0.0
2014-03-26,33,41,59,44,28,21,2.0,F: 2012-2015 (5/59+1/35),3,205,31,0,4,1.0
2014-03-29,3,12,27,38,2,17,2.0,F: 2012-2015 (5/59+1/35),2,82,36,1,4,0.0
2014-04-02,19,22,13,53,8,24,2.0,F: 2012-2015 (5/59+1/35),3,115,45,0,4,0.0
2014-04-05,26,11,21,34,33,29,5.0,F: 2012-2015 (5/59+1/35),3,125,23,1,3,0.0
2014-04-09,49,14,48,9,44,29,2.0,F: 2012-2015 (5/59+1/35),2,164,40,1,3,0.0
2014-04-12,26,45,14,55,54,20,2.0,F: 2012-2015 (5/59+1/35),2,194,41,1,4,1.0
2014-04-16,42,34,59,39,44,8,3.0,F: 2012-2015 (5/59+1/35),2,218,25,0,3,0.0
2014-04-19,35,6,51,5,29,21,5.0,F: 2012-2015 (5/59+1/35),4,126,46,1,4,0.0
2014-04-23,29,48,36,19,25,12,4.0,F: 2012-2015 (5/59+1/35),3,157,29,0,4,1.0
2014-04-26,30,3,22,7,33,20,3.0,F: 2012-2015 (5/59+1/35),3,95,30,0,3,0.0
2014-04-30,9,2,19,50,11,32,3.0,F: 2012-2015 (5/59+1/35),3,91,48,0,3,0.0
2014-05-03,15,5,46,49,16,26,4.0,F: 2012-2015 (5/59+1/35),3,131,44,1,3,0.0
2014-05-07,48,31,17,49,29,34,2.0,F: 2012-2015 (5/59+1/35),4,174,32,1,4,1.0
2014-05-10,41,47,55,31,4,1,2.0,F: 2012-2015 (5/59+1/35),4,178,51,0,4,1.0
2014-05-14,55,7,52,33,39,33,3.0,F: 2012-2015 (5/59+1/35),4,186,48,0,3,1.0
2014-05-17,32,23,47,39,49,22,3.0,F: 2012-2015 (5/59+1/35),4,190,26,0,3,1.0
2014-05-21,20,34,58,4,39,31,5.0,F: 2012-2015 (5/59+1/35),1,155,54,0,4,1.0
2014-05-24,55,15,49,16,28,18,2.0,F: 2012-2015 (5/59+1/35),3,163,40,1,4,0.0
2014-05-28,24,2,28,32,59,25,3.0,F: 2012-2015 (5/59+1/35),1,145,57,0,4,1.0
2014-05-31,34,15,48,27,31,1,2.0,F: 2012-2015 (5/59+1/35),3,155,33,0,4,0.0
2014-06-04,22,7,1,10,49,24,3.0,F: 2012-2015 (5/59+1/35),3,89,48,0,3,0.0
2014-06-07,58,30,35,28,59,15,2.0,F: 2012-2015 (5/59+1/35),2,210,31,1,3,0.0
2014-06-11,14,25,33,18,49,23,5.0,F: 2012-2015 (5/59+1/35),3,139,35,0,4,0.0
2014-06-14,33,54,42,9,45,30,3.0,F: 2012-2015 (5/59+1/35),3,183,45,0,4,1.0
2014-06-18,6,52,59,29,9,7,3.0,F: 2012-2015 (5/59+1/35),3,155,53,0,3,1.0
2014-06-21,41,6,54,5,37,26,3.0,F: 2012-2015 (5/59+1/35),3,143,49,1,4,1.0
2014-06-25,50,53,10,20,25,35,4.0,F: 2012-2015 (5/59+1/35),2,158,43,0,5,0.0
2014-06-28,56,8,12,43,34,9,2.0,F: 2012-2015 (5/59+1/35),1,153,48,0,5,0.0
2014-07-02,58,18,53,8,45,35,2.0,F: 2012-2015 (5/59+1/35),2,182,50,0,4,1.0
2014-07-05,34,58,24,36,57,11,4.0,F: 2012-2015 (5/59+1/35),1,209,34,1,3,1.0
2014-07-09,9,55,42,25,57,14,2.0,F: 2012-2015 (5/59+1/35),4,188,48,0,4,1.0
2014-07-12,23,7,2,3,51,26,2.0,F: 2012-2015 (5/59+1/35),4,86,49,1,3,0.0
2014-07-16,5,32,26,18,15,35,3.0,F: 2012-2015 (5/59+1/35),2,96,27,0,4,0.0
2014-07-19,10,53,17,25,45,9,2.0,F: 2012-2015 (5/59+1/35),4,150,43,0,5,0.0
2014-07-23,22,12,4,31,10,3,5.0,F: 2012-2015 (5/59+1/35),1,79,27,0,4,1.0
2014-07-26,38,39,28,24,30,16,2.0,F: 2012-2015 (5/59+1/35),1,159,15,1,2,0.0
2014-07-30,49,13,30,53,42,29,3.0,F: 2012-2015 (5/59+1/35),3,187,40,0,4,1.0
2014-08-02,12,46,44,47,26,29,2.0,F: 2012-2015 (5/59+1/35),1,175,35,1,3,0.0
2014-08-06,49,1,8,24,28,24,5.0,F: 2012-2015 (5/59+1/35),2,110,48,0,3,0.0
2014-08-09,34,12,31,51,3,24,2.0,F: 2012-2015 (5/59+1/35),3,131,48,0,4,0.0
2014-08-13,37,8,40,52,39,24,2.0,F: 2012-2015 (5/59+1/35),2,176,44,1,3,0.0
2014-08-16,7,8,17,59,48,9,2.0,F: 2012-2015 (5/59+1/35),3,139,52,1,4,1.0
2014-08-20,21,40,8,38,4,3,2.0,F: 2012-2015 (5/59+1/35),1,111,36,0,3,1.0
2014-08-23,52,28,36,32,35,31,3.0,F: 2012-2015 (5/59+1/35),1,183,24,1,3,0.0
2014-08-27,24,17,45,46,26,19,3.0,F: 2012-2015 (5/59+1/35),2,158,29,1,3,0.0
2014-08-30,5,52,28,59,31,27,2.0,F: 2012-2015 (5/59+1/35),3,175,54,0,4,0.0
2014-09-03,43,2,51,45,16,35,3.0,F: 2012-2015 (5/59+1/35),3,157,49,0,4,0.0
2014-09-06,29,43,31,50,9,18,2.0,F: 2012-2015 (5/59+1/35),4,162,41,0,4,1.0
2014-09-10,14,39,2,40,43,13,5.0,F: 2012-2015 (5/59+1/35),2,138,41,1,4,1.0
2014-09-13,37,6,1,53,16,27,3.0,F: 2012-2015 (5/59+1/35),3,113,52,0,4,0.0
2014-09-17,36,18,25,50,48,23,2.0,F: 2012-2015 (5/59+1/35),1,177,32,0,4,0.0
2014-09-20,23,22,30,39,37,16,4.0,F: 2012-2015 (5/59+1/35),3,151,17,1,2,0.0
2014-09-24,7,14,24,41,21,26,4.0,F: 2012-2015 (5/59+1/35),3,107,34,0,4,0.0
2014-09-27,54,11,52,35,2,13,3.0,F: 2012-2015 (5/59+1/35),2,154,52,0,4,0.0
2014-10-01,20,1,45,18,4,7,2.0,F: 2012-2015 (5/59+1/35),2,88,44,0,3,0.0
2014-10-04,13,33,18,24,25,31,2.0,F: 2012-2015 (5/59+1/35),3,113,20,1,3,1.0
2014-10-08,46,50,16,31,5,18,3.0,F: 2012-2015 (5/59+1/35),2,148,45,0,4,0.0
2014-10-11,37,39,38,19,10,28,2.0,F: 2012-2015 (5/59+1/35),3,143,29,2,3,0.0
2014-10-15,5,7,28,27,19,20,2.0,F: 2012-2015 (5/59+1/35),4,86,23,1,3,1.0
2014-10-18,36,20,54,27,26,19,2.0,F: 2012-2015 (5/59+1/35),1,163,34,1,4,1.0
2014-10-22,40,42,30,29,50,16,2.0,F: 2012-2015 (5/59+1/35),1,191,21,1,3,0.0
2014-10-25,54,57,51,6,10,12,2.0,F: 2012-2015 (5/59+1/35),2,178,51,0,2,0.0
2014-10-29,48,28,59,25,57,16,3.0,F: 2012-2015 (5/59+1/35),3,217,34,0,3,1.0
2014-11-01,1,38,25,13,3,17,2.0,F: 2012-2015 (5/59+1/35),4,80,37,0,4,1.0
2014-11-05,19,2,11,21,42,34,3.0,F: 2012-2015 (5/59+1/35),3,95,40,0,4,0.0
2014-11-08,9,33,19,38,54,15,3.0,F: 2012-2015 (5/59+1/35),3,153,45,0,4,1.0
2014-11-12,55,37,39,52,51,11,3.0,F: 2012-2015 (5/59+1/35),4,234,18,1,2,0.0
2014-11-15,35,16,33,51,13,28,2.0,F: 2012-2015 (5/59+1/35),4,148,38,0,3,1.0
2014-11-19,38,6,36,48,51,17,2.0,F: 2012-2015 (5/59+1/35),1,179,45,0,4,1.0
2014-11-22,54,53,23,57,49,35,2.0,F: 2012-2015 (5/59+1/35),4,236,34,1,3,0.0
2014-11-26,46,17,22,16,54,35,5.0,F: 2012-2015 (5/59+1/35),1,155,38,1,4,1.0
2014-11-29,13,30,24,42,48,27,2.0,F: 2012-2015 (5/59+1/35),1,157,35,0,3,0.0
2014-12-03,54,30,32,46,25,26,3.0,F: 2012-2015 (5/59+1/35),1,187,29,0,4,1.0
2014-12-06,43,22,49,15,12,14,2.0,F: 2012-2015 (5/59+1/35),3,141,37,0,3,0.0
2014-12-10,48,34,55,44,54,10,2.0,F: 2012-2015 (5/59+1/35),1,235,21,1,3,0.0
2014-12-13,5,13,43,55,28,33,3.0,F: 2012-2015 (5/59+1/35),4,144,50,0,5,1.0
2014-12-17,47,31,48,38,22,15,3.0,F: 2012-2015 (5/59+1/35),2,186,26,1,3,0.0
2014-12-20,19,15,56,31,14,5,5.0,F: 2012-2015 (5/59+1/35),3,135,42,1,3,1.0
2014-12-24,46,11,12,47,50,22,4.0,F: 2012-2015 (5/59+1/35),2,166,39,2,2,0.0
2014-12-27,36,14,10,11,7,15,2.0,F: 2012-2015 (5/59+1/35),2,78,29,1,3,1.0
2014-12-31,40,27,17,53,37,35,2.0,F: 2012-2015 (5/59+1/35),4,174,36,0,4,0.0
2015-01-03,4,43,46,55,18,25,3.0,F: 2012-2015 (5/59+1/35),2,166,51,0,4,0.0
2015-01-07,47,49,59,15,14,10,2.0,F: 2012-2015 (5/59+1/35),4,184,45,1,3,0.0
2015-01-10,19,9,29,2,28,19,5.0,F: 2012-2015 (5/59+1/35),3,87,27,1,3,0.0
2015-01-14,10,4,53,2,41,22,5.0,F: 2012-2015 (5/59+1/35),2,110,51,0,3,1.0
2015-01-17,15,27,23,36,16,9,2.0,F: 2012-2015 (5/59+1/35),3,117,21,1,3,0.0
2015-01-21,57,12,28,15,11,23,4.0,F: 2012-2015 (5/59+1/35),3,123,46,1,3,1.0
2015-01-24,19,16,20,33,29,10,2.0,F: 2012-2015 (5/59+1/35),3,117,17,1,3,0.0
2015-01-28,49,24,12,36,35,1,5.0,F: 2012-2015 (5/59+1/35),2,156,37,1,4,0.0
2015-01-31,16,5,50,11,26,34,2.0,F: 2012-2015 (5/59+1/35),2,108,45,0,4,0.0
2015-02-04,51,52,36,24,56,22,2.0,F: 2012-2015 (5/59+1/35),1,219,32,1,3,0.0
2015-02-07,34,58,5,21,10,33,5.0,F: 2012-2015 (5/59+1/35),2,128,53,0,4,0.0
2015-02-11,25,11,54,13,39,19,3.0,F: 2012-2015 (5/59+1/35),4,142,43,0,4,0.0
2015-02-14,44,45,1,24,51,28,2.0,F: 2012-2015 (5/59+1/35),3,165,50,1,4,0.0
2015-02-18,29,1,49,9,32,22,2.0,F: 2012-2015 (5/59+1/35),4,120,48,0,4,1.0
2015-02-21,18,51,14,34,10,26,2.0,F: 2012-2015 (5/59+1/35),1,127,41,0,4,0.0
2015-02-25,39,17,21,32,19,8,3.0,F: 2012-2015 (5/59+1/35),4,128,22,0,3,0.0
2015-02-28,25,28,11,17,46,12,2.0,F: 2012-2015 (5/59+1/35),3,127,35,0,3,1.0
2015-03-04,8,35,15,12,50,32,2.0,F: 2012-2015 (5/59+1/35),2,120,42,0,4,0.0
2015-03-07,50,42,36,38,34,33,4.0,F: 2012-2015 (5/59+1/35),0,200,16,0,2,1.0
2015-03-11,24,44,31,11,40,27,2.0,F: 2012-2015 (5/59+1/35),2,150,33,0,4,0.0
2015-03-14,46,47,8,14,39,18,2.0,F: 2012-2015 (5/59+1/35),2,154,39,1,4,0.0
2015-03-18,30,47,33,25,14,8,2.0,F: 2012-2015 (5/59+1/35),3,149,33,0,4,2.0
2015-03-21,30,38,16,11,42,7,4.0,F: 2012-2015 (5/59+1/35),1,137,31,0,4,1.0
2015-03-25,54,23,19,7,50,14,2.0,F: 2012-2015 (5/59+1/35),3,153,47,0,5,0.0
2015-03-28,38,2,12,4,6,17,3.0,F: 2012-2015 (5/59+1/35),0,62,36,0,3,0.0
2015-04-01,44,39,30,33,2,1,3.0,F: 2012-2015 (5/59+1/35),2,148,42,0,4,1.0
2015-04-04,41,33,39,54,40,28,3.0,F: 2012-2015 (5/59+1/35),3,207,21,2,3,2.0
2015-04-08,1,19,45,58,46,29,2.0,F: 2012-2015 (5/59+1/35),3,169,57,1,4,0.0
2015-04-11,58,1,32,42,12,12,2.0,F: 2012-2015 (5/59+1/35),1,145,57,0,5,2.0
2015-04-15,1,21,29,16,40,30,3.0,F: 2012-2015 (5/59+1/35),3,107,39,0,4,1.0
2015-04-18,31,22,13,23,29,17,3.0,F: 2012-2015 (5/59+1/35),4,118,18,1,3,1.0
2015-04-22,25,10,14,39,53,18,2.0,F: 2012-2015 (5/59+1/35),3,141,43,0,5,0.0
2015-04-25,45,21,35,33,38,12,2.0,F: 2012-2015 (5/59+1/35),4,172,24,0,3,0.0
2015-04-29,26,1,38,34,51,6,3.0,F: 2012-2015 (5/59+1/35),2,150,50,0,4,1.0
2015-05-02,2,31,6,11,30,33,3.0,F: 2012-2015 (5/59+1/35),2,80,29,1,4,0.0
2015-05-06,24,41,39,23,27,30,5.0,F: 2012-2015 (5/59+1/35),4,154,18,1,3,0.0
2015-05-09,58,4,17,35,15,17,3.0,F: 2012-2015 (5/59+1/35),3,129,54,0,4,0.0
2015-05-13,31,29,1,47,25,7,3.0,F: 2012-2015 (5/59+1/35),5,133,46,0,4,0.0
2015-05-16,48,24,38,52,29,32,2.0,F: 2012-2015 (5/59+1/35),1,191,28,0,4,1.0
2015-05-20,12,1,44,28,35,25,3.0,F: 2012-2015 (5/59+1/35),2,120,43,0,5,0.0
2015-05-23,31,9,43,17,15,16,4.0,F: 2012-2015 (5/59+1/35),5,115,34,0,4,0.0
2015-05-27,8,15,59,34,53,23,2.0,F: 2012-2015 (5/59+1/35),3,169,51,0,4,1.0
2015-05-30,57,25,8,56,9,22,2.0,F: 2012-2015 (5/59+1/35),3,155,49,2,3,1.0
2015-06-03,6,40,37,13,8,11,2.0,F: 2012-2015 (5/59+1/35),2,104,34,0,3,1.0
2015-06-06,18,43,13,8,27,15,4.0,F: 2012-2015 (5/59+1/35),3,109,35,0,4,2.0
2015-06-10,49,32,31,53,48,25,2.0,F: 2012-2015 (5/59+1/35),3,213,22,2,3,0.0
2015-06-13,41,29,52,54,48,29,2.0,F: 2012-2015 (5/59+1/35),2,224,25,0,3,1.0
2015-06-17,22,20,21,54,41,7,3.0,F: 2012-2015 (5/59+1/35),2,158,34,2,4,2.0
2015-06-20,20,16,10,57,9,15,2.0,F: 2012-2015 (5/59+1/35),2,112,48,1,3,1.0
2015-06-24,5,10,3,22,32,7,4.0,F: 2012-2015 (5/59+1/35),2,72,29,0,3,1.0
2015-06-27,35,18,46,49,28,27,5.0,F: 2012-2015 (5/59+1/35),2,176,31,0,4,0.0
2015-07-01,24,41,31,26,7,25,2.0,F: 2012-2015 (5/59+1/35),3,129,34,0,4,0.0
2015-07-04,24,18,6,3,14,21,3.0,F: 2012-2015 (5/59+1/35),1,65,21,0,3,1.0
2015-07-08,30,27,25,15,4,18,3.0,F: 2012-2015 (5/59+1/35),3,101,26,0,3,0.0
2015-07-11,46,39,52,11,54,3,2.0,F: 2012-2015 (5/59+1/35),2,202,43,0,4,0.0
2015-07-15,45,34,13,50,16,11,2.0,F: 2012-2015 (5/59+1/35),2,158,37,0,3,0.0
2015-07-18,39,6,37,45,55,33,3.0,F: 2012-2015 (5/59+1/35),4,182,49,0,4,1.0
2015-07-22,31,12,57,44,43,11,2.0,F: 2012-2015 (5/59+1/35),3,187,45,1,4,0.0
2015-07-25,27,44,41,29,34,2,3.0,F: 2012-2015 (5/59+1/35),3,175,17,0,3,1.0
2015-07-29,4,52,22,27,28,35,3.0,F: 2012-2015 (5/59+1/35),1,133,48,1,3,1.0
2015-08-01,13,7,49,24,57,15,3.0,F: 2012-2015 (5/59+1/35),4,150,50,0,5,0.0
2015-08-05,42,14,9,16,11,19,2.0,F: 2012-2015 (5/59+1/35),2,92,33,0,3,0.0
2015-08-08,34,48,54,52,9,15,4.0,F: 2012-2015 (5/59+1/35),1,197,45,0,4,1.0
2015-08-12,29,38,8,13,52,28,2.0,F: 2012-2015 (5/59+1/35),2,140,44,0,5,1.0
2015-08-15,3,17,13,52,42,24,4.0,F: 2012-2015 (5/59+1/35),3,127,49,0,4,2.0
2015-08-19,6,43,48,50,8,7,2.0,F: 2012-2015 (5/59+1/35),1,155,44,0,2,0.0
2015-08-22,12,14,21,4,55,7,4.0,F: 2012-2015 (5/59+1/35),2,106,51,0,4,0.0
2015-08-26,22,56,2,45,32,12,5.0,F: 2012-2015 (5/59+1/35),1,157,54,0,5,0.0
2015-08-29,25,18,29,21,28,16,2.0,F: 2012-2015 (5/59+1/35),3,121,11,1,2,0.0
2015-09-02,17,46,22,30,56,16,3.0,F: 2012-2015 (5/59+1/35),1,171,39,0,4,0.0
2015-09-05,29,10,18,16,45,19,2.0,F: 2012-2015 (5/59+1/35),2,118,35,0,4,0.0
2015-09-09,50,44,45,51,47,8,2.0,F: 2012-2015 (5/59+1/35),3,237,7,2,2,1.0
2015-09-12,35,3,16,2,13,27,3.0,F: 2012-2015 (5/59+1/35),3,69,33,1,3,0.0
2015-09-16,7,5,39,24,31,7,3.0,F: 2012-2015 (5/59+1/35),4,106,34,0,3,0.0
2015-09-19,12,43,17,26,48,24,2.0,F: 2012-2015 (5/59+1/35),2,146,36,0,3,0.0
2015-09-23,8,29,51,58,41,5,2.0,F: 2012-2015 (5/59+1/35),3,187,50,0,4,0.0
2015-09-26,23,57,42,31,50,5,3.0,F: 2012-2015 (5/59+1/35),3,203,34,0,4,0.0
2015-09-30,40,59,21,39,55,17,3.0,F: 2012-2015 (5/59+1/35),4,214,38,1,3,0.0
2015-10-03,33,6,46,44,26,4,2.0,F: 2012-2015 (5/59+1/35),1,155,40,0,4,0.0
2015-10-07,52,40,48,18,30,9,3.0,G: 2015-present (5/69+1/26),0,188,34,0,5,
2015-10-10,27,68,12,43,29,1,2.0,G: 2015-present (5/69+1/26),3,179,56,0,4,0.0
2015-10-14,20,15,31,40,29,1,2.0,G: 2015-present (5/69+1/26),3,135,25,0,3,1.0
2015-10-17,57,62,69,49,48,19,3.0,G: 2015-present (5/69+1/26),3,285,21,1,3,0.0
2015-10-21,57,32,30,42,56,11,4.0,G: 2015-present (5/69+1/26),1,217,27,1,4,1.0
2015-10-24,20,31,56,64,60,2,3.0,G: 2015-present (5/69+1/26),1,231,44,0,4,1.0
2015-10-28,56,62,54,63,4,10,2.0,G: 2015-present (5/69+1/26),1,239,59,1,3,1.0
2015-10-31,9,47,20,25,68,7,2.0,G: 2015-present (5/69+1/26),3,169,59,0,5,0.0
2015-11-04,12,2,17,20,65,17,4.0,G: 2015-present (5/69+1/26),2,116,63,0,3,1.0
2015-11-07,50,53,7,16,25,15,2.0,G: 2015-present (5/69+1/26),3,151,46,0,5,0.0
2015-11-11,26,4,32,55,64,18,3.0,G: 2015-present (5/69+1/26),1,181,60,0,5,0.0
2015-11-14,66,37,22,14,45,5,3.0,G: 2015-present (5/69+1/26),2,184,52,0,5,0.0
2015-11-18,40,17,46,69,41,6,2.0,G: 2015-present (5/69+1/26),3,213,52,1,4,0.0
2015-11-21,37,57,47,50,52,21,3.0,G: 2015-present (5/69+1/26),3,243,20,0,3,0.0
2015-11-25,53,16,69,58,29,21,2.0,G: 2015-present (5/69+1/26),3,225,53,0,4,0.0
2015-11-28,47,2,66,67,6,2,3.0,G: 2015-present (5/69+1/26),2,188,65,1,3,0.0
2015-12-02,14,18,19,64,32,9,2.0,G: 2015-present (5/69+1/26),1,147,50,1,3,0.0
2015-12-05,47,33,68,27,13,13,2.0,G: 2015-present (5/69+1/26),4,188,55,0,5,0.0
2015-12-09,16,46,10,56,7,1,2.0,G: 2015-present (5/69+1/26),1,135,49,0,4,0.0
2015-12-12,62,2,30,19,14,22,2.0,G: 2015-present (5/69+1/26),1,127,60,0,4,0.0
2015-12-16,9,42,10,55,32,6,2.0,G: 2015-present (5/69+1/26),2,148,46,1,4,0.0
2015-12-19,30,68,59,41,28,10,2.0,G: 2015-present (5/69+1/26),2,226,40,0,4,0.0
2015-12-23,67,16,63,38,55,25,4.0,G: 2015-present (5/69+1/26),3,239,51,0,4,0.0
2015-12-26,65,40,44,59,27,20,2.0,G: 2015-present (5/69+1/26),3,235,38,0,5,0.0
2015-12-30,12,61,54,38,36,22,3.0,G: 2015-present (5/69+1/26),1,201,49,0,4,0.0
2016-01-02,42,15,6,5,29,10,2.0,G: 2015-present (5/69+1/26),3,97,37,1,4,0.0
2016-01-06,47,2,63,62,11,17,3.0,G: 2015-present (5/69+1/26),3,185,61,1,4,0.0
2016-01-09,32,16,19,57,34,13,3.0,G: 2015-present (5/69+1/26),2,158,41,0,3,0.0
2016-01-13,8,27,34,4,19,10,2.0,G: 2015-present (5/69+1/26),2,92,30,0,4,2.0
2016-01-16,61,52,51,64,3,6,2.0,G: 2015-present (5/69+1/26),3,231,61,1,3,0.0
2016-01-20,44,5,39,69,47,24,5.0,G: 2015-present (5/69+1/26),4,204,64,0,4,0.0
2016-01-23,32,22,40,69,34,19,4.0,G: 2015-present (5/69+1/26),1,197,47,0,3,1.0
2016-01-27,40,52,3,67,12,21,2.0,G: 2015-present (5/69+1/26),2,174,64,0,5,1.0
2016-01-30,16,5,12,31,43,18,4.0,G: 2015-present (5/69+1/26),3,107,38,0,4,1.0
2016-02-03,26,60,67,31,28,23,3.0,G: 2015-present (5/69+1/26),2,212,41,0,4,1.0
2016-02-06,13,4,36,31,52,8,3.0,G: 2015-present (5/69+1/26),2,136,48,0,4,1.0
2016-02-10,2,62,40,50,3,5,2.0,G: 2015-present (5/69+1/26),1,157,60,1,4,0.0
2016-02-13,7,15,36,18,19,20,2.0,G: 2015-present (5/69+1/26),3,95,29,1,3,0.0
2016-02-17,29,27,7,40,17,25,2.0,G: 2015-present (5/69+1/26),4,120,33,0,4,1.0
2016-02-20,54,12,11,16,15,25,5.0,G: 2015-present (5/69+1/26),2,108,43,2,2,0.0
2016-02-24,67,21,65,31,64,5,3.0,G: 2015-present (5/69+1/26),4,248,46,1,3,0.0
2016-02-27,22,11,53,21,10,18,3.0,G: 2015-present (5/69+1/26),3,117,43,2,4,1.0
2016-03-02,62,52,13,12,44,6,2.0,G: 2015-present (5/69+1/26),1,183,50,1,4,0.0
2016-03-05,3,34,27,59,69,19,2.0,G: 2015-present (5/69+1/26),4,192,66,0,5,0.0
2016-03-09,32,34,14,23,68,3,3.0,G: 2015-present (5/69+1/26),1,171,54,0,4,1.0
2016-03-12,28,11,50,57,62,23,2.0,G: 2015-present (5/69+1/26),2,208,51,0,5,0.0
2016-03-16,46,50,12,13,10,21,3.0,G: 2015-present (5/69+1/26),1,131,40,1,3,1.0
2016-03-19,11,60,23,54,43,3,3.0,G: 2015-present (5/69+1/26),3,191,49,0,4,0.0
2016-03-23,22,15,49,5,8,25,3.0,G: 2015-present (5/69+1/26),3,99,44,0,4,0.0
2016-03-26,23,42,68,52,11,6,3.0,G: 2015-present (5/69+1/26),2,196,57,0,5,0.0
2016-03-30,55,24,63,53,44,19,2.0,G: 2015-present (5/69+1/26),3,239,39,0,4,0.0
2016-04-02,9,61,28,40,30,3,2.0,G: 2015-present (5/69+1/26),2,168,52,0,4,0.0
2016-04-06,65,28,49,60,4,25,2.0,G: 2015-present (5/69+1/26),2,206,61,0,5,1.0
2016-04-09,14,23,41,61,22,9,3.0,G: 2015-present (5/69+1/26),3,161,47,1,4,0.0
2016-04-13,30,35,38,33,64,22,3.0,G: 2015-present (5/69+1/26),2,200,34,0,3,0.0
2016-04-16,32,3,25,51,18,3,2.0,G: 2015-present (5/69+1/26),3,129,48,0,5,0.0
2016-04-20,62,30,12,25,52,8,3.0,G: 2015-present (5/69+1/26),1,181,50,0,4,1.0
2016-04-23,46,62,59,35,19,13,5.0,G: 2015-present (5/69+1/26),3,221,43,0,5,1.0
2016-04-27,25,39,64,2,33,17,2.0,G: 2015-present (5/69+1/26),3,163,62,0,4,0.0
2016-04-30,32,16,3,34,12,14,3.0,G: 2015-present (5/69+1/26),1,97,31,0,3,0.0
2016-05-04,47,69,30,66,57,3,3.0,G: 2015-present (5/69+1/26),3,269,39,0,4,0.0
2016-05-07,25,66,44,5,26,9,2.0,G: 2015-present (5/69+1/26),2,166,61,1,4,1.0
2016-05-11,69,32,52,66,20,23,3.0,G: 2015-present (5/69+1/26),1,239,49,0,4,1.0
2016-05-14,64,27,65,13,47,9,3.0,G: 2015-present (5/69+1/26),4,216,52,1,4,0.0
2016-05-18,25,67,39,23,54,11,3.0,G: 2015-present (5/69+1/26),4,208,44,0,4,0.0
2016-05-21,9,32,5,7,23,26,4.0,G: 2015-present (5/69+1/26),4,76,27,0,3,1.0
2016-05-25,64,24,59,41,11,15,3.0,G: 2015-present (5/69+1/26),3,199,53,0,5,0.0
2016-05-28,6,34,33,59,58,12,2.0,G: 2015-present (5/69+1/26),2,190,53,2,3,1.0
2016-06-01,40,69,33,23,30,12,5.0,G: 2015-present (5/69+1/26),3,195,46,0,3,1.0
2016-06-04,20,16,43,64,22,17,2.0,G: 2015-present (5/69+1/26),1,165,48,0,4,0.0
2016-06-08,37,69,12,25,60,20,3.0,G: 2015-present (5/69+1/26),3,203,57,0,5,0.0
2016-06-11,36,58,27,41,20,7,2.0,G: 2015-present (5/69+1/26),2,182,38,0,5,0.0
2016-06-15,33,4,24,31,22,10,2.0,G: 2015-present (5/69+1/26),2,114,29,0,3,0.0
2016-06-18,53,2,23,63,41,11,2.0,G: 2015-present (5/69+1/26),4,182,61,0,5,0.0
2016-06-22,14,42,43,52,40,17,3.0,G: 2015-present (5/69+1/26),1,191,38,1,4,0.0
2016-06-25,36,3,56,69,27,25,2.0,G: 2015-present (5/69+1/26),3,191,66,0,5,0.0
2016-06-29,29,37,23,64,60,6,2.0,G: 2015-present (5/69+1/26),3,213,41,0,4,0.0
2016-07-02,63,39,59,34,10,4,2.0,G: 2015-present (5/69+1/26),3,205,53,0,4,0.0
2016-07-06,66,57,2,31,24,18,3.0,G: 2015-present (5/69+1/26),2,180,64,0,5,0.0
2016-07-09,32,28,10,64,61,12,3.0,G: 2015-present (5/69+1/26),1,195,54,0,4,0.0
2016-07-13,57,15,29,3,54,10,3.0,G: 2015-present (5/69+1/26),4,158,54,0,4,0.0
2016-07-16,11,50,40,17,62,26,2.0,G: 2015-present (5/69+1/26),2,180,51,0,4,0.0
2016-07-20,6,58,66,25,35,5,2.0,G: 2015-present (5/69+1/26),2,190,60,0,5,0.0
2016-07-23,39,5,35,7,23,11,2.0,G: 2015-present (5/69+1/26),5,109,34,0,3,1.0
2016-07-27,10,47,68,65,50,24,2.0,G: 2015-present (5/69+1/26),2,240,58,0,3,0.0
2016-07-30,32,21,17,23,11,5,2.0,G: 2015-present (5/69+1/26),4,104,21,0,3,0.0
2016-08-03,66,27,11,9,67,2,3.0,G: 2015-present (5/69+1/26),4,180,58,1,4,1.0
2016-08-06,52,33,47,36,20,12,3.0,G: 2015-present (5/69+1/26),2,188,32,0,4,0.0
2016-08-10,64,56,61,23,67,12,5.0,G: 2015-present (5/69+1/26),3,271,44,0,3,0.0
2016-08-13,44,38,64,69,60,6,2.0,G: 2015-present (5/69+1/26),1,275,31,0,4,1.0
2016-08-17,44,49,33,50,52,8,3.0,G: 2015-present (5/69+1/26),2,228,19,1,3,1.0
2016-08-20,68,3,21,6,60,24,2.0,G: 2015-present (5/69+1/26),2,158,65,0,4,0.0
2016-08-24,25,11,9,65,64,16,3.0,G: 2015-present (5/69+1/26),4,174,56,1,4,0.0
2016-08-27,48,32,63,4,49,20,2.0,G: 2015-present (5/69+1/26),2,196,59,1,4,0.0
2016-08-31,10,56,24,61,5,12,2.0,G: 2015-present (5/69+1/26),2,156,56,0,4,0.0
2016-09-03,39,59,7,67,50,25,3.0,G: 2015-present (5/69+1/26),4,222,60,0,5,0.0
2016-09-07,23,55,33,22,29,21,2.0,G: 2015-present (5/69+1/26),4,162,33,1,3,0.0
2016-09-10,3,17,49,68,55,8,2.0,G: 2015-present (5/69+1/26),4,192,65,0,5,1.0
2016-09-14,10,31,23,28,11,14,2.0,G: 2015-present (5/69+1/26),3,103,21,1,4,0.0
2016-09-17,51,19,9,62,55,14,4.0,G: 2015-present (5/69+1/26),4,196,53,0,4,0.0
2016-09-21,63,67,1,69,28,17,4.0,G: 2015-present (5/69+1/26),4,228,68,0,3,0.0
2016-09-24,15,7,29,41,20,22,2.0,G: 2015-present (5/69+1/26),4,112,34,0,4,0.0
2016-09-28,30,53,62,38,52,1,3.0,G: 2015-present (5/69+1/26),1,235,32,1,4,0.0
2016-10-01,12,64,50,61,2,1,2.0,G: 2015-present (5/69+1/26),1,189,62,0,4,0.0
2016-10-05,60,29,18,27,8,15,2.0,G: 2015-present (5/69+1/26),2,142,52,0,4,0.0
2016-10-08,3,64,68,61,54,9,2.0,G: 2015-present (5/69+1/26),2,250,65,0,3,0.0
2016-10-12,34,44,30,16,37,16,2.0,G: 2015-present (5/69+1/26),1,161,28,0,4,0.0
2016-10-15,64,49,57,23,67,20,2.0,G: 2015-present (5/69+1/26),4,260,44,0,4,0.0
2016-10-19,43,63,16,38,10,23,2.0,G: 2015-present (5/69+1/26),2,170,53,0,5,0.0
2016-10-22,1,55,33,28,56,22,2.0,G: 2015-present (5/69+1/26),3,173,55,1,4,0.0
2016-10-26,48,56,2,16,3,24,2.0,G: 2015-present (5/69+1/26),1,125,54,1,4,1.0
2016-10-29,42,48,20,21,19,23,3.0,G: 2015-present (5/69+1/26),2,150,29,2,3,1.0
2016-11-02,18,54,61,13,37,5,2.0,G: 2015-present (5/69+1/26),3,183,48,0,4,0.0
2016-11-05,31,50,69,21,51,8,3.0,G: 2015-present (5/69+1/26),4,222,48,1,5,0.0
2016-11-09,28,31,54,25,1,2,2.0,G: 2015-present (5/69+1/26),3,139,53,0,4,1.0
2016-11-12,20,8,27,52,17,24,2.0,G: 2015-present (5/69+1/26),2,124,44,0,4,0.0
2016-11-16,28,61,63,41,65,7,2.0,G: 2015-present (5/69+1/26),4,258,37,0,3,0.0
2016-11-19,24,61,43,16,28,21,2.0,G: 2015-present (5/69+1/26),2,172,45,0,4,2.0
2016-11-23,7,61,41,47,32,3,2.0,G: 2015-present (5/69+1/26),4,188,54,0,4,1.0
2016-11-26,21,17,37,44,19,16,2.0,G: 2015-present (5/69+1/26),4,138,27,0,4,0.0
2016-11-30,3,45,25,14,18,7,2.0,G: 2015-present (5/69+1/26),3,105,42,0,4,0.0
2016-12-03,27,26,33,8,10,22,2.0,G: 2015-present (5/69+1/26),2,104,25,1,3,0.0
2016-12-07,49,64,48,41,53,20,2.0,G: 2015-present (5/69+1/26),3,255,23,1,3,0.0
2016-12-10,32,21,12,44,66,15,2.0,G: 2015-present (5/69+1/26),1,175,54,0,5,0.0
2016-12-14,39,18,66,37,26,15,3.0,G: 2015-present (5/69+1/26),2,186,48,0,4,1.0
2016-12-17,16,40,8,48,1,10,2.0,G: 2015-present (5/69+1/26),1,113,47,0,4,0.0
2016-12-21,25,68,40,54,33,3,5.0,G: 2015-present (5/69+1/26),2,220,43,0,4,1.0
2016-12-24,38,52,42,51,28,21,2.0,G: 2015-present (5/69+1/26),1,211,24,1,4,0.0
2016-12-28,30,23,44,58,16,4,2.0,G: 2015-present (5/69+1/26),1,171,42,0,4,0.0
2016-12-31,1,28,3,67,57,9,2.0,G: 2015-present (5/69+1/26),4,156,66,0,4,0.0
2017-01-04,16,17,29,41,42,4,3.0,G: 2015-present (5/69+1/26),3,145,26,2,3,0.0
2017-01-07,3,12,24,37,63,10,2.0,G: 2015-present (5/69+1/26),3,139,60,0,5,0.0
2017-01-11,1,3,13,16,43,24,2.0,G: 2015-present (5/69+1/26),4,76,42,0,3,1.0
2017-01-14,23,55,59,64,69,13,5.0,G: 2015-present (5/69+1/26),4,270,46,0,3,0.0
2017-01-18,9,40,41,53,58,12,2.0,G: 2015-present (5/69+1/26),3,201,49,1,4,0.0
2017-01-21,23,25,45,52,67,2,2.0,G: 2015-present (5/69+1/26),4,212,44,0,4,0.0
2017-01-25,18,28,62,66,68,22,2.0,G: 2015-present (5/69+1/26),0,242,50,0,3,0.0
2017-01-28,12,20,39,49,69,17,2.0,G: 2015-present (5/69+1/26),3,189,57,0,4,0.0
2017-02-01,9,43,57,60,64,10,2.0,G: 2015-present (5/69+1/26),3,233,55,0,4,0.0
2017-02-04,6,13,16,17,52,25,3.0,G: 2015-present (5/69+1/26),2,104,46,1,3,0.0
2017-02-08,14,20,42,49,66,5,2.0,G: 2015-present (5/69+1/26),1,191,52,0,3,0.0
2017-02-11,5,9,17,37,64,2,2.0,G: 2015-present (5/69+1/26),4,132,59,0,4,0.0
2017-02-15,5,28,33,38,42,19,2.0,G: 2015-present (5/69+1/26),2,146,37,0,4,1.0
2017-02-18,3,7,9,31,33,20,3.0,G: 2015-present (5/69+1/26),5,83,30,0,2,1.0
2017-02-22,10,13,28,52,61,2,2.0,G: 2015-present (5/69+1/26),2,164,51,0,5,0.0
2017-02-25,6,32,47,62,65,19,2.0,G: 2015-present (5/69+1/26),2,212,59,0,4,0.0
2017-03-01,10,16,40,52,55,17,10.0,G: 2015-present (5/69+1/26),1,173,45,0,4,0.0
2017-03-04,2,18,19,22,63,19,3.0,G: 2015-present (5/69+1/26),2,124,61,1,4,0.0
2017-03-08,23,33,42,46,59,4,2.0,G: 2015-present (5/69+1/26),3,203,36,0,4,0.0
2017-03-11,1,26,41,50,57,11,2.0,G: 2015-present (5/69+1/26),3,175,56,0,4,0.0
2017-03-15,16,30,41,48,53,16,3.0,G: 2015-present (5/69+1/26),2,188,37,0,4,1.0
2017-03-18,13,25,44,54,67,5,3.0,G: 2015-present (5/69+1/26),3,203,54,0,5,0.0
2017-03-22,2,9,27,29,42,9,2.0,G: 2015-present (5/69+1/26),3,109,40,0,3,0.0
2017-03-25,18,31,32,45,48,16,4.0,G: 2015-present (5/69+1/26),2,174,30,1,3,0.0
2017-03-29,8,15,31,36,62,11,3.0,G: 2015-present (5/69+1/26),2,152,54,0,4,1.0
2017-04-01,9,32,36,44,65,1,3.0,G: 2015-present (5/69+1/26),2,186,56,0,4,1.0
2017-04-05,8,20,46,53,54,13,2.0,G: 2015-present (5/69+1/26),1,181,46,1,4,0.0
2017-04-08,23,36,51,53,60,15,2.0,G: 2015-present (5/69+1/26),3,223,37,0,3,1.0
2017-04-12,8,14,61,63,68,24,2.0,G: 2015-present (5/69+1/26),2,214,60,0,3,0.0
2017-04-15,5,22,26,45,61,13,3.0,G: 2015-present (5/69+1/26),3,159,56,0,4,1.0
2017-04-19,1,19,37,40,52,15,3.0,G: 2015-present (5/69+1/26),3,149,51,0,4,0.0
2017-04-22,21,39,41,48,63,6,3.0,G: 2015-present (5/69+1/26),4,212,42,0,4,0.0
2017-04-26,1,15,18,26,51,26,4.0,G: 2015-present (5/69+1/26),3,111,50,0,4,0.0
2017-04-29,22,23,24,45,62,5,2.0,G: 2015-present (5/69+1/26),2,176,40,2,3,0.0
2017-05-03,17,18,49,59,66,9,2.0,G: 2015-present (5/69+1/26),3,209,49,1,4,0.0
2017-05-06,11,21,31,41,59,21,3.0,G: 2015-present (5/69+1/26),5,163,48,0,5,1.0
2017-05-10,29,31,46,56,62,8,2.0,G: 2015-present (5/69+1/26),2,224,33,0,5,1.0
2017-05-13,17,20,32,63,68,19,5.0,G: 2015-present (5/69+1/26),2,200,51,0,3,0.0
2017-05-17,4,11,39,45,48,9,3.0,G: 2015-present (5/69+1/26),3,147,44,0,4,0.0
2017-05-20,5,22,45,47,54,3,2.0,G: 2015-present (5/69+1/26),3,173,49,0,4,1.0
2017-05-24,28,32,33,38,62,15,2.0,G: 2015-present (5/69+1/26),1,193,34,1,3,0.0
2017-05-27,5,10,28,55,67,9,3.0,G: 2015-present (5/69+1/26),3,165,62,0,4,1.0
2017-05-31,4,33,39,46,60,6,2.0,G: 2015-present (5/69+1/26),2,182,56,0,4,0.0
2017-06-03,3,9,21,41,54,25,4.0,G: 2015-present (5/69+1/26),4,128,51,0,4,0.0
2017-06-07,5,21,57,66,69,13,3.0,G: 2015-present (5/69+1/26),4,218,64,0,4,1.0
2017-06-10,20,26,32,38,58,3,2.0,G: 2015-present (5/69+1/26),0,174,38,0,4,0.0
2017-06-14,5,22,43,57,63,24,2.0,G: 2015-present (5/69+1/26),4,190,58,0,5,0.0
2017-06-17,10,13,32,53,62,21,2.0,G: 2015-present (5/69+1/26),2,170,52,0,5,0.0
2017-06-21,14,46,61,65,68,13,2.0,G: 2015-present (5/69+1/26),2,254,54,0,3,0.0
2017-06-24,10,22,32,36,58,10,4.0,G: 2015-present (5/69+1/26),0,158,48,0,4,0.0
2017-06-28,29,37,46,53,68,8,2.0,G: 2015-present (5/69+1/26),3,233,39,0,5,0.0
2017-07-01,19,42,45,48,53,16,3.0,G: 2015-present (5/69+1/26),3,207,34,0,3,1.0
2017-07-05,4,9,16,54,68,21,2.0,G: 2015-present (5/69+1/26),1,151,64,0,4,0.0
2017-07-08,8,10,29,40,59,26,2.0,G: 2015-present (5/69+1/26),2,146,51,0,4,0.0
2017-07-12,1,2,18,23,61,9,2.0,G: 2015-present (5/69+1/26),3,105,60,1,4,0.0
2017-07-15,9,40,63,64,66,17,2.0,G: 2015-present (5/69+1/26),2,242,57,1,3,0.0
2017-07-19,50,51,59,61,63,4,5.0,G: 2015-present (5/69+1/26),4,284,13,1,3,1.0
2017-07-22,5,32,44,53,60,9,3.0,G: 2015-present (5/69+1/26),2,194,55,0,4,0.0
2017-07-26,7,19,21,42,69,12,2.0,G: 2015-present (5/69+1/26),4,158,62,0,5,0.0
2017-07-29,1,28,40,45,48,12,2.0,G: 2015-present (5/69+1/26),2,162,47,0,4,0.0
2017-08-02,1,16,54,63,69,18,3.0,G: 2015-present (5/69+1/26),3,203,68,0,4,1.0
2017-08-05,11,21,28,33,45,11,2.0,G: 2015-present (5/69+1/26),4,138,34,0,4,0.0
2017-08-09,12,30,36,47,62,9,4.0,G: 2015-present (5/69+1/26),1,187,50,0,5,0.0
2017-08-12,20,24,26,35,49,19,2.0,G: 2015-present (5/69+1/26),2,154,29,0,4,0.0
2017-08-16,9,15,43,60,64,4,3.0,G: 2015-present (5/69+1/26),3,191,55,0,5,0.0
2017-08-19,17,19,39,43,68,13,4.0,G: 2015-present (5/69+1/26),4,186,51,0,4,1.0
2017-08-23,6,7,16,23,26,4,4.0,G: 2015-present (5/69+1/26),2,78,20,1,3,0.0
2017-08-26,7,15,32,38,66,15,2.0,G: 2015-present (5/69+1/26),2,158,59,0,4,1.0
2017-08-30,19,28,43,67,69,7,2.0,G: 2015-present (5/69+1/26),4,226,50,0,4,0.0
2017-09-02,6,21,41,52,62,26,2.0,G: 2015-present (5/69+1/26),2,182,56,0,5,0.0
2017-09-06,8,14,32,58,67,17,3.0,G: 2015-present (5/69+1/26),1,179,59,0,5,0.0
2017-09-09,6,20,29,57,59,22,2.0,G: 2015-present (5/69+1/26),3,171,53,0,4,0.0
2017-09-13,17,24,35,57,63,19,3.0,G: 2015-present (5/69+1/26),4,196,46,0,5,1.0
2017-09-16,17,18,24,25,31,24,2.0,G: 2015-present (5/69+1/26),3,115,14,2,3,2.0
2017-09-20,39,48,53,67,68,26,3.0,G: 2015-present (5/69+1/26),3,275,29,1,4,0.0
2017-09-23,24,45,55,56,57,19,2.0,G: 2015-present (5/69+1/26),3,237,33,2,3,0.0
2017-09-27,8,10,21,23,25,22,3.0,G: 2015-present (5/69+1/26),3,87,17,0,2,0.0
2017-09-30,8,12,25,41,64,15,3.0,G: 2015-present (5/69+1/26),2,150,56,0,5,2.0
2017-10-04,22,23,62,63,66,24,2.0,G: 2015-present (5/69+1/26),2,236,44,2,2,0.0
2017-10-07,10,49,61,63,65,7,2.0,G: 2015-present (5/69+1/26),4,248,55,0,3,1.0
2017-10-11,1,3,13,19,69,23,2.0,G: 2015-present (5/69+1/26),5,105,68,0,3,0.0
2017-10-14,32,37,56,66,69,11,3.0,G: 2015-present (5/69+1/26),2,260,37,0,3,1.0
2017-10-18,30,49,54,66,69,8,2.0,G: 2015-present (5/69+1/26),2,268,39,0,4,2.0
2017-10-21,14,41,42,45,69,4,2.0,G: 2015-present (5/69+1/26),3,211,55,1,3,1.0
2017-10-25,18,22,29,54,57,8,3.0,G: 2015-present (5/69+1/26),2,180,39,0,3,0.0
2017-10-28,27,35,38,57,66,10,2.0,G: 2015-present (5/69+1/26),3,223,39,0,4,1.0
2017-11-01,3,6,19,26,44,1,2.0,G: 2015-present (5/69+1/26),2,98,41,0,4,0.0
2017-11-04,12,14,26,48,51,13,3.0,G: 2015-present (5/69+1/26),1,151,39,0,4,1.0
2017-11-08,12,14,20,21,34,22,2.0,G: 2015-present (5/69+1/26),1,101,22,1,3,2.0
2017-11-11,4,6,16,30,56,18,2.0,G: 2015-present (5/69+1/26),0,112,52,0,4,0.0
2017-11-15,23,32,44,48,50,25,2.0,G: 2015-present (5/69+1/26),1,197,27,0,3,0.0
2017-11-18,17,28,31,32,39,26,3.0,G: 2015-present (5/69+1/26),3,147,22,1,3,1.0
2017-11-22,35,37,46,51,61,13,2.0,G: 2015-present (5/69+1/26),4,230,26,0,4,0.0
2017-11-25,8,13,27,53,54,4,2.0,G: 2015-present (5/69+1/26),3,155,46,1,4,0.0
2017-11-29,24,26,28,59,63,16,3.0,G: 2015-present (5/69+1/26),2,200,39,0,3,0.0
2017-12-02,28,30,32,36,58,6,3.0,G: 2015-present (5/69+1/26),0,184,30,0,3,1.0
2017-12-06,19,20,50,55,62,9,2.0,G: 2015-present (5/69+1/26),2,206,43,1,4,0.0
2017-12-09,25,36,37,55,60,6,5.0,G: 2015-present (5/69+1/26),3,213,35,1,3,1.0
2017-12-13,2,24,28,51,58,7,3.0,G: 2015-present (5/69+1/26),1,163,56,0,3,0.0
2017-12-16,9,35,37,50,63,11,2.0,G: 2015-present (5/69+1/26),4,194,54,0,4,0.0
2017-12-20,1,20,61,64,69,20,2.0,G: 2015-present (5/69+1/26),3,215,68,0,3,0.0
2017-12-23,1,3,13,15,44,25,2.0,G: 2015-present (5/69+1/26),4,76,43,0,3,1.0
2017-12-27,3,9,16,56,60,3,3.0,G: 2015-present (5/69+1/26),2,144,57,0,3,1.0
2017-12-30,28,36,41,51,58,24,2.0,G: 2015-present (5/69+1/26),2,214,30,0,4,0.0
2018-01-03,2,18,37,39,42,12,3.0,G: 2015-present (5/69+1/26),2,138,40,0,4,0.0
2018-01-06,12,29,30,33,61,26,3.0,G: 2015-present (5/69+1/26),3,165,49,1,4,0.0
2018-01-10,7,24,33,49,50,4,5.0,G: 2015-present (5/69+1/26),3,163,43,1,4,1.0
2018-01-13,14,25,35,58,69,24,2.0,G: 2015-present (5/69+1/26),3,201,55,0,5,0.0
2018-01-17,3,33,37,51,57,21,2.0,G: 2015-present (5/69+1/26),5,181,54,0,3,0.0
2018-01-20,26,28,47,49,58,3,4.0,G: 2015-present (5/69+1/26),2,208,32,0,3,0.0
2018-01-24,5,9,11,33,64,21,3.0,G: 2015-present (5/69+1/26),4,122,59,0,4,0.0
2018-01-27,17,21,26,47,54,7,2.0,G: 2015-present (5/69+1/26),3,165,37,0,4,0.0
2018-01-31,4,7,14,46,59,22,10.0,G: 2015-present (5/69+1/26),2,130,55,0,4,0.0
2018-02-03,15,23,27,48,53,6,2.0,G: 2015-present (5/69+1/26),4,166,38,0,4,0.0
2018-02-07,23,34,35,40,47,10,2.0,G: 2015-present (5/69+1/26),3,179,24,1,3,1.0
2018-02-10,1,13,27,41,59,20,5.0,G: 2015-present (5/69+1/26),5,141,58,0,5,0.0
2018-02-14,37,39,44,46,69,26,2.0,G: 2015-present (5/69+1/26),3,235,32,0,3,0.0
2018-02-17,13,26,39,44,62,2,3.0,G: 2015-present (5/69+1/26),2,184,49,0,5,2.0
2018-02-21,7,15,31,34,36,8,3.0,G: 2015-present (5/69+1/26),3,123,29,0,3,0.0
2018-02-24,24,25,38,62,63,6,2.0,G: 2015-present (5/69+1/26),2,212,39,2,3,0.0
2018-02-28,12,30,59,65,69,16,5.0,G: 2015-present (5/69+1/26),3,235,57,0,4,0.0
2018-03-03,13,17,25,36,40,5,2.0,G: 2015-present (5/69+1/26),3,131,27,0,3,0.0
2018-03-07,6,13,19,36,51,18,2.0,G: 2015-present (5/69+1/26),3,125,45,0,4,2.0
2018-03-10,43,44,54,61,69,22,3.0,G: 2015-present (5/69+1/26),3,271,26,1,3,0.0
2018-03-14,6,12,24,41,68,9,3.0,G: 2015-present (5/69+1/26),1,151,62,0,5,0.0
2018-03-17,22,57,59,60,66,7,2.0,G: 2015-present (5/69+1/26),2,264,44,1,3,0.0
2018-03-21,3,4,18,29,61,25,2.0,G: 2015-present (5/69+1/26),3,115,58,1,4,0.0
2018-03-24,10,33,45,53,56,24,3.0,G: 2015-present (5/69+1/26),3,197,46,0,4,0.0
2018-03-28,6,8,26,52,53,21,2.0,G: 2015-present (5/69+1/26),1,145,47,1,3,1.0
2018-03-31,8,24,52,55,61,21,3.0,G: 2015-present (5/69+1/26),2,200,53,0,4,2.0
2018-04-04,8,24,42,54,64,24,4.0,G: 2015-present (5/69+1/26),0,192,56,0,5,2.0
2018-04-07,2,17,20,38,39,20,2.0,G: 2015-present (5/69+1/26),2,116,37,1,3,0.0
2018-04-11,16,18,27,55,67,18,3.0,G: 2015-present (5/69+1/26),3,183,51,0,4,0.0
2018-04-14,17,19,26,61,62,15,2.0,G: 2015-present (5/69+1/26),3,185,45,1,3,0.0
2018-04-18,9,10,12,17,23,9,2.0,G: 2015-present (5/69+1/26),3,71,14,1,3,1.0
2018-04-21,40,50,54,62,69,19,2.0,G: 2015-present (5/69+1/26),1,275,29,0,4,0.0
2018-04-25,17,18,39,56,64,12,3.0,G: 2015-present (5/69+1/26),2,194,47,1,4,0.0
2018-04-28,20,22,28,45,50,8,5.0,G: 2015-present (5/69+1/26),1,165,30,0,3,0.0
2018-05-02,5,14,31,40,50,6,2.0,G: 2015-present (5/69+1/26),2,140,45,0,4,1.0
2018-05-05,14,29,36,57,61,17,4.0,G: 2015-present (5/69+1/26),3,197,47,0,5,1.0
2018-05-09,11,16,38,50,69,19,2.0,G: 2015-present (5/69+1/26),2,184,58,0,4,0.0
2018-05-12,22,42,45,55,56,14,3.0,G: 2015-present (5/69+1/26),2,220,34,1,3,0.0
2018-05-16,17,19,21,22,51,19,2.0,G: 2015-present (5/69+1/26),4,130,34,1,3,1.0
2018-05-19,3,6,9,17,56,25,3.0,G: 2015-present (5/69+1/26),3,91,53,0,3,1.0
2018-05-23,20,54,56,61,64,7,4.0,G: 2015-present (5/69+1/26),1,255,44,0,3,1.0
2018-05-26,1,21,31,45,49,21,2.0,G: 2015-present (5/69+1/26),5,147,48,0,4,0.0
2018-05-30,17,23,26,46,68,20,2.0,G: 2015-present (5/69+1/26),2,180,51,0,4,0.0
2018-06-02,23,25,37,44,64,7,4.0,G: 2015-present (5/69+1/26),3,193,41,0,4,1.0
2018-06-06,23,28,41,53,56,14,3.0,G: 2015-present (5/69+1/26),3,201,33,0,3,1.0
2018-06-09,6,10,15,25,36,14,3.0,G: 2015-present (5/69+1/26),2,92,30,0,4,0.0
2018-06-13,13,20,38,45,55,1,2.0,G: 2015-present (5/69+1/26),3,171,42,0,4,0.0
2018-06-16,9,45,57,58,65,9,2.0,G: 2015-present (5/69+1/26),4,234,56,1,4,1.0
2018-06-20,4,14,23,27,56,13,2.0,G: 2015-present (5/69+1/26),2,124,52,0,4,0.0
2018-06-23,16,29,43,45,56,25,2.0,G: 2015-present (5/69+1/26),3,189,40,0,4,1.0
2018-06-27,7,28,37,62,63,15,2.0,G: 2015-present (5/69+1/26),3,197,56,1,4,0.0
2018-06-30,3,9,20,42,61,24,2.0,G: 2015-present (5/69+1/26),3,135,58,0,4,0.0
2018-07-04,4,7,15,41,44,10,2.0,G: 2015-present (5/69+1/26),3,111,40,0,3,0.0
2018-07-07,1,10,43,45,64,22,3.0,G: 2015-present (5/69+1/26),3,163,63,0,3,0.0
2018-07-11,19,21,27,46,47,7,4.0,G: 2015-present (5/69+1/26),4,160,28,1,3,0.0
2018-07-14,22,41,42,49,67,11,3.0,G: 2015-present (5/69+1/26),3,221,45,1,3,0.0
2018-07-18,1,10,27,28,36,12,2.0,G: 2015-present (5/69+1/26),2,102,35,1,3,0.0
2018-07-21,9,23,56,58,68,1,2.0,G: 2015-present (5/69+1/26),2,214,59,0,4,0.0
2018-07-25,2,18,41,44,64,26,2.0,G: 2015-present (5/69+1/26),1,169,62,0,4,0.0
2018-07-28,22,27,46,56,65,13,2.0,G: 2015-present (5/69+1/26),2,216,43,0,4,0.0
2018-08-01,5,22,32,38,58,26,2.0,G: 2015-present (5/69+1/26),1,155,53,0,4,1.0
2018-08-04,3,11,38,44,58,2,4.0,G: 2015-present (5/69+1/26),2,154,55,0,5,2.0
2018-08-08,10,21,30,43,63,17,2.0,G: 2015-present (5/69+1/26),3,167,53,0,4,0.0
2018-08-11,5,43,56,62,68,24,2.0,G: 2015-present (5/69+1/26),2,234,63,0,4,1.0
2018-08-15,12,15,28,47,48,16,2.0,G: 2015-present (5/69+1/26),2,150,36,1,3,0.0
2018-08-18,24,34,52,61,67,16,3.0,G: 2015-present (5/69+1/26),2,238,43,0,4,0.0
2018-08-22,1,7,45,47,69,13,2.0,G: 2015-present (5/69+1/26),5,169,68,0,3,0.0
2018-08-25,20,25,54,57,63,8,2.0,G: 2015-present (5/69+1/26),3,219,43,0,4,0.0
2018-08-29,25,41,53,57,67,12,2.0,G: 2015-present (5/69+1/26),5,243,42,0,4,2.0
2018-09-01,11,54,55,61,66,9,3.0,G: 2015-present (5/69+1/26),3,247,55,1,3,0.0
2018-09-05,6,15,50,59,60,13,2.0,G: 2015-present (5/69+1/26),2,190,54,1,4,0.0
2018-09-08,3,13,20,32,33,21,3.0,G: 2015-present (5/69+1/26),3,101,30,1,3,0.0
2018-09-12,6,28,48,63,64,24,2.0,G: 2015-present (5/69+1/26),1,209,58,1,4,0.0
2018-09-15,2,18,19,24,34,3,3.0,G: 2015-present (5/69+1/26),1,97,32,1,4,0.0
2018-09-19,4,39,48,50,51,11,3.0,G: 2015-present (5/69+1/26),2,192,47,1,4,0.0
2018-09-22,24,61,63,64,69,18,5.0,G: 2015-present (5/69+1/26),3,281,45,1,2,0.0
2018-09-26,1,2,7,30,50,8,5.0,G: 2015-present (5/69+1/26),2,90,49,1,3,0.0
2018-09-29,9,17,34,59,64,22,2.0,G: 2015-present (5/69+1/26),3,183,55,0,5,0.0
2018-10-03,41,53,59,63,66,3,3.0,G: 2015-present (5/69+1/26),4,282,25,0,3,1.0
2018-10-06,1,22,27,53,67,15,3.0,G: 2015-present (5/69+1/26),4,170,66,0,4,1.0
2018-10-10,8,23,27,42,60,7,3.0,G: 2015-present (5/69+1/26),2,160,52,0,4,1.0
2018-10-13,11,14,32,43,65,15,3.0,G: 2015-present (5/69+1/26),3,165,54,0,4,0.0
2018-10-17,3,57,64,68,69,15,3.0,G: 2015-present (5/69+1/26),3,261,66,1,3,0.0
2018-10-20,16,54,57,62,69,23,2.0,G: 2015-present (5/69+1/26),2,258,53,0,3,2.0
2018-10-24,3,21,45,53,56,22,2.0,G: 2015-present (5/69+1/26),4,178,53,0,4,0.0
2018-10-27,8,12,13,19,27,4,3.0,G: 2015-present (5/69+1/26),3,79,19,1,3,0.0
2018-10-31,7,25,39,40,47,20,3.0,G: 2015-present (5/69+1/26),4,158,40,1,4,0.0
2018-11-03,15,21,24,32,65,11,3.0,G: 2015-present (5/69+1/26),3,157,50,0,4,0.0
2018-11-07,26,28,34,42,50,25,2.0,G: 2015-present (5/69+1/26),0,180,24,0,3,0.0
2018-11-10,5,29,34,53,57,24,2.0,G: 2015-present (5/69+1/26),4,178,52,0,4,1.0
2018-11-14,7,42,49,62,69,23,5.0,G: 2015-present (5/69+1/26),3,229,62,0,3,0.0
2018-11-17,6,8,20,52,68,5,2.0,G: 2015-present (5/69+1/26),0,154,62,0,4,0.0
2018-11-21,7,14,23,38,55,18,2.0,G: 2015-present (5/69+1/26),3,137,48,0,5,0.0
2018-11-24,11,33,51,56,58,18,2.0,G: 2015-present (5/69+1/26),3,209,47,0,3,0.0
2018-11-28,4,19,59,68,69,21,2.0,G: 2015-present (5/69+1/26),3,219,65,1,4,0.0
2018-12-01,10,11,47,55,58,26,2.0,G: 2015-present (5/69+1/26),3,181,48,1,4,0.0
2018-12-05,9,11,36,37,38,11,5.0,G: 2015-present (5/69+1/26),3,131,29,2,3,1.0
2018-12-08,14,32,34,46,61,10,2.0,G: 2015-present (5/69+1/26),1,187,47,0,4,0.0
2018-12-12,4,9,21,29,64,26,2.0,G: 2015-present (5/69+1/26),3,127,60,0,3,0.0
2018-12-15,8,38,43,52,55,17,3.0,G: 2015-present (5/69+1/26),2,196,47,0,4,0.0
2018-12-19,15,29,31,37,43,16,2.0,G: 2015-present (5/69+1/26),5,155,28,0,4,1.0
2018-12-22,21,28,30,40,59,26,3.0,G: 2015-present (5/69+1/26),2,178,38,0,3,0.0
2018-12-26,5,25,38,52,67,24,2.0,G: 2015-present (5/69+1/26),3,187,62,0,5,0.0
2018-12-29,12,42,51,53,62,25,2.0,G: 2015-present (5/69+1/26),2,220,50,0,4,0.0
2019-01-02,8,12,42,46,56,12,2.0,G: 2015-present (5/69+1/26),0,164,48,0,4,2.0
2019-01-05,3,7,15,27,69,19,2.0,G: 2015-present (5/69+1/26),5,121,66,0,4,0.0
2019-01-09,6,19,37,49,59,22,3.0,G: 2015-present (5/69+1/26),4,170,53,0,5,0.0
2019-01-12,7,36,48,57,58,24,2.0,G: 2015-present (5/69+1/26),2,206,51,1,4,0.0
2019-01-16,14,29,31,56,61,1,2.0,G: 2015-present (5/69+1/26),3,191,47,0,5,0.0
2019-01-19,5,8,41,65,66,20,3.0,G: 2015-present (5/69+1/26),3,185,61,1,3,0.0
2019-01-23,23,25,47,48,50,24,3.0,G: 2015-present (5/69+1/26),3,193,27,1,2,0.0
2019-01-26,8,12,20,21,32,10,4.0,G: 2015-present (5/69+1/26),1,93,24,1,4,0.0
2019-01-30,2,12,16,29,54,6,2.0,G: 2015-present (5/69+1/26),1,113,52,0,4,1.0
2019-02-02,10,17,18,43,65,13,5.0,G: 2015-present (5/69+1/26),3,153,55,1,4,0.0
2019-02-06,5,13,28,38,63,21,5.0,G: 2015-present (5/69+1/26),3,147,58,0,5,0.0
2019-02-09,1,2,3,7,39,25,3.0,G: 2015-present (5/69+1/26),4,52,38,2,2,0.0
2019-02-13,2,8,14,24,69,26,2.0,G: 2015-present (5/69+1/26),1,117,67,0,4,1.0
2019-02-16,29,30,41,48,64,1,4.0,G: 2015-present (5/69+1/26),2,212,35,1,3,0.0
2019-02-20,27,49,50,51,52,2,2.0,G: 2015-present (5/69+1/26),3,229,25,3,3,0.0
2019-02-23,4,6,14,20,32,13,2.0,G: 2015-present (5/69+1/26),0,76,28,0,3,0.0
2019-02-27,21,31,42,49,59,23,5.0,G: 2015-present (5/69+1/26),4,202,38,0,4,0.0
2019-03-02,1,19,25,27,68,21,2.0,G: 2015-present (5/69+1/26),4,140,67,0,4,0.0
2019-03-06,6,10,21,35,46,23,2.0,G: 2015-present (5/69+1/26),2,118,40,0,4,0.0
2019-03-09,5,6,45,55,59,14,3.0,G: 2015-present (5/69+1/26),4,170,54,1,3,1.0
2019-03-13,18,36,45,47,69,14,3.0,G: 2015-present (5/69+1/26),3,215,51,0,4,1.0
2019-03-16,30,34,39,53,67,11,2.0,G: 2015-present (5/69+1/26),3,223,37,0,4,0.0
2019-03-20,10,14,50,53,63,21,2.0,G: 2015-present (5/69+1/26),2,190,53,0,5,1.0
2019-03-23,24,25,52,60,66,5,3.0,G: 2015-present (5/69+1/26),1,227,42,1,3,0.0
2019-03-27,16,20,37,44,62,12,3.0,G: 2015-present (5/69+1/26),1,179,46,0,4,0.0
2019-03-30,21,52,54,64,68,4,3.0,G: 2015-present (5/69+1/26),1,259,47,0,3,0.0
2019-04-03,16,19,25,32,49,18,2.0,G: 2015-present (5/69+1/26),3,141,33,0,4,0.0
2019-04-06,15,33,43,59,60,8,3.0,G: 2015-present (5/69+1/26),4,210,45,1,4,0.0
2019-04-10,12,21,23,39,67,6,4.0,G: 2015-present (5/69+1/26),4,162,55,0,4,0.0
2019-04-13,4,17,26,32,49,10,2.0,G: 2015-present (5/69+1/26),2,128,45,0,5,0.0
2019-04-17,1,15,17,46,66,15,3.0,G: 2015-present (5/69+1/26),3,145,65,0,4,1.0
2019-04-20,3,27,30,63,65,1,3.0,G: 2015-present (5/69+1/26),4,188,62,0,3,0.0
2019-04-24,6,32,35,36,65,4,5.0,G: 2015-present (5/69+1/26),2,174,59,1,3,1.0
2019-04-27,2,29,41,45,62,6,3.0,G: 2015-present (5/69+1/26),3,179,60,0,4,0.0
2019-05-01,5,23,28,56,66,17,5.0,G: 2015-present (5/69+1/26),2,178,61,0,4,0.0
2019-05-04,6,16,23,30,61,2,2.0,G: 2015-present (5/69+1/26),2,136,55,0,4,1.0
2019-05-08,1,45,53,64,66,3,3.0,G: 2015-present (5/69+1/26),3,229,65,0,4,0.0
2019-05-11,6,8,9,37,40,26,2.0,G: 2015-present (5/69+1/26),2,100,34,1,2,0.0
2019-05-15,7,17,33,61,68,4,2.0,G: 2015-present (5/69+1/26),4,186,61,0,4,0.0
2019-05-18,2,10,25,66,67,26,4.0,G: 2015-present (5/69+1/26),2,170,65,1,3,0.0
2019-05-22,7,10,20,44,57,3,2.0,G: 2015-present (5/69+1/26),2,138,50,0,4,1.0
2019-05-25,1,2,39,43,66,2,3.0,G: 2015-present (5/69+1/26),3,151,65,1,4,0.0
2019-05-29,3,32,34,42,61,7,2.0,G: 2015-present (5/69+1/26),2,172,58,0,4,0.0
2019-06-01,6,15,34,45,52,8,2.0,G: 2015-present (5/69+1/26),2,152,46,0,5,1.0
2019-06-05,17,23,28,34,38,8,3.0,G: 2015-present (5/69+1/26),2,140,21,0,3,1.0
2019-06-08,9,13,42,48,60,18,2.0,G: 2015-present (5/69+1/26),2,172,51,0,4,0.0
2019-06-12,5,35,38,42,57,13,2.0,G: 2015-present (5/69+1/26),3,177,52,0,4,1.0
2019-06-15,8,11,14,16,49,14,3.0,G: 2015-present (5/69+1/26),2,98,41,0,3,0.0
2019-06-19,4,18,21,26,38,1,3.0,G: 2015-present (5/69+1/26),1,107,34,0,4,0.0
2019-06-22,3,6,11,14,66,21,2.0,G: 2015-present (5/69+1/26),2,100,63,0,3,0.0
2019-06-26,1,5,16,22,54,24,3.0,G: 2015-present (5/69+1/26),2,98,53,0,4,0.0
2019-06-29,13,17,24,59,62,8,2.0,G: 2015-present (5/69+1/26),3,175,49,0,4,0.0
2019-07-03,40,43,45,50,61,25,3.0,G: 2015-present (5/69+1/26),3,239,21,0,3,0.0
2019-07-06,4,8,23,46,65,1,2.0,G: 2015-present (5/69+1/26),2,146,61,0,4,0.0
2019-07-10,7,9,26,44,68,3,3.0,G: 2015-present (5/69+1/26),2,154,61,0,4,0.0
2019-07-13,13,23,32,35,68,21,3.0,G: 2015-present (5/69+1/26),3,171,55,0,4,1.0
2019-07-17,19,43,47,60,68,10,2.0,G: 2015-present (5/69+1/26),3,237,49,0,4,1.0
2019-07-20,5,26,36,64,69,19,3.0,G: 2015-present (5/69+1/26),2,200,64,0,4,0.0
2019-07-24,22,29,35,53,56,13,2.0,G: 2015-present (5/69+1/26),3,195,34,0,3,0.0
2019-07-27,1,19,31,48,61,6,2.0,G: 2015-present (5/69+1/26),4,160,60,0,5,0.0
2019-07-31,14,37,47,55,67,6,2.0,G: 2015-present (5/69+1/26),4,220,53,0,5,0.0
2019-08-03,3,6,45,66,68,13,2.0,G: 2015-present (5/69+1/26),2,188,65,0,3,0.0
2019-08-07,8,32,47,53,59,3,3.0,G: 2015-present (5/69+1/26),3,199,51,0,4,0.0
2019-08-10,35,41,44,58,59,3,3.0,G: 2015-present (5/69+1/26),3,237,24,1,3,1.0
2019-08-14,10,13,30,51,69,10,2.0,G: 2015-present (5/69+1/26),3,173,59,0,5,0.0
2019-08-17,18,21,24,30,60,20,3.0,G: 2015-present (5/69+1/26),1,153,42,0,3,1.0
2019-08-21,12,21,22,29,32,21,2.0,G: 2015-present (5/69+1/26),2,116,20,1,3,1.0
2019-08-24,5,12,20,21,47,1,2.0,G: 2015-present (5/69+1/26),3,105,42,1,4,2.0
2019-08-28,9,32,37,41,56,14,10.0,G: 2015-present (5/69+1/26),3,175,47,0,4,0.0
2019-08-31,14,41,50,56,57,18,5.0,G: 2015-present (5/69+1/26),2,218,43,1,3,2.0
2019-09-04,4,8,30,52,59,2,10.0,G: 2015-present (5/69+1/26),1,153,55,0,3,0.0
2019-09-07,11,20,41,42,56,6,2.0,G: 2015-present (5/69+1/26),2,170,45,1,3,0.0
2019-09-11,6,17,24,53,57,3,3.0,G: 2015-present (5/69+1/26),3,157,51,0,4,0.0
2019-09-14,11,27,31,36,67,11,2.0,G: 2015-present (5/69+1/26),4,172,56,0,4,0.0
2019-09-18,14,19,39,47,51,15,3.0,G: 2015-present (5/69+1/26),4,170,37,0,4,0.0
2019-09-21,1,9,22,36,68,22,2.0,G: 2015-present (5/69+1/26),2,136,67,0,4,0.0
2019-09-25,37,43,44,45,53,25,3.0,G: 2015-present (5/69+1/26),4,222,16,2,3,0.0
2019-09-28,15,23,34,51,55,4,2.0,G: 2015-present (5/69+1/26),4,178,40,0,4,0.0
2019-10-02,4,8,10,43,53,7,2.0,G: 2015-present (5/69+1/26),2,118,49,0,3,0.0
2019-10-05,6,14,36,51,54,4,2.0,G: 2015-present (5/69+1/26),1,161,48,0,4,0.0
2019-10-09,5,18,33,43,65,2,2.0,G: 2015-present (5/69+1/26),4,164,60,0,5,0.0
2019-10-12,12,29,34,53,65,23,2.0,G: 2015-present (5/69+1/26),3,193,53,0,5,1.0
2019-10-16,1,5,25,63,67,3,2.0,G: 2015-present (5/69+1/26),5,161,66,0,3,0.0
2019-10-19,14,27,29,59,65,12,2.0,G: 2015-present (5/69+1/26),4,194,51,0,4,0.0
2019-10-23,5,12,50,61,69,23,2.0,G: 2015-present (5/69+1/26),3,197,64,0,4,0.0
2019-10-26,3,20,48,54,59,4,4.0,G: 2015-present (5/69+1/26),2,184,56,0,4,0.0
2019-10-30,19,22,52,56,67,21,2.0,G: 2015-present (5/69+1/26),2,216,48,0,4,0.0
2019-11-02,3,23,32,37,58,22,2.0,G: 2015-present (5/69+1/26),3,153,55,0,4,0.0
2019-11-06,15,28,46,62,64,17,3.0,G: 2015-present (5/69+1/26),1,215,49,0,4,0.0
2019-11-09,14,17,35,38,60,25,2.0,G: 2015-present (5/69+1/26),2,164,46,0,3,0.0
2019-11-13,23,26,27,28,66,11,2.0,G: 2015-present (5/69+1/26),2,170,43,2,2,0.0
2019-11-16,14,22,26,55,63,26,3.0,G: 2015-present (5/69+1/26),2,180,49,0,4,1.0
2019-11-20,7,15,39,40,57,12,2.0,G: 2015-present (5/69+1/26),4,158,50,1,4,0.0
2019-11-23,28,35,38,61,66,23,3.0,G: 2015-present (5/69+1/26),2,228,38,0,3,0.0
2019-11-27,15,26,37,53,55,21,2.0,G: 2015-present (5/69+1/26),4,186,40,0,4,0.0
2019-11-30,15,35,42,63,68,18,4.0,G: 2015-present (5/69+1/26),3,223,53,0,4,1.0
2019-12-04,8,27,44,51,61,14,3.0,G: 2015-present (5/69+1/26),3,191,53,0,5,0.0
2019-12-07,18,42,53,62,66,25,3.0,G: 2015-present (5/69+1/26),1,241,48,0,4,0.0
2019-12-11,24,29,42,44,63,10,4.0,G: 2015-present (5/69+1/26),2,202,39,0,3,1.0
2019-12-14,3,6,12,32,64,19,3.0,G: 2015-present (5/69+1/26),1,117,61,0,4,0.0
2019-12-18,14,18,26,39,68,9,2.0,G: 2015-present (5/69+1/26),1,165,54,0,4,0.0
2019-12-21,19,31,35,50,67,14,2.0,G: 2015-present (5/69+1/26),4,202,48,0,4,0.0
2019-12-25,2,4,16,30,46,20,2.0,G: 2015-present (5/69+1/26),0,98,44,0,4,0.0
2019-12-28,20,23,39,59,60,18,2.0,G: 2015-present (5/69+1/26),3,201,40,1,4,0.0
2020-01-01,49,53,57,59,62,26,2.0,G: 2015-present (5/69+1/26),4,280,13,0,3,1.0
2020-01-04,1,11,21,25,54,7,2.0,G: 2015-present (5/69+1/26),4,112,53,0,4,0.0
2020-01-08,2,4,7,43,56,22,4.0,G: 2015-present (5/69+1/26),2,112,54,0,3,0.0
2020-01-11,3,21,23,31,59,3,2.0,G: 2015-present (5/69+1/26),5,137,56,0,4,0.0
2020-01-15,39,41,53,55,68,19,2.0,G: 2015-present (5/69+1/26),4,256,29,0,4,0.0
2020-01-18,20,24,38,56,68,18,2.0,G: 2015-present (5/69+1/26),0,206,48,0,5,1.0
2020-01-22,11,33,44,59,67,8,3.0,G: 2015-present (5/69+1/26),4,214,56,0,5,0.0
2020-01-25,2,9,17,36,67,18,2.0,G: 2015-present (5/69+1/26),3,131,65,0,4,1.0
2020-01-29,9,12,15,31,60,2,2.0,G: 2015-present (5/69+1/26),3,127,51,0,4,1.0
2020-02-01,12,33,54,57,60,13,4.0,G: 2015-present (5/69+1/26),2,216,48,0,3,2.0
2020-02-05,23,30,35,41,57,2,3.0,G: 2015-present (5/69+1/26),4,186,34,0,4,1.0
2020-02-08,35,49,50,59,66,6,2.0,G: 2015-present (5/69+1/26),3,259,31,1,4,1.0
2020-02-12,14,47,54,55,68,25,2.0,G: 2015-present (5/69+1/26),2,238,54,1,4,0.0
2020-02-15,16,32,35,36,46,3,3.0,G: 2015-present (5/69+1/26),1,165,30,1,3,0.0
2020-02-19,10,12,15,19,56,19,2.0,G: 2015-present (5/69+1/26),2,112,46,0,3,0.0
2020-02-22,25,37,39,61,62,11,3.0,G: 2015-present (5/69+1/26),4,224,37,1,3,0.0
2020-02-26,8,27,29,36,47,24,3.0,G: 2015-present (5/69+1/26),3,147,39,0,4,0.0
2020-02-29,24,44,46,50,51,13,3.0,G: 2015-present (5/69+1/26),1,215,27,1,3,0.0
2020-03-04,18,43,58,60,68,14,2.0,G: 2015-present (5/69+1/26),1,247,50,0,4,0.0
2020-03-07,7,15,21,33,62,23,2.0,G: 2015-present (5/69+1/26),4,138,55,0,5,0.0
2020-03-11,4,29,49,50,67,2,4.0,G: 2015-present (5/69+1/26),3,199,63,1,4,0.0
2020-03-14,9,23,26,30,32,8,3.0,G: 2015-present (5/69+1/26),2,120,23,0,3,0.0
2020-03-18,15,27,44,59,63,8,4.0,G: 2015-present (5/69+1/26),4,208,48,0,5,0.0
2020-03-21,2,23,40,59,69,13,2.0,G: 2015-present (5/69+1/26),3,193,67,0,5,1.0
2020-03-25,5,9,27,39,42,16,2.0,G: 2015-present (5/69+1/26),4,122,37,0,4,0.0
2020-03-28,7,40,48,55,66,11,2.0,G: 2015-present (5/69+1/26),2,216,59,0,5,0.0
2020-04-01,33,35,45,48,60,16,2.0,G: 2015-present (5/69+1/26),3,221,27,0,3,1.0
2020-04-04,8,31,39,40,43,4,3.0,G: 2015-present (5/69+1/26),3,161,35,1,3,0.0
2020-04-08,2,37,39,48,54,5,3.0,G: 2015-present (5/69+1/26),2,180,52,0,4,1.0
2020-04-11,22,29,30,42,47,17,3.0,G: 2015-present (5/69+1/26),2,170,25,1,2,0.0
2020-04-15,10,12,33,36,41,2,3.0,G: 2015-present (5/69+1/26),2,132,31,0,4,0.0
2020-04-18,4,44,46,56,63,19,2.0,G: 2015-present (5/69+1/26),1,213,59,0,4,0.0
2020-04-22,1,33,35,40,69,24,5.0,G: 2015-present (5/69+1/26),4,178,68,0,3,0.0
2020-04-25,1,3,21,47,57,18,2.0,G: 2015-present (5/69+1/26),5,129,56,0,4,1.0
2020-04-29,2,20,49,61,67,20,2.0,G: 2015-present (5/69+1/26),3,199,65,0,4,0.0
2020-05-02,13,16,33,58,68,24,5.0,G: 2015-present (5/69+1/26),2,188,55,0,4,0.0
2020-05-06,7,8,35,50,65,20,4.0,G: 2015-present (5/69+1/26),3,165,58,1,4,0.0
2020-05-09,12,18,42,48,65,19,5.0,G: 2015-present (5/69+1/26),1,185,53,0,3,1.0
2020-05-13,39,53,54,56,57,20,3.0,G: 2015-present (5/69+1/26),3,259,18,2,2,0.0
2020-05-16,8,12,26,39,42,11,2.0,G: 2015-present (5/69+1/26),1,127,34,0,5,1.0
2020-05-20,18,34,40,42,50,9,2.0,G: 2015-present (5/69+1/26),0,184,32,0,3,1.0
2020-05-23,2,8,18,21,23,16,4.0,G: 2015-present (5/69+1/26),2,72,21,0,3,1.0
2020-05-27,38,58,59,64,68,21,3.0,G: 2015-present (5/69+1/26),1,287,30,1,3,0.0
2020-05-30,13,32,41,58,60,14,2.0,G: 2015-present (5/69+1/26),2,204,47,0,4,1.0
2020-06-03,1,3,26,41,64,17,2.0,G: 2015-present (5/69+1/26),3,135,63,0,4,1.0
2020-06-06,1,17,38,68,69,18,2.0,G: 2015-present (5/69+1/26),3,193,68,1,4,1.0
2020-06-10,10,33,41,52,54,18,5.0,G: 2015-present (5/69+1/26),2,190,44,0,4,0.0
2020-06-13,2,12,32,50,65,5,3.0,G: 2015-present (5/69+1/26),1,161,63,0,5,0.0
2020-06-17,7,10,63,64,68,10,3.0,G: 2015-present (5/69+1/26),2,212,61,1,2,0.0
2020-06-20,10,31,41,63,67,5,3.0,G: 2015-present (5/69+1/26),4,212,57,0,4,2.0
2020-06-24,15,22,27,33,46,23,3.0,G: 2015-present (5/69+1/26),3,143,31,0,4,0.0
2020-06-27,9,36,49,56,62,8,2.0,G: 2015-present (5/69+1/26),2,212,53,0,5,0.0
2020-07-01,15,28,52,53,63,18,4.0,G: 2015-present (5/69+1/26),3,211,48,1,4,0.0
2020-07-04,16,21,27,60,61,6,2.0,G: 2015-present (5/69+1/26),3,185,45,1,4,0.0
2020-07-08,3,10,34,36,62,5,10.0,G: 2015-present (5/69+1/26),1,145,59,0,3,0.0
2020-07-11,14,19,61,62,64,4,2.0,G: 2015-present (5/69+1/26),2,220,50,1,2,1.0
2020-07-15,27,47,61,62,69,4,10.0,G: 2015-present (5/69+1/26),4,266,42,1,3,2.0
2020-07-18,13,16,32,58,59,9,2.0,G: 2015-present (5/69+1/26),2,178,46,1,3,0.0
2020-07-22,16,25,36,44,55,14,3.0,G: 2015-present (5/69+1/26),2,176,39,0,5,1.0
2020-07-25,5,21,36,61,62,18,2.0,G: 2015-present (5/69+1/26),3,185,57,1,4,1.0
2020-07-29,7,29,35,40,45,26,2.0,G: 2015-present (5/69+1/26),4,156,38,0,4,0.0
2020-08-01,6,25,36,43,48,24,3.0,G: 2015-present (5/69+1/26),2,158,42,0,4,0.0
2020-08-05,7,14,17,57,65,24,5.0,G: 2015-present (5/69+1/26),4,160,58,0,4,0.0
2020-08-08,2,3,14,40,51,24,3.0,G: 2015-present (5/69+1/26),2,110,49,1,4,1.0
2020-08-12,2,6,18,36,37,21,2.0,G: 2015-present (5/69+1/26),1,99,35,1,3,1.0
2020-08-15,5,12,34,45,56,3,3.0,G: 2015-present (5/69+1/26),2,152,51,0,5,0.0
2020-08-19,13,23,47,55,58,23,10.0,G: 2015-present (5/69+1/26),4,196,45,0,4,0.0
2020-08-22,19,30,36,42,66,14,3.0,G: 2015-present (5/69+1/26),1,193,47,0,5,0.0
2020-08-26,8,12,19,47,58,2,2.0,G: 2015-present (5/69+1/26),2,144,50,0,4,1.0
2020-08-29,5,21,22,29,43,10,2.0,G: 2015-present (5/69+1/26),4,120,38,1,3,0.0
2020-09-02,1,4,11,20,69,18,2.0,G: 2015-present (5/69+1/26),3,105,68,0,3,0.0
2020-09-05,15,21,22,27,47,7,2.0,G: 2015-present (5/69+1/26),4,132,32,1,3,0.0
2020-09-09,27,52,55,60,64,21,3.0,G: 2015-present (5/69+1/26),2,258,37,0,3,1.0
2020-09-12,16,17,20,53,67,4,2.0,G: 2015-present (5/69+1/26),3,173,51,1,3,0.0
2020-09-16,10,17,31,51,53,1,2.0,G: 2015-present (5/69+1/26),4,162,43,0,4,2.0
2020-09-19,11,14,23,47,57,14,4.0,G: 2015-present (5/69+1/26),4,152,46,0,4,0.0
2020-09-23,8,17,49,52,59,1,2.0,G: 2015-present (5/69+1/26),3,185,51,0,4,0.0
2020-09-26,11,21,27,36,62,24,3.0,G: 2015-present (5/69+1/26),3,157,51,0,4,0.0
2020-09-30,14,18,36,49,67,18,2.0,G: 2015-present (5/69+1/26),2,184,53,0,4,1.0
2020-10-03,18,31,36,43,47,20,2.0,G: 2015-present (5/69+1/26),3,175,29,0,3,2.0
2020-10-07,6,24,30,53,56,19,2.0,G: 2015-present (5/69+1/26),1,169,50,0,3,0.0
2020-10-10,5,18,23,40,50,18,3.0,G: 2015-present (5/69+1/26),2,136,45,0,5,0.0
2020-10-14,21,37,52,53,58,5,2.0,G: 2015-present (5/69+1/26),3,221,37,1,3,0.0
2020-10-17,6,10,31,37,44,23,2.0,G: 2015-present (5/69+1/26),2,128,38,0,3,1.0
2020-10-21,1,3,13,44,56,26,3.0,G: 2015-present (5/69+1/26),3,117,55,0,4,1.0
2020-10-24,18,20,27,45,65,6,2.0,G: 2015-present (5/69+1/26),3,175,47,0,4,0.0
2020-10-28,11,28,37,40,53,13,2.0,G: 2015-present (5/69+1/26),3,169,42,0,4,0.0
2020-10-31,2,6,40,42,55,24,3.0,G: 2015-present (5/69+1/26),1,145,53,0,4,1.0
2020-11-04,23,32,33,45,49,14,2.0,G: 2015-present (5/69+1/26),4,182,26,1,3,0.0
2020-11-07,14,16,37,48,58,18,2.0,G: 2015-present (5/69+1/26),1,173,44,0,4,0.0
2020-11-11,13,15,17,45,63,13,2.0,G: 2015-present (5/69+1/26),5,153,50,0,3,0.0
2020-11-14,7,15,18,32,45,20,2.0,G: 2015-present (5/69+1/26),3,117,38,0,4,2.0
2020-11-18,4,5,17,43,52,5,2.0,G: 2015-present (5/69+1/26),3,121,48,1,4,0.0
2020-11-21,51,54,57,60,69,11,2.0,G: 2015-present (5/69+1/26),3,291,18,0,2,0.0
2020-11-25,2,57,58,60,65,26,2.0,G: 2015-present (5/69+1/26),2,242,63,1,3,2.0
2020-11-28,8,12,18,44,51,18,2.0,G: 2015-present (5/69+1/26),1,133,43,0,4,0.0
2020-12-02,28,31,40,41,46,4,3.0,G: 2015-present (5/69+1/26),2,186,18,1,3,0.0
2020-12-05,3,4,6,48,53,10,2.0,G: 2015-present (5/69+1/26),2,114,50,1,3,0.0
2020-12-09,11,14,31,47,48,4,3.0,G: 2015-present (5/69+1/26),3,151,37,1,3,1.0
2020-12-12,17,54,56,63,69,20,2.0,G: 2015-present (5/69+1/26),3,259,52,0,3,0.0
2020-12-16,4,23,37,61,67,7,2.0,G: 2015-present (5/69+1/26),4,192,63,0,4,0.0
2020-12-19,27,32,34,43,52,13,2.0,G: 2015-present (5/69+1/26),2,188,25,0,4,0.0
2020-12-23,6,13,38,39,53,6,3.0,G: 2015-present (5/69+1/26),3,149,47,1,4,0.0
2020-12-26,10,24,27,35,53,18,2.0,G: 2015-present (5/69+1/26),3,149,43,0,4,1.0
2020-12-30,3,43,45,61,65,14,2.0,G: 2015-present (5/69+1/26),5,217,62,0,3,0.0
2021-01-02,3,4,11,41,67,5,2.0,G: 2015-present (5/69+1/26),4,126,64,1,4,1.0
2021-01-06,1,20,22,60,66,3,3.0,G: 2015-present (5/69+1/26),1,169,65,0,5,0.0
2021-01-09,14,26,38,45,46,13,2.0,G: 2015-present (5/69+1/26),1,169,32,1,4,0.0
2021-01-13,4,19,23,25,49,14,2.0,G: 2015-present (5/69+1/26),4,120,45,0,4,0.0
2021-01-16,14,20,39,65,67,2,3.0,G: 2015-present (5/69+1/26),3,205,53,0,3,0.0
2021-01-20,40,53,60,68,69,22,3.0,G: 2015-present (5/69+1/26),2,290,29,1,3,0.0
2021-01-23,5,8,17,27,28,14,3.0,G: 2015-present (5/69+1/26),3,85,23,1,3,0.0
2021-01-27,17,33,35,42,52,9,3.0,G: 2015-present (5/69+1/26),3,179,35,0,4,1.0
2021-01-30,1,2,7,52,61,4,3.0,G: 2015-present (5/69+1/26),3,123,60,1,3,1.0
2021-02-03,5,37,40,64,66,5,3.0,G: 2015-present (5/69+1/26),2,212,61,0,3,0.0
2021-02-06,1,16,48,49,65,8,2.0,G: 2015-present (5/69+1/26),3,179,64,1,4,0.0
2021-02-10,15,39,58,63,67,7,2.0,G: 2015-present (5/69+1/26),4,242,52,0,4,0.0
2021-02-13,20,28,33,63,68,20,2.0,G: 2015-present (5/69+1/26),2,212,48,0,4,1.0
2021-02-17,1,15,21,32,46,1,3.0,G: 2015-present (5/69+1/26),3,115,45,0,5,0.0
2021-02-20,4,8,22,32,58,4,10.0,G: 2015-present (5/69+1/26),0,124,54,0,4,1.0
2021-02-24,4,33,43,53,65,21,3.0,G: 2015-present (5/69+1/26),4,198,61,0,5,1.0
2021-02-27,2,28,31,44,52,18,3.0,G: 2015-present (5/69+1/26),1,157,50,0,5,0.0
2021-03-03,21,40,44,50,55,16,3.0,G: 2015-present (5/69+1/26),2,210,34,0,4,1.0
2021-03-06,11,31,50,52,58,18,4.0,G: 2015-present (5/69+1/26),2,202,47,0,4,1.0
2021-03-10,17,18,37,44,53,18,3.0,G: 2015-present (5/69+1/26),3,169,36,1,4,0.0
2021-03-13,5,11,51,56,61,2,2.0,G: 2015-present (5/69+1/26),4,184,56,0,4,0.0
2021-03-17,34,38,42,61,62,19,2.0,G: 2015-present (5/69+1/26),1,237,28,1,3,1.0
2021-03-20,1,6,22,42,61,4,3.0,G: 2015-present (5/69+1/26),2,132,60,0,4,2.0
2021-03-24,4,9,17,27,38,18,2.0,G: 2015-present (5/69+1/26),3,95,34,0,4,0.0
2021-03-27,6,14,38,39,65,6,3.0,G: 2015-present (5/69+1/26),2,162,59,1,4,1.0
2021-03-31,3,10,44,55,68,24,2.0,G: 2015-present (5/69+1/26),2,180,65,0,4,0.0
2021-04-03,1,12,17,39,53,5,2.0,G: 2015-present (5/69+1/26),4,122,52,0,4,0.0
2021-04-07,27,35,39,51,66,16,5.0,G: 2015-present (5/69+1/26),4,218,39,0,4,1.0
2021-04-10,14,16,23,50,53,3,3.0,G: 2015-present (5/69+1/26),2,156,39,0,4,0.0
2021-04-14,13,30,33,45,61,14,2.0,G: 2015-present (5/69+1/26),4,182,48,0,5,0.0
2021-04-17,10,21,26,41,49,25,2.0,G: 2015-present (5/69+1/26),3,147,39,0,3,0.0
2021-04-21,21,25,32,63,67,6,2.0,G: 2015-present (5/69+1/26),4,208,46,0,3,1.0
2021-04-24,22,36,48,59,61,22,3.0,G: 2015-present (5/69+1/26),2,226,39,0,5,0.0
2021-04-28,16,18,35,39,53,21,3.0,G: 2015-present (5/69+1/26),3,161,37,0,3,0.0
2021-05-01,35,36,47,61,63,3,3.0,G: 2015-present (5/69+1/26),4,242,28,1,3,1.0
2021-05-05,16,23,28,40,63,1,2.0,G: 2015-present (5/69+1/26),2,170,47,0,4,1.0
2021-05-08,12,17,20,21,26,8,3.0,G: 2015-present (5/69+1/26),2,96,14,1,2,0.0
2021-05-12,1,19,20,38,54,17,2.0,G: 2015-present (5/69+1/26),2,132,53,1,4,1.0
2021-05-15,4,10,37,39,69,24,3.0,G: 2015-present (5/69+1/26),3,159,65,0,3,0.0
2021-05-19,11,13,55,56,69,4,2.0,G: 2015-present (5/69+1/26),4,204,58,1,3,1.0
2021-05-22,3,19,27,37,40,8,2.0,G: 2015-present (5/69+1/26),4,126,37,0,4,0.0
2021-05-26,2,8,21,34,62,16,2.0,G: 2015-present (5/69+1/26),1,127,60,0,4,0.0
2021-05-29,11,13,22,27,46,20,2.0,G: 2015-present (5/69+1/26),3,119,35,0,3,0.0
2021-06-02,6,7,11,66,67,19,3.0,G: 2015-present (5/69+1/26),3,157,61,2,3,1.0
2021-06-05,44,52,54,64,69,26,3.0,G: 2015-present (5/69+1/26),1,283,25,0,3,0.0
2021-06-09,19,28,46,50,54,9,2.0,G: 2015-present (5/69+1/26),1,197,35,0,4,1.0
2021-06-12,8,25,34,38,41,10,3.0,G: 2015-present (5/69+1/26),2,146,33,0,4,0.0
2021-06-16,19,29,34,44,50,25,2.0,G: 2015-present (5/69+1/26),2,176,31,0,4,1.0
2021-06-19,4,22,35,38,39,20,2.0,G: 2015-present (5/69+1/26),2,138,35,1,3,0.0
2021-06-23,13,20,40,51,63,1,3.0,G: 2015-present (5/69+1/26),3,187,50,0,4,0.0
2021-06-26,8,31,39,43,60,17,3.0,G: 2015-present (5/69+1/26),3,181,52,0,4,0.0
2021-06-30,24,29,50,65,66,14,4.0,G: 2015-present (5/69+1/26),2,234,42,1,3,0.0
2021-07-03,26,40,41,55,65,24,2.0,G: 2015-present (5/69+1/26),3,227,39,1,5,1.0
2021-07-07,8,21,30,49,57,8,2.0,G: 2015-present (5/69+1/26),3,165,49,0,4,0.0
2021-07-10,1,5,29,54,62,3,2.0,G: 2015-present (5/69+1/26),3,151,61,0,4,0.0
2021-07-14,33,46,52,59,62,10,2.0,G: 2015-present (5/69+1/26),2,252,29,0,4,1.0
2021-07-17,15,22,38,54,66,3,2.0,G: 2015-present (5/69+1/26),1,195,51,0,5,0.0
2021-07-21,27,28,44,67,68,11,2.0,G: 2015-present (5/69+1/26),2,234,41,2,3,0.0
2021-07-24,1,4,11,59,67,10,2.0,G: 2015-present (5/69+1/26),4,142,66,0,4,1.0
2021-07-28,25,30,53,59,60,5,3.0,G: 2015-present (5/69+1/26),3,227,35,1,2,1.0
2021-07-31,1,21,22,34,47,4,2.0,G: 2015-present (5/69+1/26),3,125,46,1,4,0.0
2021-08-04,5,21,32,36,58,14,2.0,G: 2015-present (5/69+1/26),2,152,53,0,4,1.0
2021-08-07,7,24,36,54,60,23,2.0,G: 2015-present (5/69+1/26),1,181,53,0,4,1.0
2021-08-11,12,18,20,29,30,16,3.0,G: 2015-present (5/69+1/26),1,109,18,1,2,0.0
2021-08-14,6,21,49,65,67,18,2.0,G: 2015-present (5/69+1/26),4,208,61,0,4,0.0
2021-08-18,35,36,51,55,61,26,2.0,G: 2015-present (5/69+1/26),4,238,26,1,3,0.0
2021-08-21,16,28,36,39,59,4,2.0,G: 2015-present (5/69+1/26),2,178,43,0,4,1.0
2021-08-23,17,36,47,60,61,15,3.0,G: 2015-present (5/69+1/26),3,221,44,1,5,1.0
2021-08-25,27,39,54,56,59,24,3.0,G: 2015-present (5/69+1/26),3,235,32,0,3,0.0
2021-08-28,12,22,26,46,59,26,2.0,G: 2015-present (5/69+1/26),1,165,47,0,4,1.0
2021-08-30,3,15,45,51,61,8,2.0,G: 2015-present (5/69+1/26),5,175,58,0,5,0.0
2021-09-01,10,20,29,48,51,17,2.0,G: 2015-present (5/69+1/26),2,158,41,0,5,1.0
2021-09-04,32,35,40,52,54,1,5.0,G: 2015-present (5/69+1/26),1,213,22,0,2,0.0
2021-09-06,11,20,22,33,54,24,2.0,G: 2015-present (5/69+1/26),2,140,43,0,4,1.0
2021-09-08,9,22,41,47,61,21,2.0,G: 2015-present (5/69+1/26),4,180,52,0,4,1.0
2021-09-11,20,31,38,40,49,21,2.0,G: 2015-present (5/69+1/26),2,178,29,0,3,0.0
2021-09-13,37,40,50,61,63,21,3.0,G: 2015-present (5/69+1/26),3,251,26,0,3,1.0
2021-09-15,1,4,18,46,62,25,3.0,G: 2015-present (5/69+1/26),1,131,61,0,4,0.0
2021-09-18,5,36,39,45,57,11,2.0,G: 2015-present (5/69+1/26),4,182,52,0,4,0.0
2021-09-20,37,51,54,58,60,19,2.0,G: 2015-present (5/69+1/26),2,260,23,0,2,0.0
2021-09-22,20,40,47,55,63,5,3.0,G: 2015-present (5/69+1/26),3,225,43,0,5,0.0
2021-09-25,22,23,37,62,63,19,3.0,G: 2015-present (5/69+1/26),3,207,41,2,3,1.0
2021-09-27,21,22,39,44,60,12,2.0,G: 2015-present (5/69+1/26),2,186,39,1,4,1.0
2021-09-29,2,7,11,17,32,11,3.0,G: 2015-present (5/69+1/26),3,69,30,0,3,0.0
2021-10-02,28,38,42,47,52,1,2.0,G: 2015-present (5/69+1/26),1,207,24,0,4,0.0
2021-10-04,12,22,54,66,69,15,2.0,G: 2015-present (5/69+1/26),1,223,57,0,4,0.0
2021-10-06,1,17,52,58,64,1,10.0,G: 2015-present (5/69+1/26),2,192,63,0,4,0.0
2021-10-09,12,17,30,45,62,5,2.0,G: 2015-present (5/69+1/26),2,166,50,0,4,1.0
2021-10-11,11,20,33,39,65,24,3.0,G: 2015-present (5/69+1/26),4,168,54,0,3,0.0
2021-10-13,23,29,47,59,60,15,2.0,G: 2015-present (5/69+1/26),4,218,37,1,3,0.0
2021-10-16,30,31,41,42,48,3,3.0,G: 2015-present (5/69+1/26),2,192,18,2,3,0.0
2021-10-18,30,32,48,53,63,12,2.0,G: 2015-present (5/69+1/26),2,226,33,0,5,2.0
2021-10-20,7,29,36,41,43,5,2.0,G: 2015-present (5/69+1/26),4,156,36,0,4,0.0
2021-10-23,10,30,51,57,63,20,2.0,G: 2015-present (5/69+1/26),3,211,53,0,4,0.0
2021-10-25,10,27,29,44,58,24,2.0,G: 2015-present (5/69+1/26),2,168,48,0,4,1.0
2021-10-27,3,6,26,35,51,17,4.0,G: 2015-present (5/69+1/26),3,121,48,0,4,0.0
2021-10-30,5,23,28,43,56,19,2.0,G: 2015-present (5/69+1/26),3,155,51,0,4,0.0
2021-11-01,9,25,34,44,45,8,3.0,G: 2015-present (5/69+1/26),3,157,36,1,4,0.0
2021-11-03,1,2,24,50,57,26,2.0,G: 2015-present (5/69+1/26),2,134,56,1,4,0.0
2021-11-06,8,30,48,57,64,9,2.0,G: 2015-present (5/69+1/26),1,207,56,0,5,1.0
2021-11-08,21,46,47,57,62,8,3.0,G: 2015-present (5/69+1/26),3,233,41,1,4,1.0
2021-11-10,19,25,43,46,48,14,2.0,G: 2015-present (5/69+1/26),3,181,29,0,3,1.0
2021-11-13,8,15,26,35,45,9,3.0,G: 2015-present (5/69+1/26),3,129,37,0,5,0.0
2021-11-15,5,31,34,51,53,23,2.0,G: 2015-present (5/69+1/26),4,174,48,0,3,0.0
2021-11-17,3,16,48,52,60,1,3.0,G: 2015-present (5/69+1/26),1,179,57,0,4,0.0
2021-11-20,40,43,48,59,69,19,3.0,G: 2015-present (5/69+1/26),3,259,29,0,4,1.0
2021-11-22,7,20,29,38,67,22,2.0,G: 2015-present (5/69+1/26),3,161,60,0,5,0.0
2021-11-24,10,16,32,63,65,17,2.0,G: 2015-present (5/69+1/26),2,186,55,0,4,0.0
2021-11-27,8,32,55,64,66,10,2.0,G: 2015-present (5/69+1/26),1,225,58,0,4,1.0
2021-11-29,18,26,28,38,47,17,2.0,G: 2015-present (5/69+1/26),1,157,29,0,4,0.0
2021-12-01,12,15,38,57,63,24,2.0,G: 2015-present (5/69+1/26),3,185,51,0,4,1.0
2021-12-04,10,40,45,56,67,2,2.0,G: 2015-present (5/69+1/26),2,218,57,0,5,0.0
2021-12-06,3,21,38,50,59,6,3.0,G: 2015-present (5/69+1/26),3,171,56,0,5,0.0
2021-12-08,3,7,33,50,69,24,2.0,G: 2015-present (5/69+1/26),4,162,66,0,4,2.0
2021-12-11,3,25,44,53,64,10,2.0,G: 2015-present (5/69+1/26),3,189,61,0,5,1.0
2021-12-13,10,30,37,53,59,4,2.0,G: 2015-present (5/69+1/26),3,189,49,0,4,1.0
2021-12-15,19,20,40,42,59,15,3.0,G: 2015-present (5/69+1/26),2,180,40,1,4,1.0
2021-12-18,2,6,24,51,61,1,2.0,G: 2015-present (5/69+1/26),2,144,59,0,4,0.0
2021-12-20,2,13,23,34,66,2,4.0,G: 2015-present (5/69+1/26),2,138,64,0,5,1.0
2021-12-22,7,16,19,48,68,15,2.0,G: 2015-present (5/69+1/26),2,158,61,0,4,0.0
2021-12-25,27,29,45,55,58,2,3.0,G: 2015-present (5/69+1/26),4,214,31,0,3,0.0
2021-12-27,36,38,45,62,64,19,2.0,G: 2015-present (5/69+1/26),1,245,28,0,3,1.0
2021-12-29,2,6,9,33,39,11,2.0,G: 2015-present (5/69+1/26),3,89,37,0,2,0.0
2022-01-01,6,12,39,48,50,7,2.0,G: 2015-present (5/69+1/26),1,155,44,0,4,2.0
2022-01-03,2,13,32,33,48,22,2.0,G: 2015-present (5/69+1/26),2,128,46,1,4,1.0
2022-01-05,6,14,25,33,46,17,2.0,G: 2015-present (5/69+1/26),2,124,40,0,5,1.0
2022-01-08,20,21,36,60,65,13,10.0,G: 2015-present (5/69+1/26),2,202,45,1,5,0.0
2022-01-10,14,17,18,21,27,9,2.0,G: 2015-present (5/69+1/26),3,97,13,1,2,1.0
2022-01-12,12,21,22,30,33,24,4.0,G: 2015-present (5/69+1/26),2,118,21,1,3,1.0
2022-01-15,3,18,37,51,59,13,2.0,G: 2015-present (5/69+1/26),4,168,56,0,4,0.0
2022-01-17,9,24,35,46,65,22,2.0,G: 2015-present (5/69+1/26),3,179,56,0,5,0.0
2022-01-19,11,15,43,55,61,10,3.0,G: 2015-present (5/69+1/26),5,185,50,0,4,0.0
2022-01-22,8,14,33,36,67,17,2.0,G: 2015-present (5/69+1/26),2,158,59,0,4,0.0
2022-01-24,11,29,30,47,53,16,3.0,G: 2015-present (5/69+1/26),4,170,42,1,4,0.0
2022-01-26,4,11,38,49,69,16,3.0,G: 2015-present (5/69+1/26),3,171,65,0,5,1.0
2022-01-29,2,15,38,54,65,11,4.0,G: 2015-present (5/69+1/26),2,174,63,0,5,1.0
2022-01-31,10,15,51,61,69,14,3.0,G: 2015-present (5/69+1/26),4,206,59,0,4,1.0
2022-02-02,18,29,33,62,63,15,3.0,G: 2015-present (5/69+1/26),3,205,45,1,4,0.0
2022-02-05,5,16,27,39,61,24,2.0,G: 2015-present (5/69+1/26),4,148,56,0,5,0.0
2022-02-07,5,15,38,47,65,10,3.0,G: 2015-present (5/69+1/26),4,170,60,0,5,1.0
2022-02-09,2,17,33,51,63,26,2.0,G: 2015-present (5/69+1/26),4,166,61,0,5,0.0
2022-02-12,8,10,21,41,62,7,3.0,G: 2015-present (5/69+1/26),2,142,54,0,4,0.0
2022-02-14,16,25,27,49,55,17,3.0,G: 2015-present (5/69+1/26),4,172,39,0,4,0.0
2022-02-16,22,30,40,42,48,16,2.0,G: 2015-present (5/69+1/26),0,182,26,0,3,0.0
2022-02-19,3,10,15,33,42,11,2.0,G: 2015-present (5/69+1/26),3,103,39,0,4,1.0
2022-02-21,2,36,37,45,69,3,2.0,G: 2015-present (5/69+1/26),3,189,67,1,4,0.0
2022-02-23,6,17,21,35,64,18,2.0,G: 2015-present (5/69+1/26),3,143,58,0,5,0.0
2022-02-26,15,32,36,48,64,19,3.0,G: 2015-present (5/69+1/26),1,195,49,0,4,1.0
2022-02-28,7,21,39,47,55,19,2.0,G: 2015-present (5/69+1/26),5,169,48,0,5,0.0
2022-03-02,19,37,48,61,63,12,2.0,G: 2015-present (5/69+1/26),4,228,44,0,4,0.0
2022-03-05,8,23,37,52,63,13,2.0,G: 2015-present (5/69+1/26),3,183,55,0,5,2.0
2022-03-07,10,43,55,59,67,2,3.0,G: 2015-present (5/69+1/26),4,234,57,0,4,0.0
2022-03-09,13,22,34,51,67,10,2.0,G: 2015-present (5/69+1/26),3,187,54,0,5,1.0
2022-03-12,19,20,37,39,61,8,2.0,G: 2015-present (5/69+1/26),4,176,42,1,3,0.0
2022-03-14,21,28,32,44,49,6,3.0,G: 2015-present (5/69+1/26),2,174,28,0,3,0.0
2022-03-16,3,28,34,35,58,17,2.0,G: 2015-present (5/69+1/26),2,158,55,1,4,1.0
2022-03-19,8,9,18,48,52,6,2.0,G: 2015-present (5/69+1/26),1,135,44,1,4,0.0
2022-03-21,1,15,26,63,65,16,2.0,G: 2015-present (5/69+1/26),4,170,64,0,4,0.0
2022-03-23,31,32,37,38,48,24,2.0,G: 2015-present (5/69+1/26),2,186,17,2,2,0.0
2022-03-26,2,10,50,59,61,6,3.0,G: 2015-present (5/69+1/26),2,182,59,0,4,0.0
2022-03-28,11,18,39,58,62,3,2.0,G: 2015-present (5/69+1/26),2,188,51,0,4,0.0
2022-03-30,3,7,21,31,37,11,3.0,G: 2015-present (5/69+1/26),5,99,34,0,3,0.0
2022-04-02,6,28,47,58,59,18,2.0,G: 2015-present (5/69+1/26),2,198,53,1,4,0.0
2022-04-04,2,32,39,46,69,6,2.0,G: 2015-present (5/69+1/26),2,188,67,0,4,0.0
2022-04-06,6,42,45,47,64,18,3.0,G: 2015-present (5/69+1/26),2,204,58,0,3,0.0
2022-04-09,6,16,31,62,66,18,2.0,G: 2015-present (5/69+1/26),1,181,60,0,4,1.0
2022-04-11,5,7,24,31,34,4,2.0,G: 2015-present (5/69+1/26),3,101,29,0,3,1.0
2022-04-13,14,16,41,63,68,26,2.0,G: 2015-present (5/69+1/26),2,202,54,0,3,0.0
2022-04-16,15,21,32,62,65,26,5.0,G: 2015-present (5/69+1/26),3,195,50,0,4,0.0
2022-04-18,8,33,55,59,62,18,2.0,G: 2015-present (5/69+1/26),3,217,54,0,4,1.0
2022-04-20,20,30,45,55,56,14,2.0,G: 2015-present (5/69+1/26),2,206,36,1,4,1.0
2022-04-23,10,39,47,49,56,8,3.0,G: 2015-present (5/69+1/26),3,201,46,0,4,1.0
2022-04-25,12,18,20,39,61,10,2.0,G: 2015-present (5/69+1/26),2,150,49,0,3,1.0
2022-04-27,11,36,61,62,68,4,2.0,G: 2015-present (5/69+1/26),2,238,57,1,3,1.0
2022-04-30,14,21,37,44,63,1,3.0,G: 2015-present (5/69+1/26),3,179,49,0,5,0.0
2022-05-02,18,27,33,39,44,8,5.0,G: 2015-present (5/69+1/26),3,161,26,0,4,1.0
2022-05-04,37,39,55,63,69,23,2.0,G: 2015-present (5/69+1/26),5,263,32,0,3,1.0
2022-05-07,4,5,6,28,67,10,2.0,G: 2015-present (5/69+1/26),2,110,63,2,3,0.0
2022-05-09,18,30,35,52,56,5,2.0,G: 2015-present (5/69+1/26),1,191,38,0,4,0.0
2022-05-11,5,7,61,63,69,18,2.0,G: 2015-present (5/69+1/26),5,205,64,0,2,0.0
2022-05-14,6,40,41,45,52,9,3.0,G: 2015-present (5/69+1/26),2,184,46,1,4,0.0
2022-05-16,7,15,22,36,64,13,2.0,G: 2015-present (5/69+1/26),2,144,57,0,5,0.0
2022-05-18,40,41,58,64,65,17,3.0,G: 2015-present (5/69+1/26),2,268,25,2,4,1.0
2022-05-21,14,15,25,52,58,11,2.0,G: 2015-present (5/69+1/26),2,164,44,1,3,1.0
2022-05-23,1,33,37,39,42,26,2.0,G: 2015-present (5/69+1/26),4,152,41,0,3,0.0
2022-05-25,19,28,39,42,57,17,3.0,G: 2015-present (5/69+1/26),3,185,38,0,5,2.0
2022-05-28,2,39,50,61,66,15,2.0,G: 2015-present (5/69+1/26),2,218,64,0,4,1.0
2022-05-30,27,28,51,68,69,22,2.0,G: 2015-present (5/69+1/26),3,243,42,2,3,0.0
2022-06-01,11,41,56,57,63,2,2.0,G: 2015-present (5/69+1/26),4,228,52,1,4,0.0
2022-06-04,14,16,36,52,60,16,3.0,G: 2015-present (5/69+1/26),0,178,46,0,3,0.0
2022-06-06,2,10,35,44,46,4,2.0,G: 2015-present (5/69+1/26),1,137,44,0,3,0.0
2022-06-08,22,39,43,62,64,7,4.0,G: 2015-present (5/69+1/26),2,230,42,0,4,0.0
2022-06-11,18,20,26,53,69,5,2.0,G: 2015-present (5/69+1/26),2,186,51,0,4,0.0
2022-06-13,2,27,42,44,51,25,2.0,G: 2015-present (5/69+1/26),2,166,49,0,4,0.0
2022-06-15,19,28,41,42,51,7,2.0,G: 2015-present (5/69+1/26),3,181,32,1,4,2.0
2022-06-18,10,19,40,45,58,25,2.0,G: 2015-present (5/69+1/26),2,172,48,0,5,1.0
2022-06-20,3,44,61,63,69,13,2.0,G: 2015-present (5/69+1/26),4,240,66,0,3,0.0
2022-06-22,6,10,31,48,56,12,3.0,G: 2015-present (5/69+1/26),1,151,50,0,4,0.0
2022-06-25,6,12,20,27,32,4,3.0,G: 2015-present (5/69+1/26),1,97,26,0,4,1.0
2022-06-27,11,13,18,30,37,16,3.0,G: 2015-present (5/69+1/26),3,109,26,0,3,0.0
2022-06-29,8,40,49,58,63,14,3.0,G: 2015-present (5/69+1/26),2,218,55,0,5,0.0
2022-07-02,9,10,37,59,62,26,3.0,G: 2015-present (5/69+1/26),3,177,53,1,4,0.0
2022-07-04,15,16,24,31,56,4,2.0,G: 2015-present (5/69+1/26),2,142,41,1,4,0.0
2022-07-06,32,36,49,62,69,13,2.0,G: 2015-present (5/69+1/26),2,248,37,0,3,0.0
2022-07-09,14,22,42,46,52,24,3.0,G: 2015-present (5/69+1/26),0,176,38,0,4,0.0
2022-07-11,4,26,34,37,52,9,2.0,G: 2015-present (5/69+1/26),1,153,48,0,4,1.0
2022-07-13,22,23,36,47,63,2,2.0,G: 2015-present (5/69+1/26),3,191,41,1,4,0.0
2022-07-16,3,18,23,32,57,21,2.0,G: 2015-present (5/69+1/26),3,133,54,0,5,1.0
2022-07-18,14,34,36,50,58,5,3.0,G: 2015-present (5/69+1/26),0,192,44,0,4,0.0
2022-07-20,10,20,23,49,65,22,3.0,G: 2015-present (5/69+1/26),3,167,55,0,5,0.0
2022-07-23,39,41,54,59,62,12,3.0,G: 2015-present (5/69+1/26),3,255,23,0,4,0.0
2022-07-25,25,37,38,39,65,5,2.0,G: 2015-present (5/69+1/26),4,204,40,2,3,1.0
2022-07-27,1,25,44,55,57,26,2.0,G: 2015-present (5/69+1/26),4,182,56,0,4,1.0
2022-07-30,4,17,57,58,68,12,3.0,G: 2015-present (5/69+1/26),2,204,64,1,4,1.0
2022-08-01,15,21,31,36,65,16,3.0,G: 2015-present (5/69+1/26),4,168,50,0,4,0.0
2022-08-03,9,21,56,57,66,11,2.0,G: 2015-present (5/69+1/26),3,209,57,1,4,1.0
2022-08-06,8,15,46,56,68,3,2.0,G: 2015-present (5/69+1/26),1,193,60,0,5,1.0
2022-08-08,32,45,51,57,58,12,2.0,G: 2015-present (5/69+1/26),3,243,26,1,3,0.0
2022-08-10,29,44,59,61,68,19,2.0,G: 2015-present (5/69+1/26),3,261,39,0,4,0.0
2022-08-13,19,24,35,43,62,2,10.0,G: 2015-present (5/69+1/26),3,183,43,0,5,0.0
2022-08-15,20,24,47,50,63,5,2.0,G: 2015-present (5/69+1/26),2,204,43,0,4,1.0
2022-08-17,23,28,41,50,55,24,2.0,G: 2015-present (5/69+1/26),3,197,32,0,3,1.0
2022-08-20,5,9,11,16,66,7,2.0,G: 2015-present (5/69+1/26),3,107,61,0,3,0.0
2022-08-22,12,27,34,55,67,9,2.0,G: 2015-present (5/69+1/26),3,195,55,0,5,0.0
2022-08-24,6,24,35,37,44,22,4.0,G: 2015-present (5/69+1/26),2,146,38,0,4,0.0
2022-08-27,2,18,56,60,65,14,3.0,G: 2015-present (5/69+1/26),1,201,63,0,4,0.0
2022-08-29,13,36,43,61,69,18,3.0,G: 2015-present (5/69+1/26),4,222,56,0,4,0.0
2022-08-31,7,8,19,24,28,1,2.0,G: 2015-present (5/69+1/26),2,86,21,1,3,0.0
2022-09-03,18,27,49,65,69,9,2.0,G: 2015-present (5/69+1/26),4,228,51,0,4,0.0
2022-09-05,4,7,32,55,64,25,2.0,G: 2015-present (5/69+1/26),2,162,60,0,4,0.0
2022-09-07,3,16,30,33,36,20,3.0,G: 2015-present (5/69+1/26),2,118,33,0,4,0.0
2022-09-10,38,42,56,68,69,4,2.0,G: 2015-present (5/69+1/26),1,273,31,1,4,0.0
2022-09-12,6,14,16,34,66,25,3.0,G: 2015-present (5/69+1/26),0,136,60,0,4,0.0
2022-09-14,9,10,20,22,52,25,3.0,G: 2015-present (5/69+1/26),1,113,43,1,4,0.0
2022-09-17,5,25,36,51,61,1,3.0,G: 2015-present (5/69+1/26),4,178,56,0,5,0.0
2022-09-19,7,15,36,46,67,7,2.0,G: 2015-present (5/69+1/26),3,171,60,0,5,1.0
2022-09-21,6,33,34,45,54,7,2.0,G: 2015-present (5/69+1/26),2,172,48,1,4,0.0
2022-09-24,3,9,21,24,29,14,2.0,G: 2015-present (5/69+1/26),4,86,26,0,2,0.0
2022-09-26,13,20,31,33,59,20,3.0,G: 2015-present (5/69+1/26),4,156,46,0,3,0.0
2022-09-28,6,10,24,33,67,11,3.0,G: 2015-present (5/69+1/26),2,140,61,0,4,1.0
2022-10-01,8,21,22,65,69,26,2.0,G: 2015-present (5/69+1/26),3,185,61,1,3,0.0
2022-10-03,2,16,22,55,63,22,4.0,G: 2015-present (5/69+1/26),2,158,61,0,5,1.0
2022-10-05,26,30,33,37,62,6,2.0,G: 2015-present (5/69+1/26),2,188,36,0,3,0.0
2022-10-08,13,43,53,60,68,5,2.0,G: 2015-present (5/69+1/26),3,237,55,0,4,0.0
2022-10-10,3,6,11,17,22,11,2.0,G: 2015-present (5/69+1/26),3,59,19,0,3,0.0
2022-10-12,14,30,41,42,59,6,5.0,G: 2015-present (5/69+1/26),2,186,45,1,4,0.0
2022-10-15,32,37,40,58,62,15,5.0,G: 2015-present (5/69+1/26),1,229,30,0,3,0.0
2022-10-17,19,30,36,46,60,25,3.0,G: 2015-present (5/69+1/26),1,191,41,0,5,0.0
2022-10-19,6,8,15,27,42,10,3.0,G: 2015-present (5/69+1/26),2,98,36,0,4,0.0
2022-10-22,19,25,48,55,60,18,2.0,G: 2015-present (5/69+1/26),3,207,41,0,4,0.0
2022-10-24,18,23,35,45,54,16,4.0,G: 2015-present (5/69+1/26),3,175,36,0,5,0.0
2022-10-26,19,36,37,46,56,24,2.0,G: 2015-present (5/69+1/26),2,194,37,1,4,0.0
2022-10-29,19,31,40,46,57,23,3.0,G: 2015-present (5/69+1/26),3,193,38,0,4,2.0
2022-10-31,13,19,36,39,59,13,3.0,G: 2015-present (5/69+1/26),4,166,46,0,3,1.0
2022-11-02,2,11,22,35,60,23,2.0,G: 2015-present (5/69+1/26),2,130,58,0,5,0.0
2022-11-05,28,45,53,56,69,20,3.0,G: 2015-present (5/69+1/26),3,251,41,0,4,0.0
2022-11-07,10,33,41,47,56,10,2.0,G: 2015-present (5/69+1/26),3,187,46,0,4,1.0
2022-11-09,7,14,24,30,56,7,2.0,G: 2015-present (5/69+1/26),1,131,49,0,4,1.0
2022-11-12,16,20,44,57,58,6,4.0,G: 2015-present (5/69+1/26),1,195,42,1,3,0.0
2022-11-14,19,35,53,54,67,21,2.0,G: 2015-present (5/69+1/26),4,228,48,1,4,0.0
2022-11-16,28,34,51,53,56,11,2.0,G: 2015-present (5/69+1/26),2,222,28,0,3,1.0
2022-11-19,7,28,62,63,64,10,3.0,G: 2015-present (5/69+1/26),2,224,57,2,3,1.0
2022-11-21,1,6,40,51,67,2,2.0,G: 2015-present (5/69+1/26),3,165,66,0,4,0.0
2022-11-23,1,2,31,39,66,25,2.0,G: 2015-present (5/69+1/26),3,139,65,1,3,1.0
2022-11-26,15,30,47,50,51,3,10.0,G: 2015-present (5/69+1/26),3,193,36,1,4,0.0
2022-11-28,29,30,32,48,50,20,2.0,G: 2015-present (5/69+1/26),1,189,21,1,3,2.0
2022-11-30,4,19,24,47,66,10,2.0,G: 2015-present (5/69+1/26),2,160,62,0,5,0.0
2022-12-03,6,13,33,36,37,7,4.0,G: 2015-present (5/69+1/26),3,125,31,1,3,0.0
2022-12-05,35,45,47,54,55,14,2.0,G: 2015-present (5/69+1/26),4,236,20,1,3,0.0
2022-12-07,6,28,44,59,61,21,2.0,G: 2015-present (5/69+1/26),2,198,55,0,5,0.0
2022-12-10,9,23,47,49,68,19,2.0,G: 2015-present (5/69+1/26),4,196,59,0,4,0.0
2022-12-12,16,31,50,55,61,9,4.0,G: 2015-present (5/69+1/26),3,213,45,0,5,0.0
2022-12-14,36,51,59,66,68,25,10.0,G: 2015-present (5/69+1/26),2,280,32,0,3,0.0
2022-12-17,33,56,64,66,68,12,2.0,G: 2015-present (5/69+1/26),1,287,35,0,3,2.0
2022-12-19,7,37,55,65,67,12,5.0,G: 2015-present (5/69+1/26),5,231,60,0,4,0.0
2022-12-21,12,15,24,34,59,14,2.0,G: 2015-present (5/69+1/26),2,144,47,0,4,0.0
2022-12-24,17,37,46,54,67,8,3.0,G: 2015-present (5/69+1/26),3,221,50,0,5,0.0
2022-12-26,17,41,47,60,61,17,3.0,G: 2015-present (5/69+1/26),4,226,44,1,4,1.0
2022-12-28,26,32,38,45,56,1,2.0,G: 2015-present (5/69+1/26),1,197,30,0,4,0.0
2022-12-31,18,37,44,50,64,11,3.0,G: 2015-present (5/69+1/26),1,213,46,0,4,0.0
2023-01-02,7,9,12,31,62,22,2.0,G: 2015-present (5/69+1/26),3,121,55,0,4,0.0
2023-01-04,12,32,56,67,68,26,3.0,G: 2015-present (5/69+1/26),1,235,56,1,4,1.0
2023-01-07,35,36,44,45,67,14,3.0,G: 2015-present (5/69+1/26),3,227,32,2,3,1.0
2023-01-09,18,43,48,60,69,14,3.0,G: 2015-present (5/69+1/26),2,238,51,0,4,0.0
2023-01-11,4,8,46,47,48,5,3.0,G: 2015-present (5/69+1/26),1,153,44,2,2,1.0
2023-01-14,24,26,39,47,57,23,2.0,G: 2015-present (5/69+1/26),3,193,33,0,4,1.0
2023-01-16,4,14,33,39,61,3,3.0,G: 2015-present (5/69+1/26),3,151,57,0,4,1.0
2023-01-18,6,15,22,42,47,26,3.0,G: 2015-present (5/69+1/26),2,132,41,0,4,0.0
2023-01-21,5,14,19,46,64,22,4.0,G: 2015-present (5/69+1/26),2,148,59,0,4,0.0
2023-01-23,12,31,47,58,60,23,3.0,G: 2015-present (5/69+1/26),2,208,48,0,4,0.0
2023-01-25,9,17,20,38,40,18,2.0,G: 2015-present (5/69+1/26),2,124,31,0,3,0.0
2023-01-28,2,18,23,27,47,15,4.0,G: 2015-present (5/69+1/26),3,117,45,0,4,0.0
2023-01-30,1,4,12,36,49,5,2.0,G: 2015-present (5/69+1/26),2,102,48,0,4,0.0
2023-02-01,31,43,58,59,66,9,2.0,G: 2015-present (5/69+1/26),3,257,35,1,4,0.0
2023-02-04,2,8,15,19,58,10,2.0,G: 2015-present (5/69+1/26),2,102,56,0,3,1.0
2023-02-06,5,11,22,23,69,7,2.0,G: 2015-present (5/69+1/26),4,130,64,1,4,0.0
2023-02-08,52,58,59,64,66,9,2.0,G: 2015-present (5/69+1/26),1,299,14,1,2,0.0
2023-02-11,10,23,30,54,65,11,4.0,G: 2015-present (5/69+1/26),2,182,55,0,4,0.0
2023-02-13,17,26,37,61,65,2,2.0,G: 2015-present (5/69+1/26),4,206,48,0,4,1.0
2023-02-15,31,32,54,60,63,12,4.0,G: 2015-present (5/69+1/26),2,240,32,1,3,0.0
2023-02-18,8,21,31,32,37,23,4.0,G: 2015-present (5/69+1/26),3,129,29,1,3,2.0
2023-02-20,3,17,26,38,54,15,3.0,G: 2015-present (5/69+1/26),2,138,51,0,5,0.0
2023-02-22,11,19,39,44,65,7,2.0,G: 2015-present (5/69+1/26),4,178,54,0,4,0.0
2023-02-25,11,24,58,66,67,26,3.0,G: 2015-present (5/69+1/26),2,226,56,1,4,1.0
2023-02-27,16,28,49,51,55,23,2.0,G: 2015-present (5/69+1/26),3,199,39,0,4,0.0
2023-03-01,2,9,28,36,53,4,2.0,G: 2015-present (5/69+1/26),2,128,51,0,4,1.0
2023-03-04,10,16,18,40,66,16,3.0,G: 2015-present (5/69+1/26),0,150,56,0,4,0.0
2023-03-06,2,13,29,58,69,4,3.0,G: 2015-present (5/69+1/26),3,171,67,0,5,0.0
2023-03-08,26,27,43,61,69,4,3.0,G: 2015-present (5/69+1/26),4,226,43,1,3,1.0
2023-03-11,11,20,33,43,58,24,2.0,G: 2015-present (5/69+1/26),3,165,47,0,4,1.0
2023-03-13,3,10,24,46,63,4,2.0,G: 2015-present (5/69+1/26),2,146,60,0,4,0.0
2023-03-15,16,18,33,37,50,8,2.0,G: 2015-present (5/69+1/26),2,154,34,0,3,0.0
2023-03-18,14,20,30,54,69,11,2.0,G: 2015-present (5/69+1/26),1,187,55,0,4,0.0
2023-03-20,1,27,32,47,67,14,2.0,G: 2015-present (5/69+1/26),4,174,66,0,5,0.0
2023-03-22,27,28,37,50,57,5,2.0,G: 2015-present (5/69+1/26),3,199,30,1,4,1.0
2023-03-25,15,17,18,47,57,19,2.0,G: 2015-present (5/69+1/26),4,154,42,1,3,1.0
2023-03-27,19,26,36,43,58,14,3.0,G: 2015-present (5/69+1/26),2,182,39,0,5,0.0
2023-03-29,4,9,24,46,66,7,3.0,G: 2015-present (5/69+1/26),1,149,62,0,4,0.0
2023-04-01,11,19,21,29,52,17,4.0,G: 2015-present (5/69+1/26),4,132,41,0,3,0.0
2023-04-03,16,30,31,54,68,1,2.0,G: 2015-present (5/69+1/26),1,199,52,1,5,0.0
2023-04-05,3,5,9,42,52,11,2.0,G: 2015-present (5/69+1/26),3,111,49,0,3,0.0
2023-04-08,11,22,24,51,60,18,3.0,G: 2015-present (5/69+1/26),2,168,49,0,3,0.0
2023-04-10,9,10,36,46,52,14,2.0,G: 2015-present (5/69+1/26),1,153,43,1,4,0.0
2023-04-12,9,36,41,44,59,4,2.0,G: 2015-present (5/69+1/26),3,189,50,0,4,2.0
2023-04-15,1,33,34,56,59,18,3.0,G: 2015-present (5/69+1/26),3,183,58,1,3,1.0
2023-04-17,23,25,35,63,64,25,3.0,G: 2015-present (5/69+1/26),4,210,41,1,3,0.0
2023-04-19,4,11,21,38,64,11,3.0,G: 2015-present (5/69+1/26),2,138,60,0,5,1.0
2023-04-22,17,36,47,63,68,25,2.0,G: 2015-present (5/69+1/26),3,231,51,0,4,0.0
2023-04-24,19,21,55,66,68,3,2.0,G: 2015-present (5/69+1/26),3,229,49,0,4,1.0
2023-04-26,2,15,30,35,49,6,2.0,G: 2015-present (5/69+1/26),3,131,47,0,5,0.0
2023-04-29,16,53,54,57,65,8,2.0,G: 2015-present (5/69+1/26),3,245,49,1,3,0.0
2023-05-01,3,38,55,61,66,1,3.0,G: 2015-present (5/69+1/26),3,223,63,0,4,0.0
2023-05-03,21,26,30,45,47,23,3.0,G: 2015-present (5/69+1/26),3,169,26,0,2,0.0
2023-05-06,31,39,47,51,53,6,2.0,G: 2015-present (5/69+1/26),5,221,22,0,3,1.0
2023-05-08,15,20,33,36,43,12,2.0,G: 2015-present (5/69+1/26),3,147,28,0,3,0.0
2023-05-10,21,24,33,55,69,3,10.0,G: 2015-present (5/69+1/26),4,202,48,0,4,1.0
2023-05-13,3,15,20,23,46,11,2.0,G: 2015-present (5/69+1/26),3,107,43,0,4,0.0
2023-05-15,1,26,28,55,58,25,2.0,G: 2015-present (5/69+1/26),2,168,57,0,3,0.0
2023-05-17,18,34,37,45,51,14,2.0,G: 2015-present (5/69+1/26),3,185,33,0,4,0.0
2023-05-20,17,23,32,38,63,23,2.0,G: 2015-present (5/69+1/26),3,173,46,0,4,0.0
2023-05-22,9,38,48,52,68,25,4.0,G: 2015-present (5/69+1/26),1,215,59,0,5,1.0
2023-05-24,12,21,44,50,58,26,3.0,G: 2015-present (5/69+1/26),1,185,46,0,4,0.0
2023-05-27,24,38,39,48,56,4,2.0,G: 2015-present (5/69+1/26),1,205,32,1,4,0.0
2023-05-29,21,33,35,62,64,24,2.0,G: 2015-present (5/69+1/26),3,215,43,0,3,0.0
2023-05-31,2,4,54,61,62,14,3.0,G: 2015-present (5/69+1/26),1,183,60,1,3,1.0
2023-06-03,15,45,64,67,68,18,2.0,G: 2015-present (5/69+1/26),3,259,53,1,3,0.0
2023-06-05,2,31,45,46,49,20,2.0,G: 2015-present (5/69+1/26),3,173,47,1,3,1.0
2023-06-07,16,21,29,53,66,2,5.0,G: 2015-present (5/69+1/26),3,185,50,0,4,0.0
2023-06-10,21,32,42,46,50,4,3.0,G: 2015-present (5/69+1/26),1,191,29,0,3,1.0
2023-06-12,2,3,16,23,68,7,2.0,G: 2015-present (5/69+1/26),2,112,66,1,4,0.0
2023-06-14,3,20,36,42,64,4,2.0,G: 2015-present (5/69+1/26),1,165,61,0,5,1.0
2023-06-17,2,12,45,61,64,26,2.0,G: 2015-present (5/69+1/26),2,184,62,0,4,1.0
2023-06-19,36,39,52,57,69,1,3.0,G: 2015-present (5/69+1/26),3,253,33,0,3,0.0
2023-06-21,5,11,33,35,63,14,2.0,G: 2015-present (5/69+1/26),5,147,58,0,4,0.0
2023-06-24,2,38,44,50,62,19,3.0,G: 2015-present (5/69+1/26),0,196,60,0,4,0.0
2023-06-26,6,28,39,43,54,12,4.0,G: 2015-present (5/69+1/26),2,170,48,0,5,0.0
2023-06-28,19,25,34,57,68,4,5.0,G: 2015-present (5/69+1/26),3,203,49,0,5,0.0
2023-07-01,4,17,35,49,61,8,2.0,G: 2015-present (5/69+1/26),4,166,57,0,5,0.0
2023-07-03,15,26,31,38,61,3,3.0,G: 2015-present (5/69+1/26),3,171,46,0,4,1.0
2023-07-05,17,24,48,62,68,23,2.0,G: 2015-present (5/69+1/26),1,219,51,0,4,0.0
2023-07-08,7,23,24,32,43,18,2.0,G: 2015-present (5/69+1/26),3,129,36,1,4,1.0
2023-07-10,2,24,34,53,58,13,2.0,G: 2015-present (5/69+1/26),1,171,56,0,4,1.0
2023-07-12,23,35,45,66,67,20,3.0,G: 2015-present (5/69+1/26),4,236,44,1,4,0.0
2023-07-15,2,9,43,55,57,18,2.0,G: 2015-present (5/69+1/26),4,166,55,0,3,0.0
2023-07-17,5,8,9,17,41,21,4.0,G: 2015-present (5/69+1/26),4,80,36,1,3,1.0
2023-07-19,7,10,11,13,24,24,2.0,G: 2015-present (5/69+1/26),3,65,17,1,3,0.0
2023-07-22,25,27,36,37,63,7,2.0,G: 2015-present (5/69+1/26),4,188,38,1,3,0.0
2023-07-24,3,4,12,28,49,25,2.0,G: 2015-present (5/69+1/26),2,96,46,1,4,0.0
2023-07-26,3,16,40,48,60,14,2.0,G: 2015-present (5/69+1/26),1,167,57,0,5,1.0
2023-07-29,10,25,27,34,38,2,3.0,G: 2015-present (5/69+1/26),2,134,28,0,3,0.0
2023-07-31,2,11,48,58,65,13,2.0,G: 2015-present (5/69+1/26),2,184,63,0,5,0.0
2023-08-02,23,24,33,51,64,5,2.0,G: 2015-present (5/69+1/26),3,195,41,1,4,0.0
2023-08-05,18,42,44,62,65,23,2.0,G: 2015-present (5/69+1/26),1,231,47,0,3,0.0
2023-08-07,6,13,20,35,54,22,2.0,G: 2015-present (5/69+1/26),2,128,48,0,4,0.0
2023-08-09,10,15,21,67,69,3,2.0,G: 2015-present (5/69+1/26),4,182,59,0,4,0.0
2023-08-12,19,21,37,50,65,26,2.0,G: 2015-present (5/69+1/26),4,192,46,0,5,1.0
2023-08-14,32,34,37,39,47,3,2.0,G: 2015-present (5/69+1/26),3,189,15,0,2,1.0
2023-08-16,9,11,17,19,55,1,2.0,G: 2015-present (5/69+1/26),5,111,46,0,3,0.0
2023-08-19,1,25,27,38,62,13,2.0,G: 2015-present (5/69+1/26),3,153,61,0,4,0.0
2023-08-21,3,4,12,22,28,16,2.0,G: 2015-present (5/69+1/26),1,69,25,1,3,0.0
2023-08-23,25,30,32,33,55,20,2.0,G: 2015-present (5/69+1/26),3,175,30,1,3,0.0
2023-08-26,20,22,26,28,63,5,3.0,G: 2015-present (5/69+1/26),1,159,43,0,3,0.0
2023-08-28,4,6,25,55,68,26,2.0,G: 2015-present (5/69+1/26),2,158,64,0,4,0.0
2023-08-30,4,13,35,61,69,4,2.0,G: 2015-present (5/69+1/26),4,182,65,0,4,1.0
2023-09-02,25,38,42,66,67,19,4.0,G: 2015-present (5/69+1/26),2,238,42,1,4,0.0
2023-09-04,1,26,32,46,51,13,3.0,G: 2015-present (5/69+1/26),2,156,50,0,5,0.0
2023-09-06,9,14,20,23,63,1,3.0,G: 2015-present (5/69+1/26),3,129,54,0,4,0.0
2023-09-09,11,19,29,63,68,25,2.0,G: 2015-present (5/69+1/26),4,190,57,0,3,1.0
2023-09-11,9,25,27,53,66,5,2.0,G: 2015-present (5/69+1/26),4,180,57,0,4,0.0
2023-09-13,22,30,37,44,45,18,3.0,G: 2015-present (5/69+1/26),2,178,23,1,3,0.0
2023-09-16,8,11,19,24,46,5,2.0,G: 2015-present (5/69+1/26),2,108,38,0,4,0.0
2023-09-18,2,21,26,40,42,9,3.0,G: 2015-present (5/69+1/26),1,131,40,0,4,0.0
2023-09-20,16,27,59,62,63,23,3.0,G: 2015-present (5/69+1/26),3,227,47,1,4,0.0
2023-09-23,1,12,20,33,66,21,2.0,G: 2015-present (5/69+1/26),2,132,65,0,4,0.0
2023-09-25,10,12,22,36,50,4,2.0,G: 2015-present (5/69+1/26),0,130,40,0,5,1.0
2023-09-27,1,7,46,47,63,7,3.0,G: 2015-present (5/69+1/26),4,164,62,1,3,0.0
2023-09-30,19,30,37,44,46,22,2.0,G: 2015-present (5/69+1/26),2,176,27,0,4,1.0
2023-10-02,12,26,27,43,47,5,2.0,G: 2015-present (5/69+1/26),3,155,35,1,3,0.0
2023-10-04,9,35,54,63,64,1,2.0,G: 2015-present (5/69+1/26),3,225,55,1,4,0.0
2023-10-07,47,54,57,60,65,19,3.0,G: 2015-present (5/69+1/26),3,283,18,0,3,1.0
2023-10-09,16,34,46,55,67,14,3.0,G: 2015-present (5/69+1/26),2,218,51,0,5,0.0
2023-10-11,22,24,40,52,64,10,2.0,G: 2015-present (5/69+1/26),0,202,42,0,4,0.0
2023-10-14,14,16,42,48,64,14,2.0,G: 2015-present (5/69+1/26),0,184,50,0,3,1.0
2023-10-16,2,27,31,44,64,18,3.0,G: 2015-present (5/69+1/26),2,168,62,0,5,1.0
2023-10-18,1,4,13,35,58,24,2.0,G: 2015-present (5/69+1/26),3,111,57,0,4,0.0
2023-10-21,6,15,24,67,68,11,2.0,G: 2015-present (5/69+1/26),2,180,62,1,4,0.0
2023-10-23,18,21,25,46,64,21,5.0,G: 2015-present (5/69+1/26),2,174,46,0,4,0.0
2023-10-25,25,27,41,53,68,2,2.0,G: 2015-present (5/69+1/26),4,214,43,0,4,1.0
2023-10-28,14,24,50,59,64,2,2.0,G: 2015-present (5/69+1/26),1,211,50,0,5,0.0
2023-10-30,19,22,34,66,69,5,3.0,G: 2015-present (5/69+1/26),2,210,50,0,4,0.0
2023-11-01,22,26,39,47,63,12,3.0,G: 2015-present (5/69+1/26),3,197,41,0,4,1.0
2023-11-04,1,28,30,34,52,6,2.0,G: 2015-present (5/69+1/26),1,145,51,0,4,0.0
2023-11-06,12,25,40,59,61,26,2.0,G: 2015-present (5/69+1/26),3,197,49,0,5,0.0
2023-11-08,14,21,33,39,62,20,2.0,G: 2015-present (5/69+1/26),3,169,48,0,4,0.0
2023-11-11,1,12,14,24,57,7,4.0,G: 2015-present (5/69+1/26),2,108,56,0,4,1.0
2023-11-13,24,33,35,37,42,21,2.0,G: 2015-present (5/69+1/26),3,171,18,0,3,1.0
2023-11-15,3,4,51,53,60,6,3.0,G: 2015-present (5/69+1/26),3,171,57,1,2,0.0
2023-11-18,34,50,51,61,67,20,2.0,G: 2015-present (5/69+1/26),3,263,33,1,4,1.0
2023-11-20,19,26,30,39,63,13,2.0,G: 2015-present (5/69+1/26),3,177,44,0,4,0.0
2023-11-22,20,24,33,39,42,21,2.0,G: 2015-present (5/69+1/26),2,158,22,0,4,1.0
2023-11-25,27,33,63,66,68,9,2.0,G: 2015-present (5/69+1/26),3,257,41,0,3,1.0
2023-11-27,2,21,38,61,66,12,2.0,G: 2015-present (5/69+1/26),2,188,64,0,4,1.0
2023-11-29,6,47,50,61,68,4,2.0,G: 2015-present (5/69+1/26),2,232,62,0,3,1.0
2023-12-02,28,35,41,47,60,3,2.0,G: 2015-present (5/69+1/26),3,211,32,0,4,1.0
2023-12-04,18,19,27,28,45,9,3.0,G: 2015-present (5/69+1/26),3,137,27,2,3,1.0
2023-12-06,2,12,37,56,65,21,3.0,G: 2015-present (5/69+1/26),2,172,63,0,5,0.0
2023-12-09,5,25,26,40,60,1,2.0,G: 2015-present (5/69+1/26),2,156,55,1,4,0.0
2023-12-11,1,24,27,31,62,20,3.0,G: 2015-present (5/69+1/26),3,145,61,0,4,0.0
2023-12-13,3,8,41,56,64,18,2.0,G: 2015-present (5/69+1/26),2,172,61,0,4,0.0
2023-12-16,3,9,10,20,62,25,3.0,G: 2015-present (5/69+1/26),2,104,59,1,3,1.0
2023-12-18,5,8,19,34,39,26,3.0,G: 2015-present (5/69+1/26),3,105,34,0,3,0.0
2023-12-20,27,35,41,56,60,16,2.0,G: 2015-present (5/69+1/26),3,219,33,0,4,0.0
2023-12-23,9,14,17,18,53,6,3.0,G: 2015-present (5/69+1/26),3,111,44,1,3,0.0
2023-12-25,5,12,20,24,29,4,2.0,G: 2015-present (5/69+1/26),2,90,24,0,3,0.0
2023-12-27,4,11,38,51,68,5,3.0,G: 2015-present (5/69+1/26),2,172,64,0,5,0.0
2023-12-30,10,11,26,27,34,7,4.0,G: 2015-present (5/69+1/26),2,108,24,2,4,1.0
2024-01-01,12,21,42,44,49,1,3.0,G: 2015-present (5/69+1/26),2,168,37,0,3,0.0
2024-01-03,30,31,38,48,68,8,10.0,G: 2015-present (5/69+1/26),1,215,38,1,4,0.0
2024-01-06,4,31,34,38,61,13,2.0,G: 2015-present (5/69+1/26),2,168,57,0,3,2.0
2024-01-08,7,17,28,40,45,2,3.0,G: 2015-present (5/69+1/26),3,137,38,0,5,0.0
2024-01-10,25,40,43,48,50,11,2.0,G: 2015-present (5/69+1/26),2,206,25,0,3,1.0
2024-01-13,13,31,33,51,58,15,2.0,G: 2015-present (5/69+1/26),4,186,45,0,3,0.0
2024-01-15,13,30,35,49,59,4,3.0,G: 2015-present (5/69+1/26),4,186,46,0,5,1.0
2024-01-17,18,22,43,61,65,2,4.0,G: 2015-present (5/69+1/26),3,209,47,0,4,0.0
2024-01-20,16,31,34,47,65,10,3.0,G: 2015-present (5/69+1/26),3,193,49,0,4,1.0
2024-01-22,24,25,43,52,63,21,2.0,G: 2015-present (5/69+1/26),3,207,39,1,4,0.0
2024-01-24,1,5,32,50,64,8,4.0,G: 2015-present (5/69+1/26),2,152,63,0,4,0.0
2024-01-27,7,38,65,66,68,21,2.0,G: 2015-present (5/69+1/26),2,244,61,1,3,0.0
2024-01-29,39,41,43,49,64,4,2.0,G: 2015-present (5/69+1/26),4,236,25,0,3,0.0
2024-01-31,15,18,19,41,43,14,2.0,G: 2015-present (5/69+1/26),4,136,28,1,2,2.0
2024-02-03,9,11,27,59,66,19,3.0,G: 2015-present (5/69+1/26),4,172,57,0,5,0.0
2024-02-05,1,2,27,30,67,9,5.0,G: 2015-present (5/69+1/26),3,127,66,1,3,1.0
2024-02-07,12,21,62,67,69,17,3.0,G: 2015-present (5/69+1/26),3,231,57,0,3,1.0
2024-02-10,27,28,34,37,44,8,2.0,G: 2015-present (5/69+1/26),2,170,17,1,3,0.0
2024-02-12,17,36,43,53,67,14,2.0,G: 2015-present (5/69+1/26),4,216,50,0,5,0.0
2024-02-14,1,4,45,47,67,18,2.0,G: 2015-present (5/69+1/26),4,164,66,0,3,1.0
2024-02-17,6,28,59,62,69,21,3.0,G: 2015-present (5/69+1/26),2,224,63,0,4,0.0
2024-02-19,4,23,45,50,53,17,3.0,G: 2015-present (5/69+1/26),3,175,49,0,4,0.0
2024-02-21,4,27,33,41,42,14,2.0,G: 2015-present (5/69+1/26),3,147,38,1,4,1.0
2024-02-24,3,8,40,53,58,3,3.0,G: 2015-present (5/69+1/26),2,162,55,0,3,0.0
2024-02-26,24,29,42,51,54,16,3.0,G: 2015-present (5/69+1/26),2,200,30,0,3,0.0
2024-02-28,16,26,29,38,50,6,2.0,G: 2015-present (5/69+1/26),1,159,34,0,4,1.0
2024-03-02,3,18,27,36,53,12,2.0,G: 2015-present (5/69+1/26),3,137,50,0,5,0.0
2024-03-04,36,42,50,52,67,26,2.0,G: 2015-present (5/69+1/26),1,247,31,0,4,1.0
2024-03-06,6,19,28,44,60,10,2.0,G: 2015-present (5/69+1/26),1,157,54,0,5,0.0
2024-03-09,30,36,49,52,63,16,5.0,G: 2015-present (5/69+1/26),2,230,33,0,5,0.0
2024-03-11,1,3,7,16,66,5,5.0,G: 2015-present (5/69+1/26),3,93,65,0,3,0.0
2024-03-13,21,29,54,59,62,4,2.0,G: 2015-present (5/69+1/26),3,225,41,0,3,0.0
2024-03-16,12,23,44,57,61,5,2.0,G: 2015-present (5/69+1/26),3,197,49,0,5,0.0
2024-03-18,10,17,20,39,44,16,3.0,G: 2015-present (5/69+1/26),2,130,34,0,4,1.0
2024-03-20,13,22,27,54,66,9,2.0,G: 2015-present (5/69+1/26),2,182,53,0,4,0.0
2024-03-23,6,23,25,34,51,3,2.0,G: 2015-present (5/69+1/26),3,139,45,0,4,0.0
2024-03-25,7,11,19,53,68,23,2.0,G: 2015-present (5/69+1/26),4,158,61,0,4,0.0
2024-03-27,37,46,57,60,66,8,2.0,G: 2015-present (5/69+1/26),2,266,29,0,4,0.0
2024-03-30,12,13,33,50,52,23,3.0,G: 2015-present (5/69+1/26),2,160,40,1,4,0.0
2024-04-01,19,24,40,42,56,23,2.0,G: 2015-present (5/69+1/26),1,181,37,0,5,0.0
2024-04-03,11,38,41,62,65,15,3.0,G: 2015-present (5/69+1/26),3,217,54,0,4,0.0
2024-04-06,22,27,44,52,69,9,3.0,G: 2015-present (5/69+1/26),2,214,47,0,4,0.0
2024-04-08,6,21,23,39,54,23,2.0,G: 2015-present (5/69+1/26),3,143,48,0,4,0.0
2024-04-10,6,7,12,24,36,15,2.0,G: 2015-present (5/69+1/26),1,85,30,1,4,1.0
2024-04-13,7,33,40,43,69,10,5.0,G: 2015-present (5/69+1/26),4,192,62,0,4,1.0
2024-04-15,7,16,41,56,61,23,3.0,G: 2015-present (5/69+1/26),3,181,54,0,5,1.0
2024-04-17,24,29,44,47,54,2,2.0,G: 2015-present (5/69+1/26),2,198,30,0,3,0.0
2024-04-20,4,35,41,44,58,25,3.0,G: 2015-present (5/69+1/26),2,182,54,0,4,1.0
2024-04-22,12,16,33,39,52,1,2.0,G: 2015-present (5/69+1/26),2,152,40,0,3,0.0
2024-04-24,2,20,22,26,47,21,4.0,G: 2015-present (5/69+1/26),1,117,45,0,4,0.0
2024-04-27,9,30,53,55,62,23,3.0,G: 2015-present (5/69+1/26),3,209,53,0,4,0.0
2024-04-29,11,38,47,67,69,14,2.0,G: 2015-present (5/69+1/26),4,232,58,0,4,0.0
2024-05-01,1,11,19,21,68,15,2.0,G: 2015-present (5/69+1/26),4,120,67,0,4,1.0
2024-05-04,14,20,23,53,69,4,2.0,G: 2015-present (5/69+1/26),3,179,55,0,4,0.0
2024-05-06,7,23,24,56,60,25,2.0,G: 2015-present (5/69+1/26),2,170,53,1,3,1.0
2024-05-08,7,41,43,44,51,5,2.0,G: 2015-present (5/69+1/26),4,186,44,1,3,1.0
2024-05-11,3,6,39,49,67,21,2.0,G: 2015-present (5/69+1/26),4,164,64,0,4,0.0
2024-05-13,5,14,29,38,66,1,2.0,G: 2015-present (5/69+1/26),2,152,61,0,5,0.0
2024-05-15,19,42,45,55,69,6,2.0,G: 2015-present (5/69+1/26),4,230,50,0,4,0.0
2024-05-18,19,36,37,42,59,19,2.0,G: 2015-present (5/69+1/26),3,193,40,1,4,2.0
2024-05-20,1,7,48,64,68,5,2.0,G: 2015-present (5/69+1/26),2,188,67,0,3,0.0
2024-05-22,5,16,18,26,67,4,3.0,G: 2015-present (5/69+1/26),2,132,62,0,4,0.0
2024-05-25,6,33,35,36,64,24,3.0,G: 2015-present (5/69+1/26),2,174,58,1,3,0.0
2024-05-27,9,30,39,49,59,21,5.0,G: 2015-present (5/69+1/26),4,186,50,0,5,0.0
2024-05-29,17,34,56,60,61,9,2.0,G: 2015-present (5/69+1/26),2,228,44,1,4,0.0
2024-06-01,28,38,52,54,68,8,2.0,G: 2015-present (5/69+1/26),0,240,40,0,4,0.0
2024-06-03,19,29,35,36,45,16,2.0,G: 2015-present (5/69+1/26),4,164,26,1,4,0.0
2024-06-05,8,44,45,51,69,12,3.0,G: 2015-present (5/69+1/26),3,217,61,1,4,1.0
2024-06-08,8,38,52,54,64,15,3.0,G: 2015-present (5/69+1/26),0,216,56,0,4,1.0
2024-06-10,3,10,33,58,59,9,2.0,G: 2015-present (5/69+1/26),3,163,56,1,3,0.0
2024-06-12,19,30,31,61,62,21,2.0,G: 2015-present (5/69+1/26),3,203,43,2,4,0.0
2024-06-15,4,36,48,54,56,2,3.0,G: 2015-present (5/69+1/26),0,198,52,0,4,0.0
2024-06-17,30,48,53,58,66,9,2.0,G: 2015-present (5/69+1/26),1,255,36,0,4,1.0
2024-06-19,4,27,44,50,64,7,3.0,G: 2015-present (5/69+1/26),1,189,60,0,4,0.0
2024-06-22,4,5,15,32,62,21,2.0,G: 2015-present (5/69+1/26),2,118,58,1,4,1.0
2024-06-24,5,6,36,53,69,8,2.0,G: 2015-present (5/69+1/26),3,169,64,1,4,1.0
2024-06-26,4,9,36,47,56,7,5.0,G: 2015-present (5/69+1/26),2,152,52,0,4,1.0
2024-06-29,26,51,54,61,69,25,3.0,G: 2015-present (5/69+1/26),3,261,43,0,3,0.0
2024-07-01,5,9,32,39,55,9,2.0,G: 2015-present (5/69+1/26),4,140,50,0,3,0.0
2024-07-03,2,26,33,55,57,22,2.0,G: 2015-present (5/69+1/26),3,173,55,0,4,1.0
2024-07-06,5,32,35,39,49,21,2.0,G: 2015-present (5/69+1/26),4,160,44,0,3,0.0
2024-07-08,20,22,31,33,45,1,3.0,G: 2015-present (5/69+1/26),3,151,25,0,4,0.0
2024-07-10,7,11,12,27,46,26,3.0,G: 2015-present (5/69+1/26),3,103,39,1,4,0.0
2024-07-13,9,55,59,66,69,21,2.0,G: 2015-present (5/69+1/26),4,258,60,0,3,0.0
2024-07-15,9,31,39,40,45,23,3.0,G: 2015-present (5/69+1/26),4,164,36,1,3,1.0
2024-07-17,24,27,32,47,66,26,2.0,G: 2015-present (5/69+1/26),2,196,42,0,4,0.0
2024-07-20,18,25,31,40,57,4,3.0,G: 2015-present (5/69+1/26),3,171,39,0,4,0.0
2024-07-22,31,36,56,58,69,20,2.0,G: 2015-present (5/69+1/26),2,250,38,0,3,1.0
2024-07-24,16,42,59,63,68,13,2.0,G: 2015-present (5/69+1/26),2,248,52,0,4,0.0
2024-07-27,3,31,37,40,64,17,3.0,G: 2015-present (5/69+1/26),3,175,61,0,3,0.0
2024-07-29,11,27,30,33,44,16,3.0,G: 2015-present (5/69+1/26),3,145,33,0,4,0.0
2024-07-31,23,34,37,50,58,7,2.0,G: 2015-present (5/69+1/26),2,202,35,0,4,0.0
2024-08-03,13,33,40,60,61,20,3.0,G: 2015-present (5/69+1/26),3,207,48,1,4,0.0
2024-08-05,29,42,44,51,54,12,2.0,G: 2015-present (5/69+1/26),2,220,25,0,3,0.0
2024-08-07,6,19,35,47,57,9,3.0,G: 2015-present (5/69+1/26),4,164,51,0,5,0.0
2024-08-10,9,24,33,64,69,9,2.0,G: 2015-present (5/69+1/26),3,199,60,0,4,0.0
2024-08-12,9,22,57,67,68,14,3.0,G: 2015-present (5/69+1/26),3,223,59,1,4,1.0
2024-08-14,8,9,23,29,62,13,2.0,G: 2015-present (5/69+1/26),3,131,54,1,3,1.0
2024-08-17,12,31,43,45,46,22,5.0,G: 2015-present (5/69+1/26),3,177,34,1,3,0.0
2024-08-19,1,2,15,23,28,10,2.0,G: 2015-present (5/69+1/26),3,69,27,1,3,0.0
2024-08-21,27,31,33,38,67,3,2.0,G: 2015-present (5/69+1/26),4,196,40,0,3,0.0
2024-08-24,5,15,21,24,43,17,3.0,G: 2015-present (5/69+1/26),4,108,38,0,4,0.0
2024-08-26,2,4,23,68,69,15,3.0,G: 2015-present (5/69+1/26),2,166,67,1,3,0.0
2024-08-28,5,33,47,50,64,20,2.0,G: 2015-present (5/69+1/26),3,199,59,0,4,0.0
2024-08-31,4,34,35,38,69,19,2.0,G: 2015-present (5/69+1/26),2,180,65,1,3,0.0
2024-09-02,8,42,46,48,53,22,3.0,G: 2015-present (5/69+1/26),1,197,45,0,3,0.0
2024-09-04,7,10,21,33,59,20,3.0,G: 2015-present (5/69+1/26),4,130,52,0,4,0.0
2024-09-07,14,34,37,55,63,20,2.0,G: 2015-present (5/69+1/26),3,203,49,0,4,0.0
2024-09-09,1,16,21,47,60,5,3.0,G: 2015-present (5/69+1/26),3,145,59,0,5,0.0
2024-09-11,10,12,55,65,67,3,3.0,G: 2015-present (5/69+1/26),3,209,57,0,4,0.0
2024-09-14,29,34,38,48,56,16,2.0,G: 2015-present (5/69+1/26),1,205,27,0,4,0.0
2024-09-16,8,9,11,27,31,17,5.0,G: 2015-present (5/69+1/26),4,86,23,1,4,0.0
2024-09-18,1,11,22,47,68,7,4.0,G: 2015-present (5/69+1/26),3,149,67,0,5,1.0
2024-09-21,17,19,21,37,45,14,2.0,G: 2015-present (5/69+1/26),5,139,28,0,4,0.0
2024-09-23,15,21,25,37,45,19,3.0,G: 2015-present (5/69+1/26),5,143,30,0,4,3.0
2024-09-25,2,26,45,46,52,21,2.0,G: 2015-present (5/69+1/26),1,171,50,1,4,1.0
2024-09-28,3,11,13,24,39,22,3.0,G: 2015-present (5/69+1/26),4,90,36,0,4,0.0
2024-09-30,9,11,30,43,69,20,2.0,G: 2015-present (5/69+1/26),4,162,60,0,5,1.0
2024-10-02,1,2,21,37,43,21,3.0,G: 2015-present (5/69+1/26),4,104,42,1,4,1.0
2024-10-05,2,12,46,52,65,3,2.0,G: 2015-present (5/69+1/26),1,177,63,0,5,1.0
2024-10-07,18,30,31,52,63,22,2.0,G: 2015-present (5/69+1/26),2,194,45,1,5,1.0
2024-10-09,25,32,43,53,66,10,3.0,G: 2015-present (5/69+1/26),3,219,41,0,5,0.0
2024-10-12,5,14,20,41,57,6,3.0,G: 2015-present (5/69+1/26),3,137,52,0,4,0.0
2024-10-14,14,18,33,64,67,14,2.0,G: 2015-present (5/69+1/26),2,196,53,0,3,1.0
2024-10-16,4,30,39,44,60,11,2.0,G: 2015-present (5/69+1/26),1,177,56,0,5,0.0
2024-10-19,7,16,19,45,64,25,3.0,G: 2015-present (5/69+1/26),3,151,57,0,4,0.0
2024-10-21,1,25,57,62,64,15,2.0,G: 2015-present (5/69+1/26),3,209,63,0,4,1.0
2024-10-23,2,15,27,29,39,20,2.0,G: 2015-present (5/69+1/26),4,112,37,0,4,0.0
2024-10-26,8,12,40,45,51,15,2.0,G: 2015-present (5/69+1/26),2,156,43,0,5,0.0
2024-10-28,21,27,32,48,67,17,2.0,G: 2015-present (5/69+1/26),3,195,46,0,4,0.0
2024-10-30,13,22,29,43,58,22,3.0,G: 2015-present (5/69+1/26),3,165,45,0,4,0.0
2024-11-02,10,45,48,58,61,2,3.0,G: 2015-present (5/69+1/26),2,222,51,0,4,1.0
2024-11-04,6,18,33,48,53,21,10.0,G: 2015-present (5/69+1/26),2,158,47,0,5,1.0
2024-11-06,12,17,37,58,62,4,2.0,G: 2015-present (5/69+1/26),2,186,50,0,4,0.0
2024-11-09,11,24,50,56,66,16,2.0,G: 2015-present (5/69+1/26),1,207,55,0,5,0.0
2024-11-11,3,21,24,34,46,9,3.0,G: 2015-present (5/69+1/26),2,128,43,0,4,1.0
2024-11-13,9,20,26,43,58,9,2.0,G: 2015-present (5/69+1/26),2,156,49,0,5,0.0
2024-11-16,21,22,25,32,38,16,5.0,G: 2015-present (5/69+1/26),2,138,17,1,2,0.0
2024-11-18,27,31,41,52,69,26,3.0,G: 2015-present (5/69+1/26),4,220,42,0,5,0.0
2024-11-20,16,30,60,62,64,25,3.0,G: 2015-present (5/69+1/26),0,232,48,0,4,0.0
2024-11-23,12,13,34,44,67,8,3.0,G: 2015-present (5/69+1/26),2,170,55,1,4,0.0
2024-11-25,5,35,45,60,63,12,2.0,G: 2015-present (5/69+1/26),4,208,58,0,5,0.0
2024-11-27,1,6,7,13,40,5,5.0,G: 2015-present (5/69+1/26),3,67,39,1,3,0.0
2024-11-30,4,24,29,39,63,25,4.0,G: 2015-present (5/69+1/26),3,159,59,0,4,0.0
2024-12-02,3,9,26,61,67,13,2.0,G: 2015-present (5/69+1/26),4,166,64,0,3,0.0
2024-12-04,1,23,25,28,61,13,2.0,G: 2015-present (5/69+1/26),4,138,60,0,3,1.0
2024-12-07,1,31,43,55,57,22,2.0,G: 2015-present (5/69+1/26),5,187,56,0,4,1.0
2024-12-09,35,37,40,45,51,24,2.0,G: 2015-present (5/69+1/26),4,208,16,0,3,0.0
2024-12-11,13,44,50,52,54,20,2.0,G: 2015-present (5/69+1/26),1,213,41,0,3,0.0
2024-12-14,12,17,23,52,67,1,2.0,G: 2015-present (5/69+1/26),3,171,55,0,4,1.0
2024-12-16,9,30,33,57,61,17,2.0,G: 2015-present (5/69+1/26),4,190,52,0,5,0.0
2024-12-18,6,15,18,33,49,7,2.0,G: 2015-present (5/69+1/26),3,121,43,0,4,1.0
2024-12-21,1,12,17,21,58,1,3.0,G: 2015-present (5/69+1/26),3,109,57,0,4,0.0
2024-12-23,22,42,44,57,64,18,2.0,G: 2015-present (5/69+1/26),1,229,42,0,4,0.0
2024-12-25,15,26,27,30,35,3,3.0,G: 2015-present (5/69+1/26),3,133,20,1,3,0.0
2024-12-28,6,31,51,54,55,12,2.0,G: 2015-present (5/69+1/26),3,197,49,1,3,0.0
2024-12-30,9,19,33,38,39,1,3.0,G: 2015-present (5/69+1/26),4,138,30,1,3,0.0
2025-01-01,6,12,28,35,66,26,3.0,G: 2015-present (5/69+1/26),1,147,60,0,5,0.0
2025-01-04,26,32,43,54,56,24,2.0,G: 2015-present (5/69+1/26),1,211,30,0,4,0.0
2025-01-06,17,34,46,66,67,14,2.0,G: 2015-present (5/69+1/26),2,230,50,1,4,0.0
2025-01-08,1,20,36,38,43,24,2.0,G: 2015-present (5/69+1/26),2,138,42,0,4,0.0
2025-01-11,3,6,32,37,65,4,3.0,G: 2015-present (5/69+1/26),3,143,62,0,3,0.0
2025-01-13,4,6,16,39,66,9,2.0,G: 2015-present (5/69+1/26),1,131,62,0,4,1.0
2025-01-15,8,41,52,53,58,7,3.0,G: 2015-present (5/69+1/26),2,212,50,1,3,0.0
2025-01-18,14,31,35,64,69,23,2.0,G: 2015-present (5/69+1/26),3,213,55,0,3,0.0
2025-01-20,15,16,32,47,54,6,3.0,G: 2015-present (5/69+1/26),2,164,39,1,4,0.0
2025-01-22,5,6,27,40,49,5,2.0,G: 2015-present (5/69+1/26),3,127,44,1,4,0.0
2025-01-25,8,15,17,53,66,14,3.0,G: 2015-present (5/69+1/26),3,159,58,0,4,0.0
2025-01-27,2,40,47,53,55,20,2.0,G: 2015-present (5/69+1/26),3,197,53,0,4,1.0
2025-01-29,8,12,31,33,38,18,3.0,G: 2015-present (5/69+1/26),2,122,30,0,3,0.0
2025-02-01,23,29,32,49,61,8,2.0,G: 2015-present (5/69+1/26),4,194,38,0,4,0.0
2025-02-03,12,37,47,54,60,17,3.0,G: 2015-present (5/69+1/26),2,210,48,0,4,0.0
2025-02-05,19,27,30,50,62,14,3.0,G: 2015-present (5/69+1/26),2,188,43,0,4,0.0
2025-02-08,23,44,57,60,62,9,2.0,G: 2015-present (5/69+1/26),2,246,39,0,4,1.0
2025-02-10,2,17,18,29,43,3,3.0,G: 2015-present (5/69+1/26),3,109,41,1,4,0.0
2025-02-12,21,32,36,45,49,18,2.0,G: 2015-present (5/69+1/26),3,183,28,0,3,0.0
2025-02-15,3,16,45,54,56,12,2.0,G: 2015-present (5/69+1/26),2,174,53,0,4,1.0
2025-02-17,4,44,47,52,57,9,4.0,G: 2015-present (5/69+1/26),2,204,53,0,3,0.0
2025-02-19,6,21,28,49,60,20,2.0,G: 2015-present (5/69+1/26),2,164,54,0,4,0.0
2025-02-22,7,18,22,50,65,15,2.0,G: 2015-present (5/69+1/26),2,162,58,0,5,0.0
2025-02-24,10,11,34,59,68,14,3.0,G: 2015-present (5/69+1/26),2,182,58,1,5,0.0
2025-02-26,28,48,55,60,62,20,2.0,G: 2015-present (5/69+1/26),1,253,34,0,4,0.0
2025-03-01,2,23,36,44,49,25,3.0,G: 2015-present (5/69+1/26),2,154,47,0,4,0.0
2025-03-03,18,20,50,52,56,20,2.0,G: 2015-present (5/69+1/26),0,196,38,0,3,0.0
2025-03-05,24,28,40,63,65,20,3.0,G: 2015-present (5/69+1/26),2,220,41,0,3,0.0
2025-03-08,2,4,16,23,63,13,3.0,G: 2015-present (5/69+1/26),2,108,61,0,4,1.0
2025-03-10,17,40,47,50,55,6,2.0,G: 2015-present (5/69+1/26),3,209,38,0,4,0.0
2025-03-12,11,13,28,51,58,1,2.0,G: 2015-present (5/69+1/26),3,161,47,0,3,0.0
2025-03-15,12,28,33,36,54,5,3.0,G: 2015-present (5/69+1/26),1,163,42,0,4,1.0
2025-03-17,11,18,23,38,60,9,2.0,G: 2015-present (5/69+1/26),2,150,49,0,4,0.0
2025-03-19,8,11,21,49,59,15,2.0,G: 2015-present (5/69+1/26),4,148,51,0,5,1.0
2025-03-22,6,7,25,46,57,12,3.0,G: 2015-present (5/69+1/26),3,141,51,1,4,0.0
2025-03-24,6,23,35,36,47,12,2.0,G: 2015-present (5/69+1/26),3,147,41,1,4,1.0
2025-03-26,5,20,29,39,53,6,3.0,G: 2015-present (5/69+1/26),4,146,48,0,5,0.0
2025-03-29,7,11,21,53,61,2,3.0,G: 2015-present (5/69+1/26),5,153,54,0,5,1.0
2025-03-31,12,41,44,52,64,25,2.0,G: 2015-present (5/69+1/26),1,213,52,0,4,0.0
2025-04-02,5,17,41,64,69,1,2.0,G: 2015-present (5/69+1/26),4,196,64,0,4,2.0
2025-04-05,4,23,30,46,62,2,4.0,G: 2015-present (5/69+1/26),1,165,58,0,4,0.0
2025-04-07,20,23,48,59,66,4,2.0,G: 2015-present (5/69+1/26),2,216,46,0,5,1.0
2025-04-09,4,29,37,55,67,10,4.0,G: 2015-present (5/69+1/26),4,192,63,0,5,0.0
2025-04-12,16,22,44,45,53,19,2.0,G: 2015-present (5/69+1/26),2,180,37,1,4,0.0
2025-04-14,3,20,30,52,62,1,3.0,G: 2015-present (5/69+1/26),1,167,59,0,5,0.0
2025-04-16,20,24,42,43,49,19,3.0,G: 2015-present (5/69+1/26),2,178,29,1,3,1.0
2025-04-19,7,25,37,39,63,1,3.0,G: 2015-present (5/69+1/26),5,171,56,0,4,0.0
2025-04-21,4,33,45,46,51,25,3.0,G: 2015-present (5/69+1/26),3,179,47,1,4,0.0
2025-04-23,15,44,63,66,69,20,2.0,G: 2015-present (5/69+1/26),3,257,54,0,3,0.0
2025-04-26,1,12,14,18,69,2,3.0,G: 2015-present (5/69+1/26),2,114,68,0,3,1.0
2025-04-28,26,43,51,56,60,24,4.0,G: 2015-present (5/69+1/26),2,236,34,0,3,0.0
2025-04-30,1,2,3,57,59,9,2.0,G: 2015-present (5/69+1/26),4,122,58,2,2,0.0
2025-05-03,10,21,23,35,65,24,2.0,G: 2015-present (5/69+1/26),4,154,55,0,4,0.0
2025-05-05,16,34,40,45,66,19,2.0,G: 2015-present (5/69+1/26),1,201,50,0,4,0.0
2025-06-25,2,12,37,51,61,22,3.0,G: 2015-present (5/69+1/26),3,163,59,0,5,0.0
2025-06-28,4,35,43,52,62,12,2.0,G: 2015-present (5/69+1/26),2,196,58,0,5,0.0
2025-06-30,13,28,44,52,55,6,4.0,G: 2015-present (5/69+1/26),2,192,42,0,4,1.0
2025-07-02,7,19,21,54,63,21,2.0,G: 2015-present (5/69+1/26),4,164,56,0,5,0.0
2025-07-05,1,28,34,50,58,8,2.0,G: 2015-present (5/69+1/26),1,171,57,0,5,0.0
2025-07-07,33,35,58,61,69,25,5.0,G: 2015-present (5/69+1/26),4,256,36,0,3,1.0
2025-07-09,5,9,25,28,69,5,2.0,G: 2015-present (5/69+1/26),4,136,64,0,3,1.0
2025-07-12,8,16,24,33,54,18,2.0,G: 2015-present (5/69+1/26),1,135,46,0,5,0.0
2025-07-14,8,12,45,46,63,24,2.0,G: 2015-present (5/69+1/26),2,174,55,1,4,1.0
2025-07-16,4,21,43,48,49,22,2.0,G: 2015-present (5/69+1/26),3,165,45,1,3,0.0
2025-07-19,28,48,51,61,69,20,3.0,G: 2015-present (5/69+1/26),3,257,41,0,4,1.0
2025-07-21,8,11,28,33,42,2,2.0,G: 2015-present (5/69+1/26),2,122,34,0,5,1.0
2025-07-23,2,18,19,25,35,25,3.0,G: 2015-present (5/69+1/26),3,99,33,1,4,0.0
2025-07-26,8,31,57,65,67,23,3.0,G: 2015-present (5/69+1/26),4,228,59,0,4,0.0
2025-07-28,7,35,36,43,62,3,3.0,G: 2015-present (5/69+1/26),3,183,55,1,4,0.0
2025-07-30,4,15,35,50,64,8,4.0,G: 2015-present (5/69+1/26),2,168,60,0,5,1.0
2025-08-02,6,18,34,35,36,2,2.0,G: 2015-present (5/69+1/26),1,129,30,2,3,1.0
2025-08-04,8,9,19,31,38,21,2.0,G: 2015-present (5/69+1/26),3,105,30,1,3,0.0
2025-08-06,15,27,43,45,53,9,2.0,G: 2015-present (5/69+1/26),5,183,38,0,4,0.0
2025-08-09,7,14,23,24,60,14,2.0,G: 2015-present (5/69+1/26),2,128,53,1,4,0.0
2025-08-11,6,16,33,40,62,2,2.0,G: 2015-present (5/69+1/26),1,157,56,0,4,0.0
2025-08-13,4,11,40,44,50,4,3.0,G: 2015-present (5/69+1/26),1,149,46,0,4,1.0
2025-08-16,23,40,49,65,69,23,3.0,G: 2015-present (5/69+1/26),4,246,46,0,4,1.0
2025-08-18,15,46,61,63,64,1,3.0,G: 2015-present (5/69+1/26),3,249,49,1,3,0.0
2025-08-20,31,59,62,65,68,5,2.0,G: 2015-present (5/69+1/26),3,285,37,0,3,0.0
2025-08-23,11,14,34,47,51,18,2.0,G: 2015-present (5/69+1/26),3,157,40,0,4,0.0
2025-08-25,16,19,34,37,64,22,3.0,G: 2015-present (5/69+1/26),2,170,48,0,3,1.0
2025-08-27,9,12,22,41,61,25,4.0,G: 2015-present (5/69+1/26),3,145,52,0,5,0.0
2025-08-30,3,18,22,27,33,17,3.0,G: 2015-present (5/69+1/26),3,103,30,0,4,1.0
2025-09-01,8,23,25,40,53,5,3.0,G: 2015-present (5/69+1/26),3,149,45,0,4,0.0
2025-09-03,3,16,29,61,69,22,2.0,G: 2015-present (5/69+1/26),4,178,66,0,4,0.0
2025-09-06,11,23,44,61,62,17,2.0,G: 2015-present (5/69+1/26),3,201,51,1,4,1.0
2025-09-08,26,28,41,53,64,9,3.0,G: 2015-present (5/69+1/26),2,212,38,0,4,0.0
2025-09-10,2,24,45,53,64,5,2.0,G: 2015-present (5/69+1/26),2,188,62,0,5,2.0
2025-09-13,28,37,42,50,53,19,2.0,G: 2015-present (5/69+1/26),2,210,25,0,4,1.0
2025-09-15,14,15,32,42,49,1,2.0,G: 2015-present (5/69+1/26),2,152,35,1,3,1.0
2025-09-17,7,30,50,54,62,20,2.0,G: 2015-present (5/69+1/26),1,203,55,0,5,0.0
2025-09-20,15,29,64,66,67,4,2.0,G: 2015-present (5/69+1/26),3,241,52,1,3,0.0
2025-09-22,3,29,42,46,59,15,3.0,G: 2015-present (5/69+1/26),3,179,56,0,4,1.0
2025-09-24,15,31,45,49,53,19,3.0,G: 2015-present (5/69+1/26),5,193,38,0,4,0.0
2025-09-27,10,16,32,61,66,4,2.0,G: 2015-present (5/69+1/26),1,185,56,0,4,0.0
2025-09-29,1,3,27,60,65,16,5.0,G: 2015-present (5/69+1/26),4,156,64,0,4,0.0
2025-10-01,8,17,22,28,55,14,3.0,G: 2015-present (5/69+1/26),2,130,47,0,4,0.0
2025-10-04,3,7,47,67,68,2,2.0,G: 2015-present (5/69+1/26),4,192,65,1,3,0.0
2025-10-06,28,29,32,66,67,3,2.0,G: 2015-present (5/69+1/26),2,222,39,2,3,1.0
2025-10-08,8,10,44,48,54,14,2.0,G: 2015-present (5/69+1/26),0,164,46,0,3,0.0
2025-10-11,13,16,18,20,27,10,2.0,G: 2015-present (5/69+1/26),2,94,14,0,2,0.0
2025-10-13,13,14,32,52,64,12,2.0,G: 2015-present (5/69+1/26),1,175,51,1,4,1.0
2025-10-15,10,13,28,34,47,15,3.0,G: 2015-present (5/69+1/26),2,132,37,0,5,1.0
2025-10-18,3,11,27,40,58,10,3.0,G: 2015-present (5/69+1/26),3,139,55,0,5,0.0
2025-10-20,32,38,66,67,69,19,2.0,G: 2015-present (5/69+1/26),2,272,37,1,2,0.0
2025-10-22,18,37,52,54,60,12,2.0,G: 2015-present (5/69+1/26),1,221,42,0,3,0.0
2025-10-25,2,12,22,39,67,15,2.0,G: 2015-present (5/69+1/26),2,142,65,0,5,0.0
2025-10-27,17,39,43,51,66,20,2.0,G: 2015-present (5/69+1/26),4,216,49,0,5,1.0
2025-10-29,4,24,49,60,65,1,2.0,G: 2015-present (5/69+1/26),2,202,61,0,5,0.0
2025-11-01,2,26,43,44,62,22,2.0,G: 2015-present (5/69+1/26),1,177,60,1,4,0.0
2025-11-03,3,32,40,43,57,18,2.0,G: 2015-present (5/69+1/26),3,175,54,0,4,1.0
2025-11-05,9,17,29,61,66,26,5.0,G: 2015-present (5/69+1/26),4,182,57,0,4,0.0
2025-11-08,3,53,60,62,68,11,2.0,G: 2015-present (5/69+1/26),2,246,65,0,3,0.0
2025-11-10,6,28,44,48,58,23,2.0,G: 2015-present (5/69+1/26),0,184,52,0,4,0.0
2025-11-12,29,39,43,51,65,23,2.0,G: 2015-present (5/69+1/26),5,227,36,0,5,0.0
2025-11-15,6,7,12,47,53,21,4.0,G: 2015-present (5/69+1/26),3,125,47,1,4,0.0
2025-11-17,7,33,50,57,66,23,5.0,G: 2015-present (5/69+1/26),3,213,59,0,5,1.0
2025-11-19,10,31,49,51,68,19,2.0,G: 2015-present (5/69+1/26),3,209,58,0,5,0.0
2025-11-22,28,32,36,51,69,2,2.0,G: 2015-present (5/69+1/26),2,216,41,0,4,1.0
2025-11-24,8,16,26,30,58,14,2.0,G: 2015-present (5/69+1/26),0,138,50,0,4,0.0
2025-11-26,7,8,15,19,28,3,3.0,G: 2015-present (5/69+1/26),3,77,21,1,3,1.0
2025-11-29,19,22,30,32,59,1,2.0,G: 2015-present (5/69+1/26),2,162,40,0,4,1.0
2025-12-01,5,18,26,47,59,1,3.0,G: 2015-present (5/69+1/26),3,155,54,0,5,1.0
2025-12-03,1,14,20,46,51,26,3.0,G: 2015-present (5/69+1/26),2,132,50,0,4,0.0
2025-12-06,13,14,26,28,44,7,2.0,G: 2015-present (5/69+1/26),1,125,31,1,3,1.0
2025-12-08,8,32,52,56,64,23,2.0,G: 2015-present (5/69+1/26),0,212,56,0,4,0.0
2025-12-10,10,16,29,33,69,22,3.0,G: 2015-present (5/69+1/26),3,157,59,0,5,0.0
2025-12-13,1,28,31,57,58,16,2.0,G: 2015-present (5/69+1/26),3,175,57,1,4,0.0
2025-12-15,23,35,59,63,68,2,4.0,G: 2015-present (5/69+1/26),4,248,45,0,4,0.0
2025-12-17,25,33,53,62,66,17,4.0,G: 2015-present (5/69+1/26),3,239,41,0,4,0.0
2025-12-20,4,5,28,52,69,20,3.0,G: 2015-present (5/69+1/26),2,158,65,1,4,0.0
2025-12-22,3,18,36,41,54,7,2.0,G: 2015-present (5/69+1/26),2,152,51,0,5,0.0
2025-12-24,4,25,31,52,59,19,2.0,G: 2015-present (5/69+1/26),3,171,55,0,4,0.0
2025-12-27,5,20,34,39,62,1,2.0,G: 2015-present (5/69+1/26),2,160,57,0,4,0.0
2025-12-29,11,19,34,48,53,21,2.0,G: 2015-present (5/69+1/26),3,165,42,0,4,1.0
2025-12-31,11,18,21,24,38,26,10.0,G: 2015-present (5/69+1/26),2,112,27,0,3,1.0
2026-01-03,18,21,40,53,60,23,3.0,G: 2015-present (5/69+1/26),2,192,42,0,4,2.0
2026-01-05,4,18,24,51,56,14,2.0,G: 2015-present (5/69+1/26),1,153,52,0,4,1.0
2026-01-07,15,28,57,58,63,23,2.0,G: 2015-present (5/69+1/26),3,221,48,1,4,0.0
2026-01-10,5,19,21,28,64,14,3.0,G: 2015-present (5/69+1/26),3,137,59,0,4,1.0
2026-01-12,5,27,45,56,59,4,2.0,G: 2015-present (5/69+1/26),4,192,54,0,4,1.0
2026-01-14,6,24,39,43,51,2,2.0,G: 2015-present (5/69+1/26),3,163,45,0,5,0.0
2026-01-17,5,8,27,49,57,14,4.0,G: 2015-present (5/69+1/26),4,146,52,0,4,0.0
2026-01-19,5,28,34,37,55,17,3.0,G: 2015-present (5/69+1/26),3,159,50,0,4,1.0
2026-01-21,11,26,27,53,55,12,2.0,G: 2015-present (5/69+1/26),4,172,44,1,3,1.0
2026-01-24,2,16,35,61,63,5,3.0,G: 2015-present (5/69+1/26),3,177,61,0,4,0.0
2026-01-26,21,31,51,60,63,18,2.0,G: 2015-present (5/69+1/26),4,226,42,0,4,1.0
2026-01-28,21,35,40,46,68,11,10.0,G: 2015-present (5/69+1/26),2,210,47,0,4,1.0
2026-01-31,2,8,14,40,63,23,3.0,G: 2015-present (5/69+1/26),1,127,61,0,4,1.0
2026-02-02,3,8,31,60,65,4,2.0,G: 2015-present (5/69+1/26),3,167,62,0,4,1.0
2026-02-04,27,29,30,37,58,15,2.0,G: 2015-present (5/69+1/26),3,181,31,1,3,0.0
2026-02-07,25,36,42,51,58,6,2.0,G: 2015-present (5/69+1/26),2,212,33,0,4,1.0
2026-02-09,6,19,22,28,48,24,5.0,G: 2015-present (5/69+1/26),1,123,42,0,4,0.0
2026-02-11,6,20,33,40,48,5,2.0,G: 2015-present (5/69+1/26),1,147,42,0,4,2.0
2026-02-14,23,43,58,60,64,24,2.0,G: 2015-present (5/69+1/26),2,248,41,0,4,0.0
2026-02-16,16,18,19,56,58,6,3.0,G: 2015-present (5/69+1/26),1,167,42,1,2,1.0
2026-02-18,9,33,52,64,66,1,2.0,G: 2015-present (5/69+1/26),2,224,57,0,4,0.0
2026-02-21,27,28,36,48,49,21,4.0,G: 2015-present (5/69+1/26),2,188,22,2,3,0.0
2026-02-23,5,11,23,29,47,6,2.0,G: 2015-present (5/69+1/26),5,115,42,0,4,0.0
2026-02-25,50,52,54,56,64,23,2.0,G: 2015-present (5/69+1/26),0,276,14,0,3,0.0
2026-02-28,6,20,35,54,65,10,4.0,G: 2015-present (5/69+1/26),2,180,59,0,5,1.0
2026-03-02,2,17,18,38,62,20,2.0,G: 2015-present (5/69+1/26),1,137,60,1,4,0.0
2026-03-04,7,14,42,47,56,6,4.0,G: 2015-present (5/69+1/26),2,166,49,0,4,0.0
2026-03-07,17,18,30,50,68,24,3.0,G: 2015-present (5/69+1/26),1,183,51,1,4,0.0
2026-03-09,22,23,28,36,54,13,3.0,G: 2015-present (5/69+1/26),1,163,32,1,3,0.0
2026-03-11,3,6,55,58,63,12,2.0,G: 2015-present (5/69+1/26),3,185,60,0,3,0.0
2026-03-14,9,30,42,50,52,21,3.0,G: 2015-present (5/69+1/26),1,183,43,0,4,0.0
2026-03-16,7,10,20,47,52,20,2.0,G: 2015-present (5/69+1/26),2,136,45,0,4,1.0
2026-03-18,14,18,19,21,69,1,3.0,G: 2015-present (5/69+1/26),3,141,55,1,3,0.0
2026-03-21,12,28,36,41,59,2,2.0,G: 2015-present (5/69+1/26),2,176,47,0,5,0.0
2026-03-23,12,18,47,56,63,1,10.0,G: 2015-present (5/69+1/26),2,196,51,0,4,1.0
2026-03-25,7,21,55,56,64,26,4.0,G: 2015-present (5/69+1/26),3,203,57,1,4,1.0
2026-03-28,11,42,43,59,61,25,4.0,G: 2015-present (5/69+1/26),4,216,50,1,4,0.0
2026-03-30,7,11,31,41,57,20,2.0,G: 2015-present (5/69+1/26),5,147,50,0,5,1.0
2026-04-01,4,10,11,52,64,24,3.0,G: 2015-present (5/69+1/26),1,141,60,1,4,1.0
2026-04-04,3,6,13,41,65,1,4.0,G: 2015-present (5/69+1/26),4,128,62,0,4,0.0
2026-04-06,7,24,37,42,57,5,2.0,G: 2015-present (5/69+1/26),3,167,50,0,5,0.0
2026-04-08,3,16,17,42,52,3,2.0,G: 2015-present (5/69+1/26),2,130,49,1,4,1.0
2026-04-11,6,47,49,53,60,6,2.0,G: 2015-present (5/69+1/26),3,215,54,0,3,0.0
2026-04-13,38,43,59,63,64,15,3.0,G: 2015-present (5/69+1/26),3,267,26,1,4,0.0
2026-04-15,13,21,27,43,45,26,5.0,G: 2015-present (5/69+1/26),5,149,32,0,3,1.0
2026-04-18,24,25,39,46,61,1,5.0,G: 2015-present (5/69+1/26),3,195,37,1,4,0.0
2026-04-20,9,17,36,47,64,26,3.0,G: 2015-present (5/69+1/26),3,173,55,0,5,0.0
2026-04-22,24,29,32,49,63,11,2.0,G: 2015-present (5/69+1/26),3,197,39,0,4,0.0
2026-04-25,4,30,36,52,57,2,3.0,G: 2015-present (5/69+1/26),1,179,53,0,4,0.0
2026-04-27,18,31,33,36,62,3,3.0,G: 2015-present (5/69+1/26),2,180,44,0,3,1.0
2026-04-29,3,19,35,51,67,15,2.0,G: 2015-present (5/69+1/26),5,175,64,0,5,0.0
2026-05-02,25,37,42,52,65,14,3.0,G: 2015-present (5/69+1/26),3,221,40,0,5,0.0
2026-05-04,30,36,42,60,63,13,2.0,G: 2015-present (5/69+1/26),1,231,33,0,5,1.0
2026-05-06,18,27,51,65,68,5,3.0,G: 2015-present (5/69+1/26),3,229,50,0,4,0.0
2026-05-09,15,41,46,47,56,22,2.0,G: 2015-present (5/69+1/26),3,205,41,1,3,0.0
2026-05-11,24,30,37,56,64,7,3.0,G: 2015-present (5/69+1/26),1,211,40,0,4,1.0
2026-05-13,22,31,52,56,67,15,2.0,G: 2015-present (5/69+1/26),2,228,45,0,4,1.0
2026-05-16,8,37,40,44,65,18,3.0,G: 2015-present (5/69+1/26),2,194,57,0,4,0.0
2026-05-18,4,13,34,61,65,12,2.0,G: 2015-present (5/69+1/26),3,177,61,0,4,1.0
2026-05-20,10,28,30,46,57,25,3.0,G: 2015-present (5/69+1/26),1,171,47,0,4,0.0
2026-05-23,4,16,41,48,66,26,2.0,G: 2015-present (5/69+1/26),1,175,62,0,4,0.0
2026-05-25,17,32,48,60,64,10,2.0,G: 2015-present (5/69+1/26),1,221,47,0,5,1.0
2026-05-27,5,14,21,31,51,13,4.0,G: 2015-present (5/69+1/26),4,122,46,0,5,0.0
2026-05-30,1,27,35,44,52,12,2.0,G: 2015-present (5/69+1/26),3,159,51,0,5,0.0
2026-06-01,2,42,47,57,58,14,3.0,G: 2015-present (5/69+1/26),2,206,56,1,3,0.0
2026-06-03,14,16,38,55,64,12,3.0,G: 2015-present (5/69+1/26),1,187,50,0,4,0.0
2026-06-06,16,32,55,59,64,3,3.0,G: 2015-present (5/69+1/26),2,226,48,0,4,3.0
2026-06-08,3,24,34,43,49,20,3.0,G: 2015-present (5/69+1/26),3,153,46,0,4,0.0
2026-06-10,12,31,38,60,66,14,2.0,G: 2015-present (5/69+1/26),1,207,54,0,4,0.0
2026-06-13,3,13,44,50,53,2,4.0,G: 2015-present (5/69+1/26),3,163,50,0,4,0.0
2026-06-15,25,55,57,60,62,23,2.0,G: 2015-present (5/69+1/26),3,259,37,0,3,0.0
2026-06-17,3,26,49,53,61,12,2.0,G: 2015-present (5/69+1/26),4,192,58,0,5,0.0
2026-06-20,16,20,44,48,50,15,2.0,G: 2015-present (5/69+1/26),0,178,34,0,2,0.0
2026-06-22,17,19,21,45,48,13,2.0,G: 2015-present (5/69+1/26),4,150,31,0,3,1.0
2026-06-24,13,14,16,21,38,14,2.0,G: 2015-present (5/69+1/26),2,102,25,1,3,1.0
2026-06-27,3,16,28,30,59,11,2.0,G: 2015-present (5/69+1/26),2,136,56,0,4,1.0
2026-06-29,10,14,41,53,59,3,2.0,G: 2015-present (5/69+1/26),3,177,49,0,4,1.0
2026-07-01,2,6,26,39,68,6,2.0,G: 2015-present (5/69+1/26),1,141,66,0,4,0.0
2026-07-04,17,38,46,50,69,20,2.0,G: 2015-present (5/69+1/26),2,220,52,0,4,0.0
2026-07-06,17,44,63,66,67,4,2.0,G: 2015-present (5/69+1/26),3,257,50,1,3,1.0
2026-07-08,12,29,37,43,55,18,4.0,G: 2015-present (5/69+1/26),4,176,43,0,5,0.0
2026-07-11,8,10,14,45,59,5,2.0,G: 2015-present (5/69+1/26),2,136,51,0,4,0.0
2026-07-13,5,25,36,40,48,3,2.0,G: 2015-present (5/69+1/26),2,154,43,0,4,0.0
2026-07-15,2,7,18,29,38,16,2.0,G: 2015-present (5/69+1/26),2,94,36,0,4,0.0
2026-07-18,9,14,44,50,56,3,4.0,G: 2015-present (5/69+1/26),1,173,47,0,4,0.0
2026-07-20,2,9,44,53,59,8,2.0,G: 2015-present (5/69+1/26),3,167,57,0,3,2.0
2026-07-22,4,5,22,50,58,1,3.0,G: 2015-present (5/69+1/26),1,139,54,1,4,0.0
2026-07-25,3,4,24,36,47,17,4.0,G: 2015-present (5/69+1/26),2,114,44,1,4,1.0
2026-07-27,6,26,46,58,65,25,2.0,G: 2015-present (5/69+1/26),1,201,59,0,5,0.0
2026-07-29,30,36,40,42,57,2,2.0,G: 2015-present (5/69+1/26),1,205,27,0,4,0.0
2026-08-01,6,17,27,48,50,5,3.0,G: 2015-present (5/69+1/26),2,148,44,0,4,0.0
2026-08-03,8,30,41,48,54,4,2.0,G: 2015-present (5/69+1/26),1,181,46,0,4,1.0
2026-08-05,14,20,59,60,61,25,2.0,G: 2015-present (5/69+1/26),2,214,47,2,3,0.0
2026-08-08,5,9,35,54,63,7,3.0,G: 2015-present (5/69+1/26),4,166,58,0,4,0.0
2026-08-10,6,37,54,55,64,10,3.0,G: 2015-present (5/69+1/26),2,216,58,1,4,1.0
2026-08-12,4,26,66,67,69,9,2.0,G: 2015-present (5/69+1/26),2,232,65,1,3,0.0
2026-08-15,5,8,27,29,63,13,2.0,G: 2015-present (5/69+1/26),4,132,58,0,3,0.0
2026-08-17,8,15,25,49,65,22,4.0,G: 2015-present (5/69+1/26),4,162,57,0,5,1.0
2026-08-19,10,21,58,61,64,17,2.0,G: 2015-present (5/69+1/26),2,214,54,0,4,0.0
2026-08-22,13,31,54,57,65,23,3.0,G: 2015-present (5/69+1/26),4,220,52,0,4,0.0
2026-08-24,3,16,33,38,68,2,2.0,G: 2015-present (5/69+1/26),2,158,65,0,4,0.0
2026-08-26,12,32,45,50,58,2,2.0,G: 2015-present (5/69+1/26),1,197,46,0,4,0.0
2026-08-29,18,56,62,65,67,18,2.0,G: 2015-present (5/69+1/26),2,268,49,0,3,0.0
2026-08-31,11,17,25,37,49,10,2.0,G: 2015-present (5/69+1/26),5,139,38,0,4,0.0
2026-09-02,3,10,29,58,64,14,2.0,G: 2015-present (5/69+1/26),2,164,61,0,4,0.0
